variant,pid,seed,prompt,subset,n_frames,flow_total,flow_global,flow_residual,residual_frac,flow_total_p95,residual_autocorr,zoom_abs,dynamic_degree_score,dynamic_degree,subject_consistency,background_consistency,temporal_flicker,warp_error,sharpness,colorfulness,clip_t,vqascore,vqa_yes,vqa_min_q,warp_error_adj
S-cf,P23,2,"an astronaut riding a horse on the moon, with the Earth visible in the sky",rare,81,1.1715517276898026,1.0406845536082983,0.32695367680862547,0.27907721870388963,2.9869916677474975,0.6103319840391461,0.000998011943477195,2.578307193517685,0.0,0.9744311571121216,0.9881853461265564,0.9779301881790161,0.00822553775506094,1005.7276590272903,44.039424896240234,0.28478366136550903,0.551968514919281,0.6729250351587931,0.5892450213432312,-0.34264479039556583
S-cf,P07,1,A tranquil tableau of a picturesque barn was painted a warm shade of red and nestled in a picturesque meadow,general,81,0.08551137717440724,0.0698446606984362,0.035004264186136426,0.40934734061647343,0.20788861364126202,0.7588268461013237,6.270323003718659e-05,0.17364340852946042,0.0,0.996853768825531,0.99859219789505,0.9943556785583496,0.004044049073127098,859.712831496743,101.37289428710938,0.27135446667671204,0.7418175935745239,0.6681330502033234,0.5534563660621643,-0.6461111209678956
S-cf,P21,3,three children chasing each other around a fountain in a city square,multi,81,0.5520646054297685,0.25452100815600714,0.3680686978623271,0.6667118803313155,1.2224509596824646,0.5511191749590364,0.00027722632096356393,4.756221956014633,0.0,0.9519609808921814,0.9696370959281921,0.9813114404678345,0.012623309635091572,753.015879369268,58.77961349487305,0.3092336356639862,0.6870676279067993,0.6890893578529358,0.6218123435974121,0.28246373070453323
S-cf,P24,2,a panda playing a violin on a stage under spotlights,rare,81,1.6623739130795,0.43322020798223093,1.4619541719555855,0.87943709956941,3.003211450576782,0.05574163749552443,0.0007739935188737946,19.21003155708313,1.0,0.9657014012336731,0.9915885925292969,0.9641566872596741,0.017892805219162256,599.2741240249366,60.534976959228516,0.3255120515823364,0.6409605741500854,0.6758739948272705,0.5942802429199219,0.3150087172405769
S-cf,P05,3,A person is playing guitar,general,81,1.5162683818489313,0.6902473357040435,1.2389695586636662,0.8171170462816264,3.125656354427336,0.279877879340092,0.0009589224848696176,10.694847083091735,0.0,0.9943954348564148,0.9826381802558899,0.9717739224433899,0.01250148854451254,812.340464000222,91.26728057861328,0.22135090827941895,0.7149819731712341,0.6202064752578735,0.6202064752578735,-0.010437258035936203
S-cf,P29,3,a full glass of water tipping over on a table and spilling across the surface,physics,81,1.473317649681121,0.27067027408629657,1.3907550705596805,0.9439608131348163,3.5206127285957334,0.338195916865172,0.0006993149822847045,12.45032957792282,1.0,0.8451701998710632,0.9566543698310852,0.9771254658699036,0.014412638556677848,305.5966654088293,52.36308288574219,0.25298649072647095,0.5444965362548828,0.6634628375371298,0.4842492341995239,0.14190076976615007
S-cf,P24,0,a panda playing a violin on a stage under spotlights,rare,81,0.7487946711480618,0.11076056349556893,0.7121345132589341,0.9510398372991147,1.4291981458663938,0.31131059013111906,0.00032215587104929,9.850741231441498,0.0,0.9842490553855896,0.9965721368789673,0.9793885946273804,0.011990139400586486,496.7250611048601,53.93043518066406,0.32390522956848145,0.6476930379867554,0.674932579199473,0.5950102806091309,0.16106029556803225
S-cf,P08,2,"In a still frame, a stop sign",general,81,0.35944265392608943,0.11917283148504794,0.3425918382126838,0.9531169474566081,2.111846017837524,0.47536237895252986,0.00036038073819781856,3.5815449012443423,0.0,0.969502866268158,0.9474251866340637,0.9867371916770935,0.007928248049574904,466.0388878548567,136.79258728027344,0.18101021647453308,0.6389544010162354,0.5808613300323486,0.5808613300323486,-0.10493581522244089
S-cf,P25,0,a giraffe wearing sunglasses roller-skating down a boardwalk,rare,81,4.43181183040142,2.390534221753478,3.486292339861393,0.7866515291318418,8.388964080810545,-0.004162776613874301,0.012581763385242084,26.191323041915894,1.0,0.9187986254692078,0.970772922039032,0.9385668635368347,0.02455011857673526,553.2217017873097,95.08552551269531,0.3240918219089508,0.7583612203598022,0.7849187850952148,0.7405664920806885,0.21338114134694885
S-cf,P23,3,"an astronaut riding a horse on the moon, with the Earth visible in the sky",rare,81,0.24826119458302856,0.03574472174514085,0.22805117387324572,0.918590018332318,0.45215736925601957,0.3107932417637496,3.4567999716728084e-05,2.9032328009605406,0.0,0.9632720351219177,0.9874303936958313,0.9867951273918152,0.007209263782715425,877.9644929752527,43.3194465637207,0.30129557847976685,0.49173831939697266,0.6268328030904134,0.5457000136375427,-0.14997942913255802
S-cf,P06,1,A person is reading book,general,81,0.6354764906223863,0.10907849364448338,0.6041239887010306,0.9506615066874388,1.5409590125083923,0.58427844987324,0.0003446420358670821,8.238369625806808,0.0,0.9647130966186523,0.9875478148460388,0.9804356694221497,0.011152892897371203,451.5299804586785,45.164974212646484,0.2326579988002777,0.8007301688194275,0.6966174840927124,0.6966174840927124,0.12794609690168723
S-cf,P28,3,"two cats sitting side by side on a windowsill, one black and one white, watching birds outside",count,81,0.13917112932540476,0.040616760507691654,0.12012794972397386,0.8631609669713192,0.24317817464470862,0.4967044735512265,8.217932557954554e-05,2.16465285718441,0.0,0.9916709065437317,0.996651291847229,0.9943632483482361,0.004308703247806989,580.0618730930488,39.57738494873047,0.2952180504798889,0.6694920063018799,0.5015589892864227,0.4176352918148041,-0.6110155363066152
S-cf,P11,2,A person is sweeping floor,general,81,2.625269120186567,0.21566476535517723,2.590913688391447,0.9869131821784957,5.2753366231918335,0.2775047110046867,0.00023221732806177897,25.762615203857422,1.0,0.8869905471801758,0.9603176116943359,0.9564430713653564,0.022840220952639358,278.340392363152,59.708560943603516,0.21492929756641388,0.7080056667327881,0.6635132282972336,0.49806079268455505,0.37818189140507874
S-cf,P19,2,two dogs playing tug-of-war with a rope toy in a backyard,multi,81,2.4530500665307047,1.1316147664329037,1.645842508226633,0.6709369122732171,4.72806830406189,-0.16423312546247648,0.0009564160161744439,14.077152204513549,1.0,0.9503545761108398,0.9715620875358582,0.9468700289726257,0.021681521146092564,379.9199098751027,86.72607421875,0.29780977964401245,0.6810535192489624,0.606167733669281,0.5678986310958862,0.35464797655724567
S-cf,P13,1,a bear climbing a tree,general,81,5.0212915048003195,3.619177586771548,2.851388770341873,0.5678595237413406,8.102834224700928,-0.02265063093781935,0.00164250912002899,15.821261143684387,1.0,0.8662368059158325,0.943550705909729,0.8881848454475403,0.02779627313138917,1907.700408061945,71.95741271972656,0.26012709736824036,0.598809540271759,0.6535584330558777,0.6492019891738892,0.2771750223098386
S-cf,P03,3,a boat sailing smoothly on a calm lake,general,81,0.9068108941428363,0.5304381641093642,0.5746003692038357,0.6336489109982137,2.7630619406700134,0.22385054672774155,0.001541637266223006,3.9357474386692046,0.0,0.9779056906700134,0.9905832409858704,0.9828529357910156,0.00900827232399024,1159.5810940558815,49.04376220703125,0.27784016728401184,0.7500064373016357,0.8185718357563019,0.8051422238349915,-0.17555529581589013
S-cf,P01,0,a person drinking coffee in a cafe,general,81,1.6029648702591657,0.18717544064857067,1.5952919576317073,0.9952126787164735,3.194323098659513,0.524328127347553,0.0005574152765120743,22.84522886276245,1.0,0.9793931841850281,0.9823454022407532,0.9786863923072815,0.011530450385180302,136.78247872629944,73.46903991699219,0.2324533462524414,0.555139422416687,0.5852675437927246,0.5192877054214478,-0.11114090689353162
S-cf,P27,1,five yellow rubber ducks floating down a small stream,count,81,2.569480640441179,2.169483508914709,1.0217810617759824,0.3976603863184416,4.275947856903076,-0.05221195206553325,0.0022385418767953526,5.0186887919902805,0.0,0.9807735681533813,0.9897708296775818,0.9317184686660767,0.021681680204346777,765.3553876225064,78.60490417480469,0.2756739556789398,0.7273778915405273,0.5655292471249899,0.5495690107345581,0.3352185289649583
S-cf,P14,2,A tranquil tableau of a bunch of grapes,general,81,0.05240535312332213,0.042587889987044034,0.02569831977598369,0.4903664965106549,0.07555687241256236,0.12927021430551638,9.293869781004104e-05,0.1084536749869585,0.0,0.9988676905632019,0.9994230270385742,0.9979113936424255,0.0020764254833920857,296.65196104773014,109.75723266601562,0.2587828040122986,0.8032267093658447,0.7939448356628418,0.7939448356628418,-1.2943218495897408
S-cf,P03,1,a boat sailing smoothly on a calm lake,general,81,5.451555371284485,4.675057215988636,2.1531431533396246,0.39495934861484433,9.442949485778808,-0.5158285503231615,0.002246967203609529,20.214111185073854,1.0,0.966899573802948,0.9874753952026367,0.9647336006164551,0.013193620560923592,738.0060869387859,61.001583099365234,0.2753780782222748,0.6997154951095581,0.7649570107460022,0.7496809959411621,-0.5084068881077624
S-cf,P24,3,a panda playing a violin on a stage under spotlights,rare,81,2.1940028445795177,1.1110157403629273,1.5653669150546192,0.7134750100470415,4.627627134323119,0.45817585986398984,0.0023338753650023135,17.62896900177002,1.0,0.980442464351654,0.9913182258605957,0.9675036072731018,0.016094396379776298,607.3773392463128,62.3322639465332,0.32071197032928467,0.6524303555488586,0.6896933515866598,0.5945714116096497,0.10238163118075239
S-cf,P02,2,a bird soaring gracefully in the sky,general,81,6.25136851221323,2.195970762334764,5.15795833542943,0.8250925377795033,16.377593612670896,0.6183819650177048,0.006363764652269311,51.20843939781189,1.0,0.8569990396499634,0.9339858889579773,0.9349114298820496,0.03549271078081802,200.103805097441,64.43323516845703,0.23707211017608643,0.8349395394325256,0.8709287643432617,0.8709287643432617,0.4126410205011122
S-cf,P10,0,an airplane taking off,general,81,3.9087599508464335,3.7794055711477994,1.9017924703657627,0.48654611890602667,10.03388495445251,0.1451409074152224,0.0027065590365964454,14.523742771148681,1.0,0.9846240878105164,0.9657394289970398,0.9748023152351379,0.010967840469675139,555.901854914831,39.19779968261719,0.2009088397026062,0.6908667087554932,0.7124277949333191,0.705114483833313,-0.5329729676738353
S-cf,P20,2,a chef tossing vegetables in a flaming wok while a second cook plates dishes beside him,multi,81,1.7851482901722193,0.31281405497575177,1.7613793794065713,0.9866846370236325,3.528585159778594,0.2966205427290233,0.0012446675447449706,16.615691471099854,1.0,0.961025059223175,0.9854711890220642,0.9677639603614807,0.01975554912351072,410.1831175650011,79.8613510131836,0.27646732330322266,0.6850476264953613,0.7257866660753886,0.6749206781387329,0.38761548790275757
S-cf,P16,3,a surfer riding a large barreling wave and getting wiped out by the whitewater,fast,81,4.511936628818512,2.779540541395545,3.11609065644443,0.6906324760655886,10.426396751403809,0.4394163819332849,0.004357306748170231,15.942451930046081,1.0,0.9168106317520142,0.9803182482719421,0.9708366394042969,0.015722369577270003,261.4237766498485,67.20830535888672,0.22164803743362427,0.4195440411567688,0.6061716079711914,0.25772368907928467,-0.2408107799095136
S-cf,P28,1,"two cats sitting side by side on a windowsill, one black and one white, watching birds outside",count,81,0.48214286351576446,0.05376687338575721,0.45684930798597634,0.9475373276653535,0.8544532746076583,0.3538465921001266,0.00015143754549171718,7.552471959590912,0.0,0.9745697379112244,0.9821010828018188,0.9862041473388672,0.009652250495855696,449.9518796072821,63.29957580566406,0.3014139235019684,0.7264770269393921,0.5451018611590067,0.46491438150405884,0.041152253195449795
S-cf,P00,0,a horse taking a peaceful walk,general,81,2.815402939170599,2.593437234684825,1.286398344859481,0.4569143088001952,6.1664138555526735,0.2781503274735975,0.004754189733648673,7.3226008176803585,0.0,0.9789456725120544,0.9905584454536438,0.9720369577407837,0.010361256293253972,261.0613041349875,63.161128997802734,0.2160206139087677,0.5832394361495972,0.7307517230510712,0.6355166435241699,-0.44217571637290565
S-cf,P04,3,a dog running happily,general,81,6.495641176402569,6.017909646779299,2.4074346251785754,0.3706230361525034,11.336015224456787,-0.0509823989984271,0.006204069801697187,16.191145038604738,1.0,0.9447550773620605,0.960530698299408,0.9236254692077637,0.03038370991125703,407.9428898450637,78.38225555419922,0.2520037293434143,0.598118782043457,0.7175419926643372,0.6738358736038208,0.2378062441384592
S-cf,P25,1,a giraffe wearing sunglasses roller-skating down a boardwalk,rare,81,7.438916468620301,6.299676448106766,5.278859481215477,0.7096273756878431,11.454758358001708,-0.39462738052126634,0.009222573184524662,34.66027646064758,1.0,0.9287638068199158,0.9636460542678833,0.9341848492622375,0.03317925771698356,741.5920119224824,106.7270736694336,0.3108980059623718,0.6090618371963501,0.6088154117266337,0.5718903541564941,0.25634851134720904
S-cf,P15,1,"a cheetah sprinting at full speed across the savanna, dust flying behind it",fast,81,47.112619686126706,41.4270919084549,21.84065047502518,0.4635838583578649,70.37955856323242,-0.4248110385210273,0.06707981615327299,79.122412109375,1.0,0.9581777453422546,0.9831504225730896,0.9111773371696472,0.057508578849956395,951.0419119761509,56.458946228027344,0.2823631763458252,0.7792405486106873,0.7754416068394979,0.7623608112335205,-0.213896058252125
S-cf,P26,0,exactly four red apples rolling across a wooden table,count,81,4.848591023217887,1.0561306159477681,5.083235913654789,1.0483942326583244,10.483081483840943,0.534391086057415,0.0013166935309641304,32.014919662475585,1.0,0.9823692440986633,0.9851011633872986,0.9678294658660889,0.01730602592724608,109.22643106131991,104.88890838623047,0.2467559427022934,0.4719909429550171,0.5999060273170471,0.5508383512496948,-0.17959389962498307
S-cf,P05,0,A person is playing guitar,general,81,1.8594791404902935,0.7070716187357903,1.5204506494104861,0.817675121289322,3.870401680469513,0.43625697177946615,0.0008874490732978302,15.075084495544434,1.0,0.9915976524353027,0.9862432479858398,0.966517448425293,0.015250900707906112,718.6067752758023,91.90269470214844,0.21856510639190674,0.700748085975647,0.6486409902572632,0.6486409902572632,0.11339732540362757
S-cf,P02,3,a bird soaring gracefully in the sky,general,81,3.485160991549492,2.24374720454216,1.8387904345989228,0.5276054424607685,7.47852292060852,0.38822483038546296,0.003932958288714872,22.24209644794464,1.0,0.9148080945014954,0.9635319113731384,0.9641755223274231,0.018311537418048827,205.6695173781411,71.1083755493164,0.2354353666305542,0.8354954719543457,0.857235312461853,0.857235312461853,0.032449294736913714
S-cf,P11,3,A person is sweeping floor,general,81,1.806052251905203,0.0442194864503108,1.7869504295289516,0.9894228908499239,6.387482666969299,0.7396534680997494,0.00015872139528028129,33.20361504554749,1.0,0.9099430441856384,0.9464483261108398,0.9731618762016296,0.015781735838390886,146.2607958500381,48.998592376708984,0.20797567069530487,0.8100457787513733,0.6881369352340698,0.5547398328781128,0.15866447480431223
S-cf,P09,1,a cow chewing cud while resting in a tranquil barn,general,81,1.863598271086812,0.06102239403699059,1.8561343623325228,0.9959943594794735,3.971025216579437,0.46432571055353183,0.00011708788320561326,16.49696011543274,1.0,0.9733259081840515,0.9886929392814636,0.967014729976654,0.012598799401894211,307.0481449803517,62.981746673583984,0.19478456676006317,0.49301159381866455,0.5651169866323471,0.3826662003993988,-0.07846961151166099
S-cf,P19,3,two dogs playing tug-of-war with a rope toy in a backyard,multi,81,1.4693673584610223,0.6995016553904861,0.9738092347979546,0.6627400332874303,2.7566069483757016,-0.002964341988029559,0.0006742246687394982,11.614490818977355,1.0,0.9327419400215149,0.969878613948822,0.9586711525917053,0.018600612366572022,465.9911850883074,98.85858917236328,0.2973695397377014,0.6839978098869324,0.5978566110134125,0.5438979864120483,0.3979110187624846
S-cf,P08,1,"In a still frame, a stop sign",general,81,0.9625759745016694,0.37215072634862734,0.7992151293903589,0.8302869802221441,3.1421591520309438,0.6030538553193996,0.0006354006378956001,12.494049751758576,1.0,0.85247802734375,0.8360748291015625,0.9810077548027039,0.011093364900443704,382.7619976596185,47.16606521606445,0.16998742520809174,0.5803725719451904,0.4906805455684662,0.4906805455684662,0.015732585024124113
S-cf,P17,0,"a red race car drifting around a tight corner on a wet track, tires smoking",fast,81,12.469354420900345,7.92005925476551,8.566776636242867,0.687026421741398,18.24746913909912,-0.3861124891043052,0.004342872771667316,61.0274133682251,1.0,0.9226612448692322,0.951088547706604,0.9544007182121277,0.02138808007584885,394.6960172624367,78.98170471191406,0.2048741579055786,0.8529255390167236,0.8226232131322225,0.7704197764396667,-0.45677076993782073
S-cf,P22,2,a basketball player dribbling past two defenders and dunking the ball,multi,81,3.101042237877846,1.590368524438236,2.3046624083071947,0.7431893822558749,7.468532752990723,0.3696592921740845,0.0023204100753446257,15.862209558486938,1.0,0.9542185068130493,0.950395405292511,0.9326668977737427,0.031947000161744656,1218.1692717848,60.247032165527344,0.21907255053520203,0.6640304327011108,0.7011321981747946,0.6625659465789795,0.6414495318361073
S-cf,P26,1,exactly four red apples rolling across a wooden table,count,81,1.356896808743477,0.15441963570192457,1.307047887146473,0.9632618453093633,2.666723501682281,0.24673148500986364,0.0002970142367757944,9.733061480522156,0.0,0.9676252603530884,0.9924387335777283,0.9802732467651367,0.009759462508372962,112.91378825091036,92.91140747070312,0.23791171610355377,0.4307699501514435,0.6014310916264852,0.5692974328994751,-0.219675137420281
S-cf,P22,1,a basketball player dribbling past two defenders and dunking the ball,multi,81,5.13247950822115,3.8591477535665035,2.8465316139161585,0.5546112857821118,8.021821784973145,-0.22957967470958648,0.005648082560219337,11.90182638168335,1.0,0.9518072009086609,0.9388372302055359,0.9283258318901062,0.02733531263656914,941.77543389808,65.91704559326172,0.23974063992500305,0.6270210146903992,0.6939712762832642,0.6115898489952087,0.2497287159449968
S-cf,P00,2,a horse taking a peaceful walk,general,81,3.481008417531848,3.0184705754742027,1.2035615103319288,0.3457507193948628,6.297176003456116,0.27406809066217097,0.0040556277751420565,7.120437729358673,0.0,0.977676510810852,0.9910017251968384,0.9690623879432678,0.012706293776864186,285.5589699267756,90.83195495605469,0.2291354537010193,0.5758041739463806,0.7479523718357086,0.6685063242912292,-0.33241759130091797
S-cf,P07,2,A tranquil tableau of a picturesque barn was painted a warm shade of red and nestled in a picturesque meadow,general,81,0.0878802876919508,0.07023078222991899,0.03605908307945356,0.41031582520560034,0.3094779267907143,0.840112078680659,5.898835237303501e-05,0.18600802402943373,0.0,0.9975486993789673,0.9985018968582153,0.9942494034767151,0.003975707787321881,969.6395327679995,128.1142578125,0.3069174885749817,0.7878981232643127,0.7087936103343964,0.6335728764533997,-0.6644281951520865
S-cf,P04,2,a dog running happily,general,81,2.933353941142559,2.6614897564053535,1.2359983313828706,0.4213599636535775,4.581059861183166,-0.13687608035278015,0.0028448758240301685,11.951668310165406,1.0,0.9615375399589539,0.9873308539390564,0.9547070264816284,0.015511450357735157,122.49881398746899,93.89216613769531,0.24968940019607544,0.6210840940475464,0.7357246279716492,0.681610107421875,-0.05654767756125345
S-cf,P26,2,exactly four red apples rolling across a wooden table,count,81,0.5577215565368533,0.05533214453607797,0.5407699162140489,0.969603810848048,0.9540863543748855,0.025144460957547805,0.00013356761061231737,6.775625205039978,0.0,0.9833325743675232,0.995635449886322,0.994095504283905,0.004316351245506667,74.94470137039112,105.69379425048828,0.24215832352638245,0.39357537031173706,0.6163209676742554,0.5809454321861267,-0.7926508589956418
S-cf,P01,2,a person drinking coffee in a cafe,general,81,1.0209918480366469,0.20340560571057723,0.9722900772467256,0.9522986170925919,2.2177996039390564,0.49784410857141354,0.0005547068847590708,10.285034346580506,0.0,0.9656460881233215,0.9835006594657898,0.9853239059448242,0.007658568245824426,106.459235786059,55.332279205322266,0.23027396202087402,0.5007773637771606,0.5573530197143555,0.5166195631027222,-0.3719401047069084
S-cf,P18,0,a flock of hundreds of starlings swirling in a murmuration at dusk,fast,81,6.070704072713852,3.559125420823693,4.456259945034981,0.734059700093922,11.117171573638917,-0.04303128796681992,0.0034578069947201586,23.378320121765135,1.0,0.9672142267227173,0.986404538154602,0.9381891489028931,0.04451043056324124,1078.2302672034325,60.3369140625,0.26052266359329224,0.7509221434593201,0.7428510387738546,0.6958614587783813,0.6538192378192651
S-cf,P15,3,"a cheetah sprinting at full speed across the savanna, dust flying behind it",fast,81,34.3439178109169,29.674863374233247,14.780836153030396,0.43037709920080564,52.76102123260498,-0.17420231815921638,0.04218798170331865,56.309867000579835,1.0,0.9520435333251953,0.9724856615066528,0.9300597310066223,0.04049114575609565,663.3724611778981,68.27752685546875,0.290435791015625,0.790880024433136,0.7935035626093546,0.7585912942886353,-0.3839717103625522
S-cf,P24,1,a panda playing a violin on a stage under spotlights,rare,81,1.6859349302947522,0.25929902454372494,1.6465806249529122,0.9766567016962742,3.511125302314758,0.27288186642923756,0.0008858779528509331,26.139030861854554,1.0,0.9813365936279297,0.9936251044273376,0.9711192846298218,0.015767271688673645,512.5862362158197,62.646549224853516,0.32515397667884827,0.6805187463760376,0.693141500155131,0.6027670502662659,0.1833898780362766
S-cf,P25,3,a giraffe wearing sunglasses roller-skating down a boardwalk,rare,81,4.504716296494007,3.6095395192503927,2.685546613484621,0.5961631855510144,7.63025324344635,0.7809839954206135,0.00300295472588914,19.847125267982484,1.0,0.9269338846206665,0.9575762152671814,0.9388158321380615,0.026756783213932066,946.3702384801126,93.37663269042969,0.28860968351364136,0.7066115140914917,0.6678606470425924,0.6278049945831299,0.29163477733773213
S-cf,P15,0,"a cheetah sprinting at full speed across the savanna, dust flying behind it",fast,81,22.2513948738575,19.85020919442177,8.853953492641448,0.39790553108821786,40.71794452667236,-0.2368698774348128,0.026838046940974893,39.79281477928161,1.0,0.9524614214897156,0.9844992756843567,0.9349568486213684,0.03344778041355312,624.4541642710474,72.86510467529297,0.2974749505519867,0.7368127107620239,0.7647520105044047,0.7336362600326538,-0.3296231087810888
S-cf,P11,0,A person is sweeping floor,general,81,4.166829481348396,0.08461298572365195,4.142268170043826,0.9941052770410229,9.441499376296996,0.42686555475111865,0.0001686282340699563,80.60335788726806,1.0,0.947823703289032,0.9684125781059265,0.9587550759315491,0.026404048391850666,235.85944810116516,72.1579818725586,0.23970985412597656,0.7824532985687256,0.6761534810066223,0.5333603620529175,0.31549249732932516
S-cf,P19,0,two dogs playing tug-of-war with a rope toy in a backyard,multi,81,2.9685729391872884,1.6488205570727588,2.1520559534430506,0.7249460507061591,5.503961014747619,0.10216772235348164,0.0019105677802144783,18.172910594940184,1.0,0.9415166974067688,0.9640602469444275,0.9436140656471252,0.022562637377996,295.5516190884856,72.00728607177734,0.27780425548553467,0.7022435069084167,0.6239295303821564,0.5927367210388184,0.3129243565478377
S-cf,P00,1,a horse taking a peaceful walk,general,81,4.209902380406857,3.137845879793167,2.401108042150736,0.5703475413059684,7.4489506483078,0.19571192345065308,0.007422701912582852,8.195502483844757,0.0,0.9758208394050598,0.9848492741584778,0.9581140279769897,0.015455112513154744,439.15999113587867,65.24335479736328,0.19900153577327728,0.6356344223022461,0.7388565838336945,0.6499025225639343,-0.22492399757482318
S-cf,P20,1,a chef tossing vegetables in a flaming wok while a second cook plates dishes beside him,multi,81,1.039406991004944,0.071496637375094,1.024759999103844,0.9859073703224684,2.217615497112274,0.07936807745012428,0.00023379509612482253,19.8504207611084,1.0,0.968188464641571,0.9625830054283142,0.9686385989189148,0.02515036939876154,453.8526071404979,75.66473388671875,0.27861708402633667,0.7739260792732239,0.7408895492553711,0.638821005821228,0.8117001863202051
S-cf,P27,2,five yellow rubber ducks floating down a small stream,count,81,0.830332172755152,0.19161144407698885,0.7422076762653887,0.8938673060629968,1.7415134727954862,0.20354506809090708,0.0002872423789142431,7.886282134056091,0.0,0.9732047915458679,0.9895286560058594,0.9705555438995361,0.018764421436935665,564.7426496290526,79.85366821289062,0.25687164068222046,0.730831503868103,0.5857197046279907,0.5391567349433899,0.5821986371429118
S-cf,P22,0,a basketball player dribbling past two defenders and dunking the ball,multi,81,3.1182128436863423,1.678384558809921,2.1668479084968566,0.6949003554981386,6.643355345726013,0.04709086079981624,0.003706584648330136,12.53673460483551,1.0,0.9558466076850891,0.9497726559638977,0.9421496391296387,0.02624427358387038,1220.7660951804248,128.12474060058594,0.20683369040489197,0.6931467056274414,0.6558018128077189,0.6385787129402161,0.442376998742942
S-cf,P03,2,a boat sailing smoothly on a calm lake,general,81,0.858046767488122,0.42271322214510293,0.7741331066004932,0.9022028096019835,2.0396898984909058,0.4855030866198249,0.000762549325531836,5.938568222522735,0.0,0.9819318056106567,0.993756890296936,0.9809892177581787,0.007807774175307714,591.8166255909416,67.96260833740234,0.25275975465774536,0.6267995834350586,0.7749084234237671,0.7513269186019897,-0.3033775637769409
S-cf,P09,0,a cow chewing cud while resting in a tranquil barn,general,81,1.234648955753073,0.7523931995034218,0.762602295447141,0.6176668066067299,2.6333538651466366,0.31372092056524054,0.00047761063415237005,8.183378273248673,0.0,0.9594723582267761,0.9858064651489258,0.9725077748298645,0.011533297240384854,402.59729502261524,66.55329895019531,0.2175951898097992,0.48426634073257446,0.6269249469041824,0.487062007188797,-0.02147259882807706
S-cf,P20,3,a chef tossing vegetables in a flaming wok while a second cook plates dishes beside him,multi,81,1.8555452410131692,0.4994089263724163,1.8522427566349506,0.9982196701406834,4.851071119308472,0.5180523707332864,0.0015632511605531362,19.12555866241455,1.0,0.9579501152038574,0.9649443030357361,0.9702349305152893,0.016588523355312645,399.7102029752858,72.09441375732422,0.28289443254470825,0.7543230056762695,0.6814062595367432,0.6169877052307129,0.19827146040052224
S-cf,P13,0,a bear climbing a tree,general,81,4.156876070052386,2.783122742641717,2.643598647788167,0.6359578604894496,8.989146566390989,0.3483768543126625,0.001715102171874605,17.566284346580506,1.0,0.9249426126480103,0.9789240956306458,0.9194468259811401,0.022071779530961066,740.69749082302,65.22643280029297,0.25476309657096863,0.6372918486595154,0.712936520576477,0.6906138062477112,0.13741261258919568
S-cf,P06,0,A person is reading book,general,81,0.7465459649451077,0.11553009427152575,0.7110527437180281,0.9524554744795064,2.987724101543426,0.7821707966506652,0.00038110480627437935,10.962768024206161,0.0,0.9562250971794128,0.988670825958252,0.9769395589828491,0.014623065233172384,264.107989432882,57.45571517944336,0.23002228140830994,0.786191463470459,0.6613298654556274,0.6613298654556274,0.3603149215389694
S-cf,P10,1,an airplane taking off,general,81,1.6158654514700175,1.121302632894367,0.7163596540689469,0.4433285024373433,2.860499799251556,0.4229790826469669,0.0008763494708546205,6.943315958976745,0.0,0.9845725893974304,0.9623121619224548,0.985366940498352,0.006373934962903149,492.5228323015953,60.067623138427734,0.1996079534292221,0.6242761611938477,0.6810822784900665,0.6483138799667358,-0.7067428015584749
S-cf,P13,3,a bear climbing a tree,general,81,6.217740352172404,5.184641011781059,2.553541879914701,0.4106864109139124,16.3531081199646,0.9682039357710747,0.002394750622624997,14.795526266098022,1.0,0.9019641876220703,0.9668540954589844,0.8827829360961914,0.03538958952995017,1412.5331535549765,84.05638885498047,0.2505713701248169,0.6380757093429565,0.6919386386871338,0.6849790215492249,0.4124558684138404
S-cf,P16,2,a surfer riding a large barreling wave and getting wiped out by the whitewater,fast,81,10.885510140657425,6.341592940688133,8.776256443560124,0.8062328291393478,23.05940256118774,0.5345262951284954,0.01951300005093799,41.51896343231201,1.0,0.8135426640510559,0.9514919519424438,0.9343131184577942,0.032859212264884266,395.2794228603917,61.65254211425781,0.22846436500549316,0.5644906759262085,0.5988401373227438,0.32704418897628784,0.045932263726086386
S-cf,P12,2,a motorcycle turning a corner,general,81,2.3532024001702667,1.4737854154780508,1.2210397491231562,0.5188840663050238,5.185639476776123,0.45448298601587817,0.0006193141764470056,9.452540004253388,0.0,0.9165979623794556,0.966176450252533,0.9684372544288635,0.009743952058488502,597.1352925006272,69.66888427734375,0.21393704414367676,0.6757626533508301,0.6945781707763672,0.6461683511734009,-0.42791129536655603
S-cf,P09,3,a cow chewing cud while resting in a tranquil barn,general,81,0.7995317171327769,0.21355401606997476,0.6375797477550804,0.797440472531906,1.7749931216239927,0.5288265385482089,0.0001675850536003054,9.612859141826629,0.0,0.9739667773246765,0.9857580065727234,0.9773850440979004,0.010518280876567587,570.2455455460404,80.8128662109375,0.2178039699792862,0.3679630160331726,0.5220639407634735,0.30286622047424316,0.013339508866219596
S-cf,P18,2,a flock of hundreds of starlings swirling in a murmuration at dusk,fast,81,3.0574008382856848,0.6631826155818998,2.9456443153321743,0.9634468974427731,5.377975368499754,0.07964503681418879,0.0017025041523083928,23.334347820281984,1.0,0.9697274565696716,0.977181613445282,0.9278205633163452,0.054872233397327365,945.5957464456633,54.93165588378906,0.2669420838356018,0.7354270219802856,0.7510050932566324,0.7138639092445374,1.1886361891778003
S-cf,P27,0,five yellow rubber ducks floating down a small stream,count,81,1.4525295030325651,1.1091282304842025,0.6228494567796587,0.42880301341643823,4.775885367393493,0.5946978617092697,0.0007837760971142416,8.71760469675064,0.0,0.987362802028656,0.9919527173042297,0.9536098837852478,0.02294432253111154,1004.6894107705842,80.62918090820312,0.2782961428165436,0.7603528499603271,0.5970773696899414,0.5640702843666077,0.6117870703463915
S-cf,P06,2,A person is reading book,general,81,0.7268048451282084,0.1637977841310203,0.6451146713458001,0.8876024810064674,1.5109358191490165,0.3462921719580449,0.00028780814966467005,14.437821555137635,1.0,0.9680550694465637,0.9952618479728699,0.9839145541191101,0.010563007544260473,857.6419220052127,30.151752471923828,0.22915500402450562,0.7857891917228699,0.709710955619812,0.709710955619812,0.041761682246449716
S-cf,P10,3,an airplane taking off,general,81,0.6527781725861133,0.3241187349194661,0.509467098582536,0.7804585684990251,1.8346368372440336,0.7189965805023931,0.000549421188316046,4.933741438388824,0.0,0.9882680177688599,0.980797290802002,0.9840019941329956,0.007524910109350458,608.0285601796974,62.65708923339844,0.18174231052398682,0.6235758066177368,0.6623042821884155,0.618100643157959,-0.27165864167475373
S-cf,P03,0,a boat sailing smoothly on a calm lake,general,81,1.987184340134263,1.5833207060582937,1.1382379728369414,0.5727890347460177,3.916175782680511,0.0810069739231898,0.00825536726115388,6.267542290687561,0.0,0.9854529500007629,0.9856336712837219,0.9782923460006714,0.009484810434514657,618.642812172654,73.09445190429688,0.27595895528793335,0.6465054154396057,0.7351525723934174,0.7245699167251587,-0.3871180640154277
S-cf,P18,3,a flock of hundreds of starlings swirling in a murmuration at dusk,fast,81,1.7252382036298513,0.4243253449909389,1.452851027995348,0.8421157048475326,2.674802565574646,0.7431186025338157,0.0008592116399995575,20.347810554504395,1.0,0.9660793542861938,0.9784694910049438,0.9585217833518982,0.03159566402900964,932.6678744910612,42.320743560791016,0.2762715518474579,0.7454071640968323,0.7679177125295004,0.6977115273475647,0.8699271833970923
S-cf,P16,1,a surfer riding a large barreling wave and getting wiped out by the whitewater,fast,81,11.074698513746261,9.12476290166378,4.16883660107851,0.37642886797100195,19.327650451660155,0.17673031611846907,0.014069597277557477,23.27246582508087,1.0,0.884750485420227,0.9737311601638794,0.9393712282180786,0.029177091212477534,614.1875084369874,51.476661682128906,0.20768901705741882,0.5622671842575073,0.5918841560681661,0.27827972173690796,-0.08216819740246795
S-cf,P01,1,a person drinking coffee in a cafe,general,81,1.9840778108686208,0.32258328557945787,1.7897800572216511,0.9020710505134085,4.009594917297363,0.442027627318529,0.00040593359681224684,14.401405680179597,1.0,0.9179553389549255,0.9672002792358398,0.9753188490867615,0.011480971274431795,215.11951221535094,64.40459442138672,0.22620789706707,0.5440362095832825,0.5783474445343018,0.5453592538833618,-0.1955271710818156
S-cf,P21,1,three children chasing each other around a fountain in a city square,multi,81,4.021474574506283,3.2523019716143606,1.6184542000293731,0.4024528236076806,6.368572878837585,-0.24983046057120564,0.001958202102287032,13.126121664047242,1.0,0.9524246454238892,0.9625033736228943,0.9440571665763855,0.019602185348048806,596.617486651918,70.76750183105469,0.31730082631111145,0.7097193598747253,0.7302116552988688,0.6371737122535706,0.03435443963799223
S-cf,P12,3,a motorcycle turning a corner,general,81,1.434201993793249,0.9396737646777182,0.93355428930372,0.6509220057020036,3.3806357383728023,0.3729683991267102,0.00045315633565223834,5.327435314655304,0.0,0.9675136804580688,0.981406033039093,0.9711175560951233,0.00904831659863703,830.8945324588732,51.951053619384766,0.20747442543506622,0.633010745048523,0.6525963842868805,0.5725308060646057,-0.31424138297040827
S-cf,P28,0,"two cats sitting side by side on a windowsill, one black and one white, watching birds outside",count,81,0.2599893786944449,0.049524346645921466,0.23655604952946305,0.909864629288751,0.6474158585071563,0.7461591682955151,8.477942122908644e-05,4.638403302431106,0.0,0.9832354784011841,0.9884819984436035,0.9921038746833801,0.0052369778422871605,581.5530110065805,56.418033599853516,0.311132550239563,0.7214367985725403,0.5451225638389587,0.47537368535995483,-0.47503063156371006
S-cf,P12,0,a motorcycle turning a corner,general,81,3.0889002591371537,1.804821715131402,2.1827204801142215,0.7066332967613013,5.1935618877410885,-0.24513289012211004,0.0035712765245989432,21.183098435401917,1.0,0.9565901160240173,0.9852434396743774,0.971513032913208,0.011152608878910541,683.9432723848937,42.967533111572266,0.21149633824825287,0.6979732513427734,0.7752867043018341,0.7374183535575867,-0.40915906106160005
S-cf,P17,3,"a red race car drifting around a tight corner on a wet track, tires smoking",fast,81,21.87714888751507,17.913502275943756,12.524135985970497,0.5724756675510925,51.99327430725098,0.3305261427889208,0.046129248844226825,62.33546600341797,1.0,0.9369267821311951,0.9345966577529907,0.9387027025222778,0.03029596647247672,576.387862412869,79.28178405761719,0.23509342968463898,0.8177647590637207,0.7549570401509603,0.695410430431366,-0.4190802387170245
S-cf,P09,2,a cow chewing cud while resting in a tranquil barn,general,81,0.7834183625411242,0.1547174352221191,0.6811709075933322,0.8694843913276082,1.8449879229068755,0.5846360850996963,0.00018007371648991465,9.957988905906678,0.0,0.9668798446655273,0.9884355664253235,0.9795473217964172,0.00944359800487291,416.6746870481481,91.31474304199219,0.208433598279953,0.39022940397262573,0.5391809195280075,0.3531893193721771,-0.0891555949834375
S-cf,P02,0,a bird soaring gracefully in the sky,general,81,5.164160307496786,4.38187127225101,1.993387458473444,0.38600410401194357,12.106055164337157,0.1354359455400959,0.0026182299735410196,17.795046663284303,1.0,0.8026270270347595,0.8737233281135559,0.98880535364151,0.006841395967057906,52.798018970980365,37.93186950683594,0.24431025981903076,0.6703442931175232,0.7702098488807678,0.7702098488807678,-1.1383693813449178
S-cf,P23,0,"an astronaut riding a horse on the moon, with the Earth visible in the sky",rare,81,0.9105071600526571,0.2905950229614973,0.8238717552274466,0.9048482939239115,1.4139124035835267,-0.21202237880739352,0.00015595747989323173,6.198379373550415,0.0,0.9828628897666931,0.9942802786827087,0.9786680936813354,0.008830131328431889,1250.5137669801964,27.345964431762695,0.30039817094802856,0.5029969811439514,0.6329012910525004,0.528586208820343,-0.19666152450395114
S-cf,P15,2,"a cheetah sprinting at full speed across the savanna, dust flying behind it",fast,81,17.241036558151244,14.315535074472427,9.991148221492768,0.5794980834415697,32.651872062683104,0.08062673994607855,0.021932491147890688,32.39417324066162,1.0,0.9635339975357056,0.9794873595237732,0.9166281819343567,0.04103083936497569,1119.3373612322976,64.35952758789062,0.27309101819992065,0.766054093837738,0.7716977397600809,0.7631407380104065,0.016954386397942223
S-cf,P25,2,a giraffe wearing sunglasses roller-skating down a boardwalk,rare,81,1.8891051061451436,1.2526347540318965,1.2494879826903342,0.6614175766124668,3.0534017801284787,0.9468067272725356,0.005538719296600903,9.716143560409545,0.0,0.9199824333190918,0.9333616495132446,0.9514934420585632,0.02378250383771956,1351.1535291551857,105.88928985595703,0.3031407594680786,0.671105682849884,0.7103349169095358,0.6717280149459839,0.5516441698362988
S-cf,P12,1,a motorcycle turning a corner,general,81,8.540713423490525,6.963612738251686,6.026632267236709,0.7056356141192309,15.939113855361937,-0.22496580844047467,0.019609931291779504,35.65601949691772,1.0,0.9680350422859192,0.9768543243408203,0.9455522298812866,0.026214641833212225,1044.3496199594529,45.13615798950195,0.19391021132469177,0.7352526783943176,0.8080669343471527,0.779098629951477,-0.05117474036475578
S-cf,P29,0,a full glass of water tipping over on a table and spilling across the surface,physics,81,1.5667460896074772,0.49891040031798184,1.4403417300432921,0.9193198695547896,2.7903012394905087,0.2876495275141509,0.0009883725800136744,12.047067081928253,1.0,0.9187801480293274,0.9553928375244141,0.9608900547027588,0.02324720154283568,621.0559289403324,38.1441535949707,0.2481054663658142,0.5477895736694336,0.6046936710675558,0.39643430709838867,0.5982214488642681
S-cf,P17,2,"a red race car drifting around a tight corner on a wet track, tires smoking",fast,81,26.159931272268295,17.520592936873435,18.126070919632912,0.6928944131421951,48.254913520812984,0.24954725407195422,0.05755018812487833,89.48570384979249,1.0,0.8764097094535828,0.91693514585495,0.9329174160957336,0.02927768527297303,370.3781445774671,92.662841796875,0.20833337306976318,0.8311443328857422,0.8055640459060669,0.7449121475219727,-0.5538474770801818
S-cf,P28,2,"two cats sitting side by side on a windowsill, one black and one white, watching birds outside",count,81,0.635923279169947,0.05644416618160904,0.6169255312765017,0.9701241979339997,1.1585314929485317,0.8016366372300272,0.00015657444816952193,8.024145817756652,0.0,0.959476888179779,0.988062858581543,0.9864315986633301,0.008788814366562292,565.781038670067,35.93386459350586,0.3088586926460266,0.6915347576141357,0.5117252667744955,0.4285247325897217,-0.11040898176347635
S-cf,P14,1,A tranquil tableau of a bunch of grapes,general,81,1.1613196690566838,0.37542795336339624,1.0428117894334719,0.8979533536422165,3.5206693291664104,0.5707243226870118,0.0007895837089108681,14.63923876285553,1.0,0.9414443969726562,0.9906906485557556,0.9775195121765137,0.016629191154788715,355.1195989465969,117.35324096679688,0.2646164298057556,0.8056268692016602,0.7973870038986206,0.7973870038986206,0.3639779683137814
S-cf,P14,0,A tranquil tableau of a bunch of grapes,general,81,1.5279889619210736,0.92525215728092,1.0398576384643092,0.680539574459601,0.7804534614086143,0.4908570871267303,0.0029074210011344804,9.103563910722732,0.0,0.9412652850151062,0.9913604855537415,0.9891685247421265,0.007892724395787809,213.05466402099904,112.75072479248047,0.2611424922943115,0.774532675743103,0.7884455919265747,0.7884455919265747,-0.47302063134963124
S-cf,P21,2,three children chasing each other around a fountain in a city square,multi,81,1.5404678218066692,0.7636433990672231,1.1158475693315268,0.7243558282619804,3.3146254420280457,-0.29459353779050707,0.0006274357712754864,8.922204899787904,0.0,0.9524714350700378,0.9796754717826843,0.9692772626876831,0.016860435239505023,399.2300814137421,94.39010620117188,0.3086216151714325,0.7333544492721558,0.7549590865770975,0.6762067675590515,0.2830542818720643
S-cf,P06,3,A person is reading book,general,81,0.25976540888659655,0.13870270194020123,0.17161552554462106,0.6606532625992511,0.5661362826824188,0.7933821609094399,0.00015551727747151745,2.7801220044493675,0.0,0.9929192662239075,0.9917393922805786,0.9929824471473694,0.004877004862646572,357.6643531701244,36.668094635009766,0.24253541231155396,0.6548354625701904,0.6283903121948242,0.6283903121948242,-0.5461256568824346
S-cf,P18,1,a flock of hundreds of starlings swirling in a murmuration at dusk,fast,81,3.548346331715584,1.5109114374965429,3.1111662805080416,0.8767930503026121,7.754091429710385,0.17101566782449815,0.0031176304099062692,25.741221499443053,1.0,0.962746262550354,0.9810270667076111,0.9163900017738342,0.06251643477007747,1114.7052348944644,53.202693939208984,0.278758704662323,0.7352415919303894,0.7479196190834045,0.7026221752166748,1.2521095116851266
S-cf,P14,3,A tranquil tableau of a bunch of grapes,general,81,0.47146839250344785,0.033814884116873146,0.4559671721886843,0.9671193495033718,1.2962666690349578,0.6714013538004858,0.00014780599884716138,10.176174104213715,0.0,0.989528477191925,0.9969342350959778,0.993476390838623,0.004296288706245832,291.5593019486313,86.71221160888672,0.26428431272506714,0.7598870396614075,0.7465227842330933,0.7465227842330933,-0.7639216645981843
S-cf,P05,1,A person is playing guitar,general,81,1.7693480033427478,0.9632823714986444,1.3028642982244492,0.7363523509285105,3.3610802888870235,0.02216111536661932,0.0014605886861772887,10.997570061683655,0.0,0.987185001373291,0.9918498992919922,0.9639906883239746,0.014646062802057713,612.0291587584691,98.7348403930664,0.24544820189476013,0.6255295276641846,0.6317145824432373,0.6317145824432373,0.09170478929204862
S-cf,P19,1,two dogs playing tug-of-war with a rope toy in a backyard,multi,81,2.2607273153960703,1.3299661963246763,1.3764179609715939,0.6088382896776569,3.55448602437973,-0.6321627782611855,0.001578454227092152,12.382334804534912,1.0,0.9671236276626587,0.967019259929657,0.9459660649299622,0.02232082955306396,471.3394425563846,78.0186767578125,0.2992003858089447,0.7069995403289795,0.6189120411872864,0.5955919027328491,0.41729536521406363
S-cf,P27,3,five yellow rubber ducks floating down a small stream,count,81,1.760184125509113,1.2804278906201945,0.9338169423863292,0.5305220052443254,4.269973731040954,0.30855346921108484,0.0022605162085710616,5.689225322008133,0.0,0.9761244654655457,0.982330322265625,0.9588214755058289,0.014625206409255043,773.4587395193662,81.1610336303711,0.27327394485473633,0.7203760147094727,0.5888355771700541,0.5550628900527954,0.09222253003249214
S-cf,P29,1,a full glass of water tipping over on a table and spilling across the surface,physics,81,1.0555765697732569,0.24388140998780727,0.9894296010024846,0.9373348101883398,1.7628521084785456,-0.17527034405418562,0.0009324067504167033,7.9244279026985165,0.0,0.8708441853523254,0.9512246251106262,0.971140444278717,0.014634043601108714,332.5309905938821,69.1781997680664,0.2560366988182068,0.4799903929233551,0.6249764462312063,0.47203049063682556,0.2655780310218834
S-cf,P13,2,a bear climbing a tree,general,81,2.1967914294451476,1.6762232938897796,0.9599127891939133,0.43696107849222793,5.140944314002991,0.9155231249053801,0.0018664845502598837,6.779531717300415,0.0,0.9380506873130798,0.9613251090049744,0.9394238591194153,0.01542779870214872,1922.1978143428776,54.48590087890625,0.256619930267334,0.6028188467025757,0.6684354543685913,0.6635003089904785,0.05957265421159441
S-cf,P04,0,a dog running happily,general,81,3.8062653854489326,3.3737613171339036,2.05648173391819,0.5402884416550464,6.663123679161072,-0.0732233008319827,0.006663580164604355,13.783254861831665,1.0,0.9645647406578064,0.9836007356643677,0.9382686614990234,0.020411769801285118,193.21446945910589,74.40691375732422,0.2527836263179779,0.5875929594039917,0.7268561124801636,0.688590407371521,0.10049670490652218
S-cf,P07,3,A tranquil tableau of a picturesque barn was painted a warm shade of red and nestled in a picturesque meadow,general,81,0.032204378256574274,0.01855387585819699,0.02332182819955051,0.7241594249801953,0.05250118318945169,-0.09236177869375711,3.102239682561958e-05,0.09869155324995518,0.0,0.9986873865127563,0.9987988471984863,0.9935146570205688,0.0041396131186047565,1085.5238740427417,119.92821502685547,0.3034866452217102,0.8315448760986328,0.6875768601894379,0.5442715287208557,-0.5932475111514748
S-cf,P00,3,a horse taking a peaceful walk,general,81,3.5755571242421866,3.0439898653130513,1.4299051659181714,0.39991103940485634,6.650667190551757,0.9140246126522548,0.004282975927696953,8.48358119726181,0.0,0.9828823208808899,0.9904690980911255,0.9571524262428284,0.017065263411495835,391.15345823952674,91.31356048583984,0.23849476873874664,0.5991755127906799,0.7494891285896301,0.6779269576072693,-0.04972836031420247
S-cf,P10,2,an airplane taking off,general,81,2.256548560410738,1.5867367463652045,1.0266108895186334,0.454947193507139,5.772724103927612,0.5990766407891942,0.001464765500577414,9.608878910541534,0.0,0.9899753928184509,0.9725036025047302,0.9808833003044128,0.007496360207733232,534.1809264887629,45.810489654541016,0.20704632997512817,0.6100109219551086,0.6568633317947388,0.6072676181793213,-0.6729671427156534
S-cf,P08,3,"In a still frame, a stop sign",general,81,0.631293794605881,0.05141121591441333,0.616376408119686,0.976368589423411,2.8790625095367424,0.8584447576124447,0.00011855947415142509,8.351707942783833,0.0,0.9678535461425781,0.966571033000946,0.9864267110824585,0.009256862621987239,302.68752116084687,158.08387756347656,0.22787804901599884,0.5432642698287964,0.5523987412452698,0.5523987412452698,-0.05686838421048446
S-cf,P01,3,a person drinking coffee in a cafe,general,81,0.19185724440030755,0.034614680288359526,0.1778998089954257,0.9272461006379381,0.40967599004507066,0.42033070935991745,0.00013193429331295192,3.2434486716985704,0.0,0.9630983471870422,0.9900962710380554,0.9918299317359924,0.005576917313737795,685.2132303684895,52.686153411865234,0.2608281970024109,0.46138548851013184,0.593881368637085,0.5219212770462036,-0.37956838329872955
S-cf,P29,2,a full glass of water tipping over on a table and spilling across the surface,physics,81,2.228438303992152,0.38974665326531976,2.1479206304997205,0.9638676838322741,7.339010858535766,0.7934474213137652,0.0011651028658661744,18.719999146461486,1.0,0.8585981726646423,0.9508872032165527,0.9633431434631348,0.02387238580849953,570.67263777972,48.90907287597656,0.240453839302063,0.5403250455856323,0.6076074639956156,0.40003615617752075,0.4903273840635589
S-cf,P11,1,A person is sweeping floor,general,81,3.8655112884938716,0.15649365056306125,3.845221483707428,0.994750810947661,11.2141553401947,0.8192914041071779,0.00042178052165127157,43.52904834747314,1.0,0.923988938331604,0.9597469568252563,0.9514831900596619,0.028436280094319956,173.67051170712034,63.897682189941406,0.22518157958984375,0.7380030751228333,0.669865220785141,0.5175381898880005,0.42485626127417886
S-cf,P17,1,"a red race car drifting around a tight corner on a wet track, tires smoking",fast,81,42.88948998451233,39.727008366584776,15.23543440103531,0.35522534894473157,73.92978057861328,0.23170611579635741,0.03700654265703633,92.82725715637207,1.0,0.8878839612007141,0.9408249258995056,0.9345473647117615,0.033913855464197694,482.7654380777377,57.75028991699219,0.23679068684577942,0.8485422134399414,0.8357593218485514,0.7680679559707642,-0.6881484859157867
S-cf,P04,1,a dog running happily,general,81,7.10643855035305,6.700836402177811,2.686227947473526,0.3779991271916291,10.886282920837402,-0.5219440432463216,0.009991381783038378,16.03716218471527,1.0,0.96145099401474,0.9773001074790955,0.9479577541351318,0.020618500572163613,223.5756980499986,75.1981201171875,0.2654247283935547,0.6126092672348022,0.7382087409496307,0.700089693069458,-0.19581030806382138
S-cf,P26,3,exactly four red apples rolling across a wooden table,count,81,0.9789440028369427,0.043977779720444234,0.9658145070774481,0.9865870955759077,2.431239128112793,0.6333222381153366,0.00011961142457721508,11.469228935241699,1.0,0.9822850227355957,0.9904751777648926,0.985973596572876,0.007088687314535491,79.35888908362404,81.78407287597656,0.24390780925750732,0.3917788863182068,0.5737001101175944,0.5343056917190552,-0.4369314430703435
S-cf,P23,1,"an astronaut riding a horse on the moon, with the Earth visible in the sky",rare,81,0.6907002246007323,0.49669583244249227,0.384628143068403,0.5568661663959574,1.8881186425685883,0.4151332874020053,0.0009236267780124763,2.0643714010715484,0.0,0.9667128920555115,0.9908410906791687,0.982547402381897,0.009307375916978344,1096.5409687159206,30.840656280517578,0.2946213483810425,0.5192548036575317,0.6375633478164673,0.5556995868682861,-0.07239182391250143
S-cf,P07,0,A tranquil tableau of a picturesque barn was painted a warm shade of red and nestled in a picturesque meadow,general,81,1.4108457542955875,1.2744978554546833,1.0481285221874714,0.7429074199563118,1.6723747611045838,0.13131502310786855,0.0012039879697113066,7.558186829090118,0.0,0.9811224341392517,0.9946413040161133,0.971358597278595,0.009797668264945969,504.57780949866185,106.65727233886719,0.3143467307090759,0.7765603065490723,0.6795527338981628,0.616222620010376,-0.2290332152689052
S-cf,P21,0,three children chasing each other around a fountain in a city square,multi,81,3.410445759445429,2.9897063728421926,1.734275134652853,0.5085184601840442,5.263578009605407,-0.27207860320436666,0.0014765892468858511,12.489923691749572,1.0,0.9407957196235657,0.9564349055290222,0.9473467469215393,0.019808017811737955,723.7102567689107,78.69819641113281,0.30030378699302673,0.6901136636734009,0.7326405247052511,0.6539055109024048,0.12084653398103384
S-cf,P16,0,a surfer riding a large barreling wave and getting wiped out by the whitewater,fast,81,9.088056533038616,5.117319651693106,7.255078125,0.7983090004244555,23.146018505096432,0.5079358200372901,0.012643578397546661,36.36060624122619,1.0,0.8904487490653992,0.9678713083267212,0.948383092880249,0.02034364499268122,281.44594852001205,62.7540168762207,0.23425492644309998,0.5448208451271057,0.6166989405949911,0.32165026664733887,-0.33740893768453395
S-cf,P05,2,A person is playing guitar,general,81,1.8008759256452322,0.9696976830717177,1.461135993152857,0.8113469456716759,4.063496041297912,0.21841895059230101,0.001716023180506454,13.896089005470277,1.0,0.9859898686408997,0.9949185252189636,0.9688161611557007,0.014037182094762101,585.3253695826758,58.7149658203125,0.24905547499656677,0.6592191457748413,0.641167163848877,0.641167163848877,0.0426109115233535
S-cf,P08,0,"In a still frame, a stop sign",general,81,2.58042971114628,1.6443185033276677,1.9446188111789524,0.7536024132634481,10.276661348342893,0.65680979475586,0.003417553968870379,21.16962124109268,1.0,0.8449913263320923,0.8381136059761047,0.9571211338043213,0.028823366762662773,449.8396289531867,94.67731475830078,0.1814708113670349,0.5907179713249207,0.5602616667747498,0.5602616667747498,0.618130733763893
S-cf,P02,1,a bird soaring gracefully in the sky,general,81,0.9193296164274216,0.395760185085237,0.6591279532760381,0.7169650847020108,1.6481592416763304,0.4109151331707402,0.0006898244661215358,12.51715681552887,1.0,0.9484130144119263,0.9721582531929016,0.9817689061164856,0.011627279792446644,159.93778869117062,40.4510612487793,0.23988793790340424,0.8112030029296875,0.8783260583877563,0.8783260583877563,0.07579503291787226
S-cf,P22,3,a basketball player dribbling past two defenders and dunking the ball,multi,81,2.562480411492288,1.6476447320659644,1.5908758666366338,0.6208341100551322,6.408414983749389,0.9250906033395678,0.002331013246077873,12.458962082862854,1.0,0.9522753953933716,0.9505327343940735,0.9482551217079163,0.022332843823824076,1365.6341283120835,61.61203384399414,0.21261480450630188,0.6728323101997375,0.6446996728579203,0.630782425403595,0.3659584968017846
S-cf,P20,0,a chef tossing vegetables in a flaming wok while a second cook plates dishes beside him,multi,81,1.7547265212982892,0.30829183920286596,1.7172270812094212,0.9786289098257706,3.4834539175033568,0.31848277902915556,0.0009632618122509484,16.981539154052733,1.0,0.9650360345840454,0.9840337634086609,0.9550917744636536,0.026117445644922556,517.2981518341142,70.6082992553711,0.28852421045303345,0.7779662609100342,0.741863469282786,0.6495214104652405,0.6732094903759793
S-sf,P23,2,"an astronaut riding a horse on the moon, with the Earth visible in the sky",rare,81,0.2566370775923133,0.2177452347241342,0.09431638335809112,0.3675073638445772,0.3767606645822525,0.4824884832052941,0.0004540302331406565,0.49195633754134177,0.0,0.974679172039032,0.9914636611938477,0.9890868067741394,0.007031764398561791,1052.2451985675984,52.12602615356445,0.29440557956695557,0.5729891061782837,0.6779649257659912,0.6090457439422607,-0.1788248126386236
S-sf,P07,1,A tranquil tableau of a picturesque barn was painted a warm shade of red and nestled in a picturesque meadow,general,81,0.8294987931847573,0.6004038762301207,0.5629480364033952,0.6786596464865036,1.4409763634204864,0.7847103205690368,0.0011394772128824116,4.742403531074524,0.0,0.9944228529930115,0.9955774545669556,0.9821829795837402,0.008642708166735246,955.3118712895978,91.23663330078125,0.29424867033958435,0.7895640134811401,0.6937482357025146,0.5995004177093506,-0.1927186498296134
S-sf,P21,3,three children chasing each other around a fountain in a city square,multi,81,0.5609150191769003,0.06077377919573337,0.5324947715736925,0.9493306544446461,1.2815000236034393,0.8892262861875521,0.000135510173208786,8.106254947185516,0.0,0.959682285785675,0.9733999371528625,0.9758723378181458,0.016348473820835353,1033.9130902753209,40.48979187011719,0.29736626148223877,0.6711790561676025,0.7161773641904196,0.6342207789421082,0.5377024275535636
S-sf,P24,2,a panda playing a violin on a stage under spotlights,rare,81,0.9110652204602957,0.18900496629066765,0.8800379041582346,0.9659428528846292,1.4644367277622221,0.6004204529047809,0.00040273487941249185,8.863479316234589,0.0,0.9849929809570312,0.9957337379455566,0.9732946157455444,0.012994105753023177,479.0348580013876,54.29755783081055,0.31617021560668945,0.5939809679985046,0.6503143906593323,0.5580519437789917,0.18945697292137975
S-sf,P05,3,A person is playing guitar,general,81,1.1539907168596983,0.47838365021161733,0.9306918833404779,0.8064978888003846,1.9410981178283688,0.14852441402120073,0.000894646190477033,9.033780813217163,0.0,0.9945120215415955,0.9943462610244751,0.9779043793678284,0.012262614094652236,474.9070668524796,61.87226486206055,0.22666805982589722,0.7242934703826904,0.6266435384750366,0.6266435384750366,0.06138571860395814
S-sf,P29,3,a full glass of water tipping over on a table and spilling across the surface,physics,81,0.6539991430938243,0.25627016988582907,0.5707740986719727,0.872743079186281,1.1433365762233734,0.7623550660885096,0.0009077793949472835,6.438890290260315,0.0,0.9402033090591431,0.9688100814819336,0.9778480529785156,0.014619832520838826,737.4745121856952,25.613325119018555,0.2600048780441284,0.5111981630325317,0.6419925689697266,0.5211509466171265,0.3920041827959784
S-sf,P24,0,a panda playing a violin on a stage under spotlights,rare,81,1.3244255308061839,0.680335846543312,0.945469563268125,0.7138709028220794,2.4520510554313657,0.8414939512730543,0.0008932163422286976,11.249665653705597,0.0,0.9781498312950134,0.9922592043876648,0.9764267206192017,0.011139302141964435,463.2025448935271,55.6764030456543,0.3156735897064209,0.6410837173461914,0.6695943276087443,0.5920155048370361,-0.07931447405880476
S-sf,P08,2,"In a still frame, a stop sign",general,81,0.26554391444660724,0.22987853214144707,0.07824105550535024,0.29464339646045856,0.6726273506879806,0.7102427113935125,0.00028134736078300193,0.5075945153832435,0.0,0.994942307472229,0.9802317023277283,0.9895538687705994,0.00623518256470561,899.9474014530099,101.32184600830078,0.16027849912643433,0.6582721471786499,0.5914192199707031,0.5914192199707031,-0.30317606120874885
S-sf,P25,0,a giraffe wearing sunglasses roller-skating down a boardwalk,rare,81,4.615081492066383,2.705514526646584,3.6707613691687584,0.7953836958448799,9.16237506866455,0.6293965558415584,0.014814712346742453,26.92714672088623,1.0,0.906387984752655,0.9745228886604309,0.9493293762207031,0.02632197275524959,673.9077631554959,68.12158966064453,0.32000240683555603,0.7314541935920715,0.7577817837397257,0.689867377281189,0.26361658378026487
S-sf,P23,3,"an astronaut riding a horse on the moon, with the Earth visible in the sky",rare,81,0.3367038516327739,0.14833013204624876,0.28188204653561116,0.8371784521924411,0.4773024961352348,0.6031912675377018,0.0007288714009973773,2.0548358500003814,0.0,0.9733125567436218,0.9932279586791992,0.9878795146942139,0.007740512653253972,849.4283189874328,42.808204650878906,0.30497199296951294,0.4356772005558014,0.6025489270687103,0.49720504879951477,-0.11901035216228095
S-sf,P06,1,A person is reading book,general,81,0.8253929283469915,0.37750819106586275,0.637301262281835,0.7721177008875655,1.9468815505504604,0.44288429900088805,0.0011526817615504115,10.624192893505096,0.0,0.9527916312217712,0.9929208159446716,0.9831839799880981,0.010068882681662217,279.4050525059346,50.03628158569336,0.2151258885860443,0.7827037572860718,0.731148362159729,0.731148362159729,-0.03868440435044551
S-sf,P28,3,"two cats sitting side by side on a windowsill, one black and one white, watching birds outside",count,81,0.38634706987068057,0.0966493661981076,0.33355568246915934,0.8633553742893241,0.7541264921426771,0.5904042742338772,0.00020643402779114696,8.505345141887664,0.0,0.9842213988304138,0.9911991357803345,0.9870344996452332,0.010778684428078122,564.9097869141646,45.6015510559082,0.31152963638305664,0.7114306688308716,0.5289569695790609,0.4520745277404785,0.1906829355049089
S-sf,P11,2,A person is sweeping floor,general,81,5.855540288984775,0.06914943067822606,5.830637619644404,0.9957469910788231,16.53046360015869,0.38049609938456663,0.0001573510760181307,77.52814407348633,1.0,0.9276466369628906,0.9530048370361328,0.9567634463310242,0.025541745766531676,251.64313504071592,60.36898422241211,0.24869465827941895,0.7554765343666077,0.661440372467041,0.5116287469863892,0.11653917377216372
S-sf,P19,2,two dogs playing tug-of-war with a rope toy in a backyard,multi,81,2.173704667761922,0.57435662294738,1.8588536385446788,0.8551542493140668,4.195887732505798,0.37239159347543827,0.000765308935012854,19.021445178985594,1.0,0.9647440314292908,0.9785708785057068,0.9554041028022766,0.021949422487523407,406.72190967919715,76.52300262451172,0.29481539130210876,0.6914899945259094,0.5528700053691864,0.543075442314148,0.41637141224066543
S-sf,P13,1,a bear climbing a tree,general,81,2.7411428090184926,1.6680829526856542,1.6342086679302157,0.5961776476497117,6.508505702018737,0.9410309822558021,0.002313624148564486,11.93689980506897,1.0,0.9237655997276306,0.9670678973197937,0.9371359348297119,0.021790244278963655,1377.5267356450397,64.04055786132812,0.24212154746055603,0.6706699132919312,0.7286374270915985,0.6943886876106262,0.31268266731727
S-sf,P03,3,a boat sailing smoothly on a calm lake,general,81,0.3313095553778112,0.13927724397508429,0.2509424531832337,0.7574236591921154,0.6029209017753601,0.3338570197647736,0.0003907912853946982,2.145791766047478,0.0,0.9626396298408508,0.9873153567314148,0.9820635318756104,0.011283652606653049,1113.8348795458055,48.134334564208984,0.2790858745574951,0.7648871541023254,0.821690708398819,0.799895167350769,0.26020622811669547
S-sf,P01,0,a person drinking coffee in a cafe,general,81,0.7307585576549173,0.11056079905247315,0.6733099522069097,0.9213837098041259,2.4176370501518227,0.6406607301747048,0.00036246227765559527,13.392162668704987,1.0,0.9690960049629211,0.9873668551445007,0.9872203469276428,0.007558907588827424,140.77540278394775,60.50563049316406,0.2353488802909851,0.4981873631477356,0.6004341542720795,0.5337909460067749,-0.2941724966808996
S-sf,P27,1,five yellow rubber ducks floating down a small stream,count,81,0.1801686083432287,0.11828384251566604,0.10600568817462772,0.5883660909818019,0.4156465962529182,0.12044565897999898,0.00031484116334468126,1.2851717740297317,0.0,0.9901050925254822,0.9906255006790161,0.9794932007789612,0.016034385922830553,618.5247421392228,64.97168731689453,0.25605177879333496,0.6977629661560059,0.5692522327105204,0.5413901209831238,0.6821904766191675
S-sf,P14,2,A tranquil tableau of a bunch of grapes,general,81,0.1235674348194152,0.09199660365702585,0.05996607161359861,0.4852863249521121,0.41080795526504515,0.8438306835247859,0.00021794390582954292,0.3627790085971355,0.0,0.9956188201904297,0.998937726020813,0.9959120154380798,0.0032140120238182135,444.86080839281306,81.15496826171875,0.2554002106189728,0.7815461158752441,0.781505823135376,0.781505823135376,-0.8959697705459098
S-sf,P03,1,a boat sailing smoothly on a calm lake,general,81,0.9198923010379076,0.6784730389714241,0.5410705261863769,0.5881883535578438,1.3681173384189607,-0.13056558446820132,0.001115070714331523,4.632552856206894,0.0,0.9799043536186218,0.9815568923950195,0.9837479591369629,0.008865680417511613,539.2237014014083,52.89338684082031,0.26358768343925476,0.7779428362846375,0.8113056421279907,0.7964428663253784,-0.195516337385798
S-sf,P24,3,a panda playing a violin on a stage under spotlights,rare,81,0.7260101834312082,0.2830564572010189,0.6330874197185039,0.8720078067206397,1.3435482740402216,0.789973095671729,0.0005171433236682788,7.532136178016662,0.0,0.9835150837898254,0.9956621527671814,0.9826053380966187,0.009061181562719867,553.1573832483222,53.39408874511719,0.3210245370864868,0.7003469467163086,0.7163309454917908,0.6317269206047058,-0.11131135820119376
S-sf,P02,2,a bird soaring gracefully in the sky,general,81,2.6071133833378553,1.4831186721101404,1.5716705290600657,0.602839115577229,4.240257549285888,0.7379414181412107,0.0023904588832010633,21.98326368331909,1.0,0.8880777359008789,0.9711355566978455,0.9650049209594727,0.018955555674619973,171.91983654654982,53.776981353759766,0.23657184839248657,0.8171751499176025,0.8791708946228027,0.8791708946228027,0.19470755951835672
S-sf,P10,0,an airplane taking off,general,81,3.3090243116021156,1.0755191559903323,3.1858807399868967,0.962785243381654,6.349257683753967,0.7979012350947006,0.0018263384472447797,24.159535622596742,1.0,0.9683914184570312,0.9793466925621033,0.9769154787063599,0.011226730025373399,412.2582832394651,33.55552291870117,0.21421541273593903,0.6794953942298889,0.6837668120861053,0.666389524936676,-0.4332686492578448
S-sf,P20,2,a chef tossing vegetables in a flaming wok while a second cook plates dishes beside him,multi,81,1.4825181487947703,0.25260953227989374,1.384738054126501,0.9340439583881521,3.074741530418396,-0.007175606149542932,0.0005788160897282069,20.5538822889328,1.0,0.9703108072280884,0.9791914224624634,0.9676426649093628,0.02251960919238627,330.6243812694283,69.94241333007812,0.28357475996017456,0.708479106426239,0.7308323979377747,0.6692690253257751,0.5859805065423007
S-sf,P16,3,a surfer riding a large barreling wave and getting wiped out by the whitewater,fast,81,12.823348408937454,10.20703770518303,6.329541762173176,0.49359504762162165,22.190136623382564,0.7744329386388484,0.005179131892509759,24.83101921081543,1.0,0.8747228980064392,0.9663333892822266,0.9479443430900574,0.032368814060464504,332.7619278047707,60.35198974609375,0.23470480740070343,0.5661123991012573,0.6377184391021729,0.36983251571655273,-0.05762990778618926
S-sf,P28,1,"two cats sitting side by side on a windowsill, one black and one white, watching birds outside",count,81,0.27208678363822403,0.07517149280756712,0.22665193064603956,0.8330103160655045,0.8515933692455286,0.6780636561799721,0.00014217305681540893,5.325408637523651,0.0,0.984470546245575,0.9899947047233582,0.9900319576263428,0.007972999251796864,670.2842624802475,66.00991821289062,0.3114210367202759,0.7305779457092285,0.5398582220077515,0.4488598108291626,-0.06038053308859048
S-sf,P00,0,a horse taking a peaceful walk,general,81,1.59817601069808,0.9599311312660574,1.2060739181935787,0.7546560300393562,2.643851375579834,0.6835093701836291,0.0014682731678476557,4.974834382534027,0.0,0.9770854115486145,0.9821349382400513,0.9741068482398987,0.010857546259649098,249.80055670723445,63.7144660949707,0.1928018480539322,0.5922552347183228,0.7288943529129028,0.6562879085540771,-0.17018727537995826
S-sf,P04,3,a dog running happily,general,81,3.729589980840683,2.065667676925659,3.1278579354286196,0.8386597756957178,6.989311170578001,0.17384383326149885,0.005771578651911113,17.87333025932312,1.0,0.9340206384658813,0.9682416915893555,0.9573471546173096,0.023493790160864593,92.3864993953466,41.19810485839844,0.24191948771476746,0.6449390649795532,0.7459921836853027,0.6809713244438171,0.2505405037256172
S-sf,P25,1,a giraffe wearing sunglasses roller-skating down a boardwalk,rare,81,10.235055232048035,8.545393842458726,7.168199342489243,0.7003575925693656,15.618700456619262,0.7364452326597873,0.019209287042031065,36.6984760761261,1.0,0.9002496004104614,0.9585403800010681,0.9322123527526855,0.036732389801181854,520.213991770857,66.47505187988281,0.24788618087768555,0.7257544994354248,0.7228085597356161,0.6895548105239868,0.19034296942845597
S-sf,P15,1,"a cheetah sprinting at full speed across the savanna, dust flying behind it",fast,81,39.327482509613034,33.77410893440246,19.569252097606658,0.49759736324911913,57.57618675231933,-0.40794795872471606,0.047075609280727806,67.2514877319336,1.0,0.9643800854682922,0.9803706407546997,0.9116057753562927,0.05400099232792854,732.7967113470687,45.34121322631836,0.2890097200870514,0.7572640180587769,0.7823577125867208,0.7638479471206665,-0.17337109442604026
S-sf,P26,0,exactly four red apples rolling across a wooden table,count,81,0.8834706204012036,0.1500277770217508,0.8499139307066799,0.9620161090411885,1.292683482170105,0.6930296213999427,0.0001138080307441669,7.26510580778122,0.0,0.9685239791870117,0.981860339641571,0.9891736507415771,0.006970524185453542,170.60578875887586,93.60629272460938,0.2596336007118225,0.406482994556427,0.5710907975832621,0.5065733194351196,-0.4247571521907627
S-sf,P05,0,A person is playing guitar,general,81,1.2439619854092598,0.5350636306218803,1.0741665218025447,0.8635036045297982,2.5923023462295522,0.37093745208606926,0.0008977646454013666,12.055305743217469,1.0,0.9925692677497864,0.9934134483337402,0.9734017848968506,0.012638156994944439,458.7904596708309,70.2737808227539,0.22114506363868713,0.7184860706329346,0.6041629910469055,0.6041629910469055,0.0675645451919511
S-sf,P02,3,a bird soaring gracefully in the sky,general,81,0.7734134070575237,0.5143705234397202,0.4001335272565484,0.5173598055651268,1.2052769541740413,0.4560729810148386,0.0014415555539017077,5.530769330263138,0.0,0.9320187568664551,0.9668235778808594,0.9834921956062317,0.00931470085051842,565.635302585309,61.714908599853516,0.23636314272880554,0.7243779897689819,0.7619731426239014,0.7619731426239014,-0.09959994974932584
S-sf,P11,3,A person is sweeping floor,general,81,3.243994630128145,0.08242376032285392,3.2179390508681536,0.9919677514303673,6.605295848846433,0.7401927825213661,0.00022532982809480017,44.60754714012146,1.0,0.9247297644615173,0.9721269011497498,0.9634736776351929,0.021431807678891347,205.98242694429146,58.4339599609375,0.2440306544303894,0.7133116722106934,0.6947973370552063,0.545852780342102,0.2221803053281648
S-sf,P09,1,a cow chewing cud while resting in a tranquil barn,general,81,0.606554513052106,0.2740919389529154,0.47680367194116113,0.7860841451130318,0.9279807150363921,0.7110273681699447,0.0004506544449213834,3.035209584236145,0.0,0.9863240122795105,0.9934051632881165,0.9831099510192871,0.008121855807257817,438.08324387243147,69.831787109375,0.19657433032989502,0.43204379081726074,0.6158637702465057,0.4738214612007141,-0.17870304948379978
S-sf,P19,3,two dogs playing tug-of-war with a rope toy in a backyard,multi,81,0.8113496161997318,0.17669777375413104,0.7111673440784216,0.876522837203777,1.1725826501846313,0.5991727371678229,0.0002564082696153491,8.902189898490906,0.0,0.9764403700828552,0.986308217048645,0.9693546295166016,0.018285290920175612,535.1748500468041,76.43721771240234,0.3129606544971466,0.71413654088974,0.5608117282390594,0.5600083470344543,0.5624447699477768
S-sf,P08,1,"In a still frame, a stop sign",general,81,0.8283349567558617,0.05404623812064528,0.800492964615114,0.9663868362665392,3.1950401544570886,0.747729821260778,0.00010023964289302967,20.444528672099114,1.0,0.9694805145263672,0.978587806224823,0.99154132604599,0.005998974561225623,471.844350490287,90.27510070800781,0.17267562448978424,0.5460014939308167,0.5595411658287048,0.5595411658287048,-0.5574221225590898
S-sf,P17,0,"a red race car drifting around a tight corner on a wet track, tires smoking",fast,81,43.840124094486235,26.889003713428973,35.40344064235687,0.8075579293182619,88.11008605957029,0.785817422764397,0.0320033849493484,132.18692436218262,1.0,0.8456469774246216,0.9334670901298523,0.9217498898506165,0.04397554062306881,395.1625139867695,82.26333618164062,0.22020947933197021,0.841612696647644,0.8298116525014242,0.7727429866790771,-0.44090480240849494
S-sf,P22,2,a basketball player dribbling past two defenders and dunking the ball,multi,81,2.14417472332716,0.18187026265077294,2.0742673866450785,0.9673961719081478,4.8363477945327755,0.8820185126576421,0.00019125941557831538,16.346849393844604,1.0,0.9390355944633484,0.9479470252990723,0.9589628577232361,0.022825434035621584,1374.0472888300033,50.16899490356445,0.23249343037605286,0.6447953581809998,0.6890395283699036,0.563870370388031,0.4609833321738779
S-sf,P26,1,exactly four red apples rolling across a wooden table,count,81,0.4349883522838354,0.09113134262152016,0.3872742626816034,0.8903074538452211,0.6828470170497893,-0.2436063913607001,0.00010791656369519842,6.2785727143287655,0.0,0.986820638179779,0.9979786276817322,0.9935699105262756,0.005049458690336905,487.85023707559674,80.10003662109375,0.2231573760509491,0.48983234167099,0.5937542915344238,0.5136772394180298,-0.5877130654703855
S-sf,P22,1,a basketball player dribbling past two defenders and dunking the ball,multi,81,3.7815335504710674,2.3351353464648126,2.307089348137379,0.6100934203681898,8.972262239456168,0.29291617124842284,0.0027110649751193707,16.47047839164734,1.0,0.9154348373413086,0.9454094767570496,0.9398244023323059,0.02826565968571231,931.7769005566772,86.04474639892578,0.24242077767848969,0.71165531873703,0.7106913526852926,0.6435068249702454,0.4290428122250147
S-sf,P00,2,a horse taking a peaceful walk,general,81,1.3491170667111874,0.9824100349098444,0.8314044486731291,0.6162577384349209,2.098731410503387,0.8212718147137691,0.0013864017919331673,3.117823964357376,0.0,0.9884878396987915,0.9898774027824402,0.9780927896499634,0.009471901948563755,313.98539152235793,83.82974243164062,0.21142417192459106,0.6194766759872437,0.7222955524921417,0.6372669339179993,-0.24764176332533694
S-sf,P07,2,A tranquil tableau of a picturesque barn was painted a warm shade of red and nestled in a picturesque meadow,general,81,0.40410668107215314,0.3914634587243199,0.09783331048674881,0.24209713170307384,0.8719934612512589,0.8081675788006911,0.0005181820641496415,1.5257176622748374,0.0,0.9961784482002258,0.9965276718139648,0.9798812866210938,0.009868437837576493,1472.234474063815,118.15851593017578,0.2938311696052551,0.7856149673461914,0.6741131544113159,0.5036511421203613,0.09500190614728155
S-sf,P04,2,a dog running happily,general,81,3.6332668915390967,2.114695851504803,2.923320032656193,0.8045979872455369,5.0156262636184685,0.38023113692984506,0.01002837399719283,18.367153382301332,1.0,0.9208483695983887,0.9725141525268555,0.9549925327301025,0.02675645804265514,101.09733192750723,59.55465316772461,0.24251559376716614,0.5745722651481628,0.709227442741394,0.6169673204421997,0.3926350766179243
S-sf,P26,2,exactly four red apples rolling across a wooden table,count,81,0.10158228892832995,0.046122886572266,0.0789126225747168,0.7768268128273739,0.2765589356422424,0.789825963542805,0.00015931471647263608,1.033898487687111,0.0,0.9972139596939087,0.9983839392662048,0.9968737363815308,0.0025947298461687753,116.95753318471536,80.62916564941406,0.2661893963813782,0.43597233295440674,0.5730974674224854,0.5237637758255005,-1.098350823049672
S-sf,P01,2,a person drinking coffee in a cafe,general,81,0.411658484628424,0.05924760205671191,0.38993800822645425,0.9472343594328303,1.024444544315338,0.646654194333995,0.00015500491305147078,4.572972965240479,0.0,0.9677683711051941,0.9799745678901672,0.9904795289039612,0.005789921572431922,218.61448840772962,41.543060302734375,0.2960730195045471,0.5078511834144592,0.578978031873703,0.5529956221580505,-0.44129342774299296
S-sf,P18,0,a flock of hundreds of starlings swirling in a murmuration at dusk,fast,81,1.6795798897743226,1.0735854277387262,1.0135088060051203,0.6034295889978247,2.928982603549957,0.6573181027217996,0.0012972460246601259,10.030473828315735,0.0,0.974819004535675,0.9810604453086853,0.9694184064865112,0.02457356103695929,338.73198791523737,43.85691452026367,0.24891790747642517,0.6744811534881592,0.7971815466880798,0.7553809881210327,0.628490293564214
S-sf,P15,3,"a cheetah sprinting at full speed across the savanna, dust flying behind it",fast,81,13.16908940076828,13.012696701288224,5.952634045481682,0.45201558075221415,17.006466007232664,0.3950394102130938,0.007991325269904337,33.29990339279175,1.0,0.964857280254364,0.9810449481010437,0.9309301376342773,0.035294736619107425,821.5472159811798,62.3997802734375,0.2745431959629059,0.7690575122833252,0.7701391577720642,0.7613635063171387,0.014426786984418793
S-sf,P24,1,a panda playing a violin on a stage under spotlights,rare,81,0.8549107613041997,0.10963095689658076,0.8264830376952886,0.9667465990109412,1.6809275507926937,0.5876310617698929,0.00021175229705931996,11.856363427639007,1.0,0.9805564880371094,0.9903632998466492,0.9768796563148499,0.011568671610439197,530.2523988301721,68.0053939819336,0.3231174945831299,0.6729617118835449,0.6891852815945944,0.6046995520591736,0.09075167375492743
S-sf,P25,3,a giraffe wearing sunglasses roller-skating down a boardwalk,rare,81,4.247276224195957,3.7447642788290976,2.2989500768482687,0.5412762001386613,5.334775471687316,0.2512738793770555,0.0028806379212255708,14.70108392238617,1.0,0.9101590514183044,0.9643191695213318,0.9588391780853271,0.019460779416840525,906.6770008153214,69.48186492919922,0.33813896775245667,0.716445803642273,0.7443777124087015,0.716487467288971,0.0013344181510315245
S-sf,P15,0,"a cheetah sprinting at full speed across the savanna, dust flying behind it",fast,81,35.34198355674744,29.740645706653595,18.255919921398164,0.516550503610946,48.33038444519043,-0.45295044947429847,0.044056145125068724,59.66952209472656,1.0,0.9643021821975708,0.9798986315727234,0.9313377737998962,0.04736939379945397,628.3074237554572,77.29016876220703,0.2849712371826172,0.7375369071960449,0.7817888259887695,0.749309778213501,-0.24340397640684364
S-sf,P11,0,A person is sweeping floor,general,81,1.605463967844844,0.32690479839220643,1.4192794008180498,0.8840301278720972,3.9867025732994077,0.5547640767407627,0.0007908742377367162,35.3024653673172,1.0,0.9352210164070129,0.9692088961601257,0.974208414554596,0.016954895202070476,445.0325845014186,39.535125732421875,0.2272019237279892,0.7842571139335632,0.6498447358608246,0.48752927780151367,0.27383409241322276
S-sf,P19,0,two dogs playing tug-of-war with a rope toy in a backyard,multi,81,1.6466894708573818,0.7200337314978242,1.553070092573762,0.9431463411366713,3.166055643558502,0.20129050770898185,0.0015633732282367419,11.334875082969665,1.0,0.9697832465171814,0.9809465408325195,0.9661349654197693,0.01765631316229701,267.4255071119051,55.07119369506836,0.32111138105392456,0.6851169466972351,0.49460911750793457,0.45322710275650024,0.3051672713379183
S-sf,P00,1,a horse taking a peaceful walk,general,81,3.5140404507517813,2.5670886974781753,2.4406221702694895,0.6945342576273116,5.776645374298096,0.5658188808191518,0.003511407423138735,10.447737312316894,0.0,0.9716569185256958,0.971400260925293,0.956479549407959,0.014936481916811318,333.21914531341855,56.306663513183594,0.21141113340854645,0.6491034030914307,0.7438273429870605,0.6703411936759949,-0.17502483422772297
S-sf,P20,1,a chef tossing vegetables in a flaming wok while a second cook plates dishes beside him,multi,81,3.055475616455078,0.47621610374189915,2.9715928554534914,0.9725464235105462,5.218047332763671,0.24309127642057748,0.001557830510319036,39.05866737365723,1.0,0.9636062979698181,0.9851142764091492,0.9439226984977722,0.038778963452205065,511.5665195884933,77.71821594238281,0.2690696120262146,0.7401925325393677,0.7300260464350382,0.6485944986343384,0.841792393269841
S-sf,P27,2,five yellow rubber ducks floating down a small stream,count,81,0.5212066566571594,0.13075957425171508,0.4708576021715999,0.9033973238066246,0.8595463007688521,0.6062292294747524,0.0004019338500597769,5.961472451686859,0.0,0.9868723154067993,0.990694522857666,0.9788942337036133,0.015293811447918415,490.9218631717003,71.88973236083984,0.24619874358177185,0.686042308807373,0.5655250151952108,0.5247398614883423,0.4861235092057692
S-sf,P22,0,a basketball player dribbling past two defenders and dunking the ball,multi,81,4.5463742688298225,1.7602941488847137,3.620439884066582,0.7963354694647623,9.827352333068847,0.2975465842101101,0.002087177702742338,27.627165174484254,1.0,0.9189058542251587,0.9125915765762329,0.9289832711219788,0.03515219632536173,1225.548944654031,91.35325622558594,0.23211264610290527,0.632036030292511,0.6991010109583536,0.6711345911026001,0.5601061136486631
S-sf,P03,2,a boat sailing smoothly on a calm lake,general,81,0.5754526913166046,0.21289131108205767,0.5054124558344484,0.8782851921204885,0.7980780959129333,0.2395251159407342,0.0003799224433805648,4.328469932079315,0.0,0.9835315942764282,0.9866837859153748,0.9849987626075745,0.009754134685499594,620.4459511755016,47.899715423583984,0.2262020707130432,0.6804236769676208,0.8043315708637238,0.7698488831520081,0.015866961964063897
S-sf,P09,0,a cow chewing cud while resting in a tranquil barn,general,81,0.4050692410208285,0.19343135161325337,0.31917728343978524,0.787955399131316,0.9257265150547023,0.5157149277218875,0.00032385842005169254,3.5650332480669022,0.0,0.9927350878715515,0.9973278045654297,0.9875335097312927,0.007166592017165385,311.13906915558084,80.86624145507812,0.2045578956604004,0.43715745210647583,0.634756863117218,0.4893062710762024,-0.2252728935677215
S-sf,P20,3,a chef tossing vegetables in a flaming wok while a second cook plates dishes beside him,multi,81,1.5982426971197128,0.08911180678987876,1.5544730298221112,0.9726132708194106,3.254815661907196,0.47228586293616004,0.0001516025164733037,20.586156940460206,1.0,0.9552896618843079,0.9521350264549255,0.9715185761451721,0.01879769240040332,416.74351457127426,58.3313102722168,0.2627968490123749,0.7496641874313354,0.6539422273635864,0.5894474983215332,0.3786325518849951
S-sf,P13,0,a bear climbing a tree,general,81,2.94796328805387,2.160888245329261,1.405306390300393,0.4767040075740269,6.438063359260556,0.6665670728067096,0.003392295501043918,12.109691715240478,1.0,0.9240018725395203,0.9715696573257446,0.9284108877182007,0.023333247541449963,1023.5443503139011,55.242794036865234,0.25948116183280945,0.7079465985298157,0.7690253853797913,0.7311134338378906,0.3495585852309451
S-sf,P06,0,A person is reading book,general,81,0.3756673350464553,0.17038408149965106,0.277989141875878,0.739985556252703,0.9166986197233199,0.5391998445271218,0.0004229049475725333,5.219702127575874,0.0,0.9722036719322205,0.9955232739448547,0.9916002750396729,0.005921055376529693,315.9423174542826,38.54124450683594,0.22161614894866943,0.8013253211975098,0.7295734882354736,0.7295734882354736,-0.40376416982829966
S-sf,P10,1,an airplane taking off,general,81,3.234448281675577,2.6155951540917157,2.79823145121336,0.8651338164634201,6.971742534637451,0.9373119134004742,0.0029189510340074777,13.750685691833496,1.0,0.9829425811767578,0.9793481826782227,0.9791220426559448,0.01161994663416408,465.35837089212527,44.537681579589844,0.21446658670902252,0.7177664041519165,0.7084635496139526,0.6957968473434448,-0.3886134235222132
S-sf,P13,3,a bear climbing a tree,general,81,2.1669277913868426,0.99895747769624,1.540877334587276,0.7110881265281951,3.583955156803129,0.7923954930656057,0.0017731478071709716,11.505438613891602,1.0,0.9433650970458984,0.9672520756721497,0.9423057436943054,0.025052351667545734,1668.9545648649892,65.10263061523438,0.2651212215423584,0.6887603998184204,0.7725298404693604,0.7320464849472046,0.5498455196258409
S-sf,P16,2,a surfer riding a large barreling wave and getting wiped out by the whitewater,fast,81,4.832347951829433,3.222388544678688,3.4033650681376457,0.7042879357562118,7.384463620185851,0.6965121509505627,0.0035082043264992534,16.783704829216003,1.0,0.8496145606040955,0.9678888320922852,0.9390554428100586,0.030428652348928154,461.5955311986871,46.924354553222656,0.22743335366249084,0.6287434101104736,0.6493439674377441,0.38642680644989014,0.3863411511713837
S-sf,P12,2,a motorcycle turning a corner,general,81,6.825656834244728,4.26303743571043,4.916749800741672,0.7203334711672842,12.863838577270508,0.8795361293321453,0.00925095219281502,31.71930468082428,1.0,0.9072433710098267,0.923394501209259,0.9292557239532471,0.028273057006299496,1439.4029072609476,69.87627410888672,0.2156020998954773,0.6666203141212463,0.7284860014915466,0.6903365850448608,0.1405581410998482
S-sf,P09,3,a cow chewing cud while resting in a tranquil barn,general,81,0.41543131140060724,0.2856747083365917,0.21303341197781264,0.5127993324823055,0.8242443233728407,0.42844676896320477,0.0004426683930432773,1.4233069583773612,0.0,0.9928855895996094,0.9910381436347961,0.9860962629318237,0.00791623982368037,635.9589799278654,54.53269958496094,0.21205437183380127,0.4281384348869324,0.5783195495605469,0.42728590965270996,-0.13010660219532078
S-sf,P18,2,a flock of hundreds of starlings swirling in a murmuration at dusk,fast,81,2.3003326550126078,0.5549425953067839,2.1090381294488907,0.9168400961543691,2.9920460700988762,0.10735848540572158,0.0014263047529311733,19.877172923088075,1.0,0.980922520160675,0.9861404299736023,0.9507290720939636,0.03781675323843956,468.97907952042607,50.8104133605957,0.25422364473342896,0.7460073232650757,0.7842885851860046,0.7621815800666809,0.93743277990305
S-sf,P27,0,five yellow rubber ducks floating down a small stream,count,81,0.43423964492976663,0.08579164059628966,0.3830607758834958,0.8821393859744553,0.6539011627435684,0.2334430888882732,0.00027766302005147734,5.8533873677253725,0.0,0.9945187568664551,0.9965484738349915,0.9825683236122131,0.01438580199610442,483.03578837047854,54.81822204589844,0.24926137924194336,0.7461881637573242,0.5765812794367472,0.5492787957191467,0.4594250089137262
S-sf,P06,2,A person is reading book,general,81,0.434293938241899,0.1216587316710502,0.3844321629963815,0.8851868376652728,1.0944892704486844,0.743350791889921,0.0002465469216531346,6.886146432161331,0.0,0.9764354825019836,0.9968605041503906,0.9846622347831726,0.009220496466150507,735.9800483707734,32.37113571166992,0.22868864238262177,0.7651886343955994,0.6919108033180237,0.6919108033180237,0.014628894620985378
S-sf,P10,3,an airplane taking off,general,81,5.64162972420454,4.331703932583332,3.6440225787460805,0.6459165367048871,10.297778272628785,0.8728380195445734,0.005963890407292638,11.431970715522766,1.0,0.9777494668960571,0.9752363562583923,0.9797199368476868,0.011923776665935294,466.99311478159626,68.20420837402344,0.19158604741096497,0.6955246329307556,0.7147420346736908,0.7048314809799194,-0.6266162400917423
S-sf,P03,0,a boat sailing smoothly on a calm lake,general,81,0.8589242488145828,0.5265739543829113,0.7050759010948241,0.8208815634048611,1.7111936450004577,0.4801342014319719,0.0021901970862927556,4.163205569982528,0.0,0.9822923541069031,0.9738608598709106,0.9756983518600464,0.012672345573082566,663.2170928505458,72.19713592529297,0.252999871969223,0.7420104742050171,0.7980055510997772,0.776771068572998,0.18059872231260243
S-sf,P18,3,a flock of hundreds of starlings swirling in a murmuration at dusk,fast,81,1.628768952563405,0.6807496338617056,1.4150181520730256,0.8687648920868348,3.310472536087036,0.8544631312320768,0.001523297115522837,17.37239556312561,1.0,0.972101628780365,0.9796388745307922,0.9619852304458618,0.03221873955335468,881.6732394040731,53.438621520996094,0.24506351351737976,0.7293712496757507,0.755830725034078,0.7417138814926147,0.9105785427952053
S-sf,P16,1,a surfer riding a large barreling wave and getting wiped out by the whitewater,fast,81,11.930673313140868,10.131871819496155,5.043367260694504,0.422722733713346,16.21643199920654,0.6356858046949178,0.014817127127025742,21.533596229553222,1.0,0.8690891265869141,0.9729390144348145,0.9497132301330566,0.029571090964600442,316.4958054267602,39.38639831542969,0.20750807225704193,0.5826280117034912,0.6325358351071676,0.3429654836654663,-0.10889816609158842
S-sf,P01,1,a person drinking coffee in a cafe,general,81,0.9556012894958258,0.39345082861837,0.8482928002253175,0.8877048637805958,2.198020040988922,0.8769951327131364,0.0012608790053945996,4.757133537530899,0.0,0.9787502288818359,0.9901301264762878,0.985245943069458,0.0072940625890623775,147.32137895460644,65.49774932861328,0.25056183338165283,0.43260812759399414,0.5769892632961273,0.5070785284042358,-0.4014203037453443
S-sf,P21,1,three children chasing each other around a fountain in a city square,multi,81,1.5492854736745358,0.35323066138662396,1.3261218104511499,0.8559564889932249,3.4450608491897583,0.4954360797147666,0.00047613056510726893,16.81049826145172,1.0,0.947766900062561,0.9560462832450867,0.962168276309967,0.02399423284223303,681.2583851463403,87.8963623046875,0.3118499219417572,0.7367996573448181,0.701195220152537,0.6377694606781006,0.6338495817927856
S-sf,P12,3,a motorcycle turning a corner,general,81,4.447437929362058,2.278086260985583,3.4594645142555236,0.7778554285290096,8.70846939086914,0.7883607192491752,0.005072113445385185,15.831963610649108,1.0,0.8795921206474304,0.9591661691665649,0.9373248815536499,0.026683241431601345,1687.6559777193913,74.16619873046875,0.19623973965644836,0.6045593023300171,0.7844114303588867,0.7369276285171509,0.29501321369443545
S-sf,P28,0,"two cats sitting side by side on a windowsill, one black and one white, watching birds outside",count,81,0.11226514836307615,0.06257133582257665,0.0800393192563206,0.7129425959949044,0.24459766075015063,0.68139517382484,0.00010505139251790752,1.0608238823711873,0.0,0.991537868976593,0.9952619671821594,0.9946272373199463,0.004336641184636392,531.3040192510456,52.63553237915039,0.3403831720352173,0.6889975070953369,0.5133172869682312,0.4402416944503784,-0.5905444426187039
S-sf,P12,0,a motorcycle turning a corner,general,81,7.874782346189022,4.3907428635284305,7.150665289163589,0.9080459708931716,29.063641357421876,0.9618519491051284,0.010398338116374362,33.120067024230956,1.0,0.9458492398262024,0.960484504699707,0.9564180970191956,0.02137973295757547,886.1942293573187,68.89440155029297,0.208867147564888,0.7283206582069397,0.7842323780059814,0.7780689001083374,-0.21263293003010864
S-sf,P17,3,"a red race car drifting around a tight corner on a wet track, tires smoking",fast,81,33.71288436055183,20.117682948708534,29.976719208061695,0.8891769092875716,66.98941574096679,0.9630863947994313,0.03660376651678234,92.60720653533936,1.0,0.8818656802177429,0.9365335702896118,0.9369947910308838,0.03499541237251833,498.138793933821,60.535884857177734,0.25143712759017944,0.8320777416229248,0.7655928532282511,0.6854116916656494,-0.5192751268550353
S-sf,P09,2,a cow chewing cud while resting in a tranquil barn,general,81,0.27580701117403805,0.15018294150941075,0.18466436020098626,0.6695395083519199,0.503284254670143,0.6261340169403308,0.0002348938111708776,2.231172177195549,0.0,0.9931241273880005,0.995384693145752,0.9881624579429626,0.007450169313233346,541.951391669265,81.79719543457031,0.18307924270629883,0.4803365468978882,0.5632217079401016,0.40437445044517517,-0.12990730316625942
S-sf,P02,0,a bird soaring gracefully in the sky,general,81,10.989571648836137,9.71842156946659,4.482011513411999,0.4078422024796999,20.734766578674318,-0.28321902674984595,0.0112196134054102,24.481468868255615,1.0,0.8893248438835144,0.9482967257499695,0.9796263575553894,0.013596299034543336,60.2210786132625,32.60737991333008,0.230772465467453,0.8239367008209229,0.8604323863983154,0.8604323863983154,-0.8415684100233429
S-sf,P23,0,"an astronaut riding a horse on the moon, with the Earth visible in the sky",rare,81,1.0796217303723097,0.4361787164118141,0.98527005687356,0.9126058845887656,1.4478449940681457,0.18508413455696573,0.0012548997080557456,6.552576637268066,0.0,0.9685832858085632,0.9907588958740234,0.9777514934539795,0.012335130700375885,822.6961564641931,15.631811141967773,0.3000999391078949,0.4224666655063629,0.5583420395851135,0.4574117660522461,0.08787526315714089
S-sf,P15,2,"a cheetah sprinting at full speed across the savanna, dust flying behind it",fast,81,26.77542725801468,21.884901428222655,15.86339003443718,0.5924607398086638,43.223932075500485,-0.10262758014718293,0.03131711855530739,49.683398723602295,1.0,0.9609533548355103,0.9778751730918884,0.9280731678009033,0.04454771801829338,579.2991887922442,53.3045539855957,0.2900390923023224,0.7916353940963745,0.7751849293708801,0.7378342747688293,-0.1472580562132988
S-sf,P25,2,a giraffe wearing sunglasses roller-skating down a boardwalk,rare,81,3.1142987996339797,1.782515924423933,2.5742842093110085,0.8266012827710297,4.108900189399719,0.4757169266788206,0.01024171824210498,12.22083044052124,1.0,0.855251133441925,0.9353981018066406,0.9562047123908997,0.019836103438865393,840.1684445859454,71.55065155029297,0.27226245403289795,0.7394595146179199,0.767765740553538,0.7593504786491394,0.1630024949925124
S-sf,P12,1,a motorcycle turning a corner,general,81,16.22950068116188,11.330390143394471,11.691335439682007,0.7203755031648647,23.2048508644104,0.8186327462551652,0.031141210056375712,36.284423446655275,1.0,0.901881217956543,0.9458033442497253,0.9236913323402405,0.03190924567170441,913.0389130170968,51.51395034790039,0.206338033080101,0.6893028020858765,0.7723743915557861,0.7425389289855957,-0.2010286396636194
S-sf,P29,0,a full glass of water tipping over on a table and spilling across the surface,physics,81,1.6114025115966797,0.7673651088029146,1.5340026017278432,0.9519667734916732,3.7403367519378663,0.8457998052626764,0.002511374871573935,12.038399946689605,1.0,0.8631472587585449,0.9471401572227478,0.9707304835319519,0.017127239366527647,420.3249590682205,31.967500686645508,0.27221179008483887,0.4837275743484497,0.620593378941218,0.4878194034099579,0.28261265939806
S-sf,P17,2,"a red race car drifting around a tight corner on a wet track, tires smoking",fast,81,45.9409192442894,31.240050748735666,34.34038411602378,0.7474901228233972,86.42004089355468,0.8972722090017043,0.052205110467912166,122.04274120330811,1.0,0.8855127692222595,0.9276429414749146,0.9011924266815186,0.04812138448469341,565.0959963334213,77.92131042480469,0.24304066598415375,0.8431093692779541,0.8229297598203024,0.7586551308631897,-0.3776496836520229
S-sf,P28,2,"two cats sitting side by side on a windowsill, one black and one white, watching birds outside",count,81,0.1540436477633193,0.0738342466414906,0.10825163517147303,0.7027289603582684,0.42267925441265086,0.8271204868500168,0.00019642630682028538,2.0046371057629586,0.0,0.9788886904716492,0.9945899248123169,0.9944976568222046,0.004033163940766827,566.9921141216328,31.550004959106445,0.3051745295524597,0.7255169153213501,0.536602258682251,0.4591292142868042,-0.6846880189378393
S-sf,P14,1,A tranquil tableau of a bunch of grapes,general,81,0.0541863557882607,0.04597913734614849,0.02485331241041422,0.458655198226124,0.08507705666124814,0.3456349669047953,0.0001660304958022607,0.11435168366879225,0.0,0.9981582760810852,0.9992849230766296,0.9964253902435303,0.002977552605443634,413.18668863574896,106.00371551513672,0.2641904354095459,0.7976102828979492,0.7742146253585815,0.7742146253585815,-0.9350047985013905
S-sf,P14,0,A tranquil tableau of a bunch of grapes,general,81,0.10934135590214282,0.06933279397781007,0.0626438036793843,0.5729143401249565,0.23956766128540036,0.5438161344680243,0.00016022780281446102,0.8909931354224682,0.0,0.9956995248794556,0.9984886050224304,0.9951133728027344,0.0038208385929465296,460.2227235952745,91.71505737304688,0.26198911666870117,0.796905517578125,0.7753547430038452,0.7753547430038452,-0.7156007899347454
S-sf,P21,2,three children chasing each other around a fountain in a city square,multi,81,2.004873239248991,0.9757348937913776,1.4229283176362515,0.7097344510592686,3.7339326262474053,0.3715194261907907,0.0009441916278774443,11.60453908443451,1.0,0.9479779601097107,0.9685365557670593,0.9589943289756775,0.022947619028855115,366.324839212703,67.40666961669922,0.295369029045105,0.6924782991409302,0.67013551791509,0.5577508211135864,0.4928821665354235
S-sf,P06,3,A person is reading book,general,81,0.28760003414936364,0.2458158555207774,0.08971165549010038,0.3119309210950516,0.6379224866628646,0.2819604887791045,0.000513565813639616,0.767713512480259,0.0,0.9889411926269531,0.9921079874038696,0.9877403974533081,0.007564663785160519,1039.1495724396345,34.85813903808594,0.2239498347043991,0.7486900091171265,0.6507599353790283,0.6507599353790283,-0.1200510838549036
S-sf,P18,1,a flock of hundreds of starlings swirling in a murmuration at dusk,fast,81,3.9142028868198393,1.7055028872564435,3.3143848553299904,0.8467583578081871,6.113149070739746,-0.5408042223178299,0.002484317133712466,28.794114446640016,1.0,0.965826153755188,0.9757103323936462,0.9395117163658142,0.046223223116248845,401.2718055421547,41.99205017089844,0.2752588093280792,0.7635146975517273,0.7922298113505045,0.7623003721237183,0.9048229001811743
S-sf,P14,3,A tranquil tableau of a bunch of grapes,general,81,0.06392227297183126,0.05190281507675536,0.02666928592370823,0.41720776618338123,0.17458184584975223,0.5561216172509849,0.00011296805194547233,0.14380212388932706,0.0,0.9975614547729492,0.9985538721084595,0.9964548349380493,0.0028437273227609693,299.74313860375554,88.23548126220703,0.2604846954345703,0.8021928668022156,0.7866668701171875,0.7866668701171875,-0.9863632495814754
S-sf,P05,1,A person is playing guitar,general,81,1.9370277866721153,1.0928952172398567,1.496117601171136,0.7723775771765992,3.896368336677551,0.6810899126057656,0.0015697578723120388,12.125072336196899,1.0,0.9785599112510681,0.9899439215660095,0.9633535742759705,0.015012284112162887,364.4500183688015,90.78793334960938,0.22763840854167938,0.69968581199646,0.5993881225585938,0.5993881225585938,0.08194503832366795
S-sf,P19,1,two dogs playing tug-of-war with a rope toy in a backyard,multi,81,1.797118929028511,0.4931739256251603,1.5868424572050572,0.8829919648506008,3.274625301361084,0.2018708512341768,0.0010514653053178336,14.68062596321106,1.0,0.966016948223114,0.978789746761322,0.9494984149932861,0.02763311315793544,367.47187841896704,71.50907135009766,0.31500810384750366,0.6633799076080322,0.5295351147651672,0.5174351930618286,0.7206677141368676
S-sf,P27,3,five yellow rubber ducks floating down a small stream,count,81,0.39880060255527494,0.17314172899350525,0.3082772876136005,0.7730091495077994,0.5828144162893294,0.30478462650307586,0.00017949919283637427,4.027950322628021,0.0,0.9876901507377625,0.9950746893882751,0.9834623336791992,0.012933785776840522,640.8512938865024,63.8284912109375,0.26066356897354126,0.7131701707839966,0.5778595805168152,0.5235801935195923,0.36769836391842325
S-sf,P29,1,a full glass of water tipping over on a table and spilling across the surface,physics,81,1.3121423598378896,0.2846715931314975,1.274082213640213,0.9709931495576986,2.1768616437911987,0.14337090684361173,0.000920412632353873,10.257192766666412,0.0,0.8757217526435852,0.9518505334854126,0.9693087935447693,0.02004933650023304,409.3850065737555,43.1295051574707,0.2708810865879059,0.4912535548210144,0.6154161393642426,0.47139450907707214,0.5114675673201385
S-sf,P13,2,a bear climbing a tree,general,81,1.2844554830342532,0.7946016179397702,0.726752981543541,0.5658058417259437,3.0087286472320547,0.6905691512425967,0.0010033521311470395,6.49539407491684,0.0,0.9588721394538879,0.9880184531211853,0.9562479257583618,0.019221662578638644,1728.7088026734205,60.321632385253906,0.2560879588127136,0.7074229717254639,0.7775883376598358,0.7429808378219604,0.4763723563660087
S-sf,P04,0,a dog running happily,general,81,4.634596595168114,2.7308387413620947,4.113538315892219,0.8875718401487251,6.851998472213744,0.4418595107977784,0.009291113891231361,16.490515327453615,1.0,0.9644409418106079,0.9832274317741394,0.9585078358650208,0.017460022296290845,72.35150252709738,66.60623168945312,0.2475927174091339,0.5627878904342651,0.6896596848964691,0.5839554071426392,-0.1488878551257944
S-sf,P07,3,A tranquil tableau of a picturesque barn was painted a warm shade of red and nestled in a picturesque meadow,general,81,0.3064763086847961,0.29324984855484215,0.09312782473862172,0.3038653175932228,0.5331306308507919,0.5998106167531682,0.00019653533416885693,1.0239187091588975,0.0,0.9962329268455505,0.9972397685050964,0.9835706353187561,0.009095997412805446,1137.8933012973057,121.70862579345703,0.2845793068408966,0.7941008806228638,0.6787837445735931,0.528960108757019,0.05574316674874691
S-sf,P00,3,a horse taking a peaceful walk,general,81,1.2192139934748412,1.0153104910627007,0.48916850592941047,0.40121595333670296,1.9836884081363675,0.46986976722928747,0.0013243074276942934,2.542599046230316,0.0,0.9749056100845337,0.9883929491043091,0.9746509194374084,0.010623766609933227,475.3887962740967,74.87708282470703,0.2280425727367401,0.5599250197410583,0.7350001037120819,0.6595715284347534,-0.09954742555618523
S-sf,P10,2,an airplane taking off,general,81,4.5521995514631275,3.837851531803608,2.317020672559738,0.5089891463184815,6.772315979003906,0.6583485365414214,0.006283233489375562,7.326931953430176,0.0,0.9854634404182434,0.9898059964179993,0.9838315844535828,0.008382993401028216,380.1239232939594,48.99089431762695,0.23156437277793884,0.6624361276626587,0.682968407869339,0.6282536387443542,-0.8739003572371367
S-sf,P08,3,"In a still frame, a stop sign",general,81,0.08475534154567868,0.06892781889764592,0.03376927144126966,0.3984276671860596,0.22008454874157898,0.5351544196700243,0.00011775333227319607,0.20113768111914396,0.0,0.9960924983024597,0.993966281414032,0.9938845038414001,0.004131904392852448,836.4615995869556,121.18628692626953,0.19101199507713318,0.4998028576374054,0.6035535335540771,0.6035535335540771,-0.6242160432214909
S-sf,P01,3,a person drinking coffee in a cafe,general,81,0.29272389570251106,0.10384909141575918,0.2310557432938367,0.7893272717352092,0.7034978747367858,0.9370500968800793,0.0002071889832677698,3.718870720267296,0.0,0.9556390643119812,0.9880356192588806,0.9895952343940735,0.006241709605092183,412.50640152402315,46.455299377441406,0.2687934637069702,0.43268120288848877,0.5605945587158203,0.5091782808303833,-0.3145845942462948
S-sf,P29,2,a full glass of water tipping over on a table and spilling across the surface,physics,81,1.4014350064098835,0.6706910538487136,1.2873368162661791,0.9185840883052542,1.9859176993370053,0.6482338569107503,0.0041222207339160375,7.750003409385681,0.0,0.8436042666435242,0.9419013857841492,0.9529353380203247,0.026090031652711333,751.2868393681804,40.30332565307617,0.2687346935272217,0.431024968624115,0.5734915534655253,0.4020478129386902,0.7526043112407899
S-sf,P11,1,A person is sweeping floor,general,81,1.7238481981679796,0.09605550918495283,1.687753176409751,0.9790608007959226,4.479915285110473,0.6152661598037608,0.00023557907979920856,26.51472141742706,1.0,0.9571817517280579,0.9819406867027283,0.9720391631126404,0.018149722332600503,312.379649695343,62.85269546508789,0.23160205781459808,0.7712206244468689,0.6676806509494781,0.5191287994384766,0.31588501754660836
S-sf,P17,1,"a red race car drifting around a tight corner on a wet track, tires smoking",fast,81,48.36863528490066,41.029406023025516,23.524254113435745,0.4863534703536672,81.21963996887206,0.8149849407997944,0.05388873467454687,82.72885160446167,1.0,0.878177285194397,0.9285001754760742,0.9217609167098999,0.03634435716085136,582.0134052002974,57.57447814941406,0.25050419569015503,0.8549875020980835,0.8307874997456869,0.7654922008514404,-0.6878857086631798
S-sf,P04,1,a dog running happily,general,81,12.548508286476135,10.328325566649436,8.611686128377915,0.6862716464384307,25.882900714874268,0.4641259765886335,0.015988481690874322,40.04737038612366,1.0,0.9397425651550293,0.9716314673423767,0.9344770312309265,0.033520284842234106,93.63653571853901,60.84487533569336,0.26234883069992065,0.5992236137390137,0.717239260673523,0.6474277973175049,-0.010904942680001639
S-sf,P26,3,exactly four red apples rolling across a wooden table,count,81,0.1581210821401328,0.11056803449755534,0.08834611801430584,0.5587209377625746,0.28069608658552164,0.2024942216592506,0.00018832643005453064,0.9302834302186966,0.0,0.9876710176467896,0.9978732466697693,0.9963010549545288,0.003047600649006199,221.1412578899804,80.33707427978516,0.23873548209667206,0.4968969225883484,0.612047036488851,0.5263123512268066,-0.9668716031299782
S-sf,P23,1,"an astronaut riding a horse on the moon, with the Earth visible in the sky",rare,81,0.3727594858035445,0.11366783361881971,0.3559466142207384,0.9548936321762724,0.5977590590715408,0.8042801552830455,0.0001545482972460377,2.379167938232422,0.0,0.9631895422935486,0.9903913736343384,0.9844301342964172,0.007849782746052369,1051.3091811948912,35.499942779541016,0.30110982060432434,0.5813183188438416,0.6950437823931376,0.6035279035568237,-0.12059428976755626
S-sf,P07,0,A tranquil tableau of a picturesque barn was painted a warm shade of red and nestled in a picturesque meadow,general,81,1.6297893904149532,0.5251810310408473,1.5164534233510494,0.9304591757747157,2.850160813331604,0.8618311110431263,0.0011915249709318232,11.989828419685363,1.0,0.9855880737304688,0.9912346005439758,0.97578364610672,0.013180199090857058,810.7571673651046,87.50988006591797,0.28167903423309326,0.8347188830375671,0.7105417847633362,0.5620143413543701,0.016563277823774314
S-sf,P21,0,three children chasing each other around a fountain in a city square,multi,81,2.3288440473377703,1.523055374994874,1.8474311448633671,0.7932821236755387,3.9212485671043384,0.6453887733698968,0.0065465047300676815,10.42890625,0.0,0.9385671615600586,0.9519060254096985,0.9521621465682983,0.026485136756673456,563.2137075624603,82.72335815429688,0.3190547525882721,0.7949042916297913,0.7508472800254822,0.6513687372207642,0.5762339297560612
S-sf,P16,0,a surfer riding a large barreling wave and getting wiped out by the whitewater,fast,81,23.34827548265457,20.41618710756302,8.757058745622635,0.37506232000157486,35.79925384521484,0.6821869210458963,0.026507842168211938,40.82992458343506,1.0,0.8853716254234314,0.9695002436637878,0.9394139647483826,0.046925252815708515,480.49111204510433,28.793668746948242,0.2012740522623062,0.5361737608909607,0.6325003703435262,0.34188711643218994,-0.01807855161495997
S-sf,P05,2,A person is playing guitar,general,81,0.9539451964199543,0.3704243106767535,0.7688207460567356,0.8059372205078521,1.9679067552089688,0.044114680682265386,0.0005306525919422711,8.282935106754303,0.0,0.9958810806274414,0.9920493364334106,0.9817663431167603,0.010492254688870162,410.6110492659814,59.732826232910156,0.23431122303009033,0.568626880645752,0.6159430742263794,0.6159430742263794,-0.03738886770740546
S-sf,P08,0,"In a still frame, a stop sign",general,81,2.0241856690030544,0.08339214576408267,1.9663781022187323,0.9714410890707061,4.409427309036254,0.8823592383739514,9.722072664999359e-05,40.675859212875366,1.0,0.9822463989257812,0.9540091753005981,0.9881290197372437,0.010380607916158625,1131.019763915287,78.5934829711914,0.13511019945144653,0.6252931356430054,0.5247519612312317,0.5247519612312317,-0.30409473890257743
S-sf,P02,1,a bird soaring gracefully in the sky,general,81,2.5495932538062336,2.1280086781829595,0.9842688714154064,0.38604921937912784,5.090806412696836,0.14777473159997642,0.0014671961422209278,8.384911966323852,0.0,0.9262847900390625,0.976087749004364,0.9843231439590454,0.009376923134550453,125.6652380476968,33.74184799194336,0.23037707805633545,0.8073151707649231,0.8834037780761719,0.8834037780761719,-0.4996622788222105
S-sf,P22,3,a basketball player dribbling past two defenders and dunking the ball,multi,81,1.0278431493788958,0.4670364290243015,0.75451133325696,0.7340717303424795,1.7221381366252895,0.7700424725994361,0.0006492909537882952,7.396195638179779,0.0,0.9430038332939148,0.9639137387275696,0.9627118110656738,0.020609297684859484,1250.4095999931778,68.52112579345703,0.24835115671157837,0.6677075028419495,0.6776585380236307,0.5669823288917542,0.6159115140792428
S-sf,P20,0,a chef tossing vegetables in a flaming wok while a second cook plates dishes beside him,multi,81,1.104624728113413,0.15614532341714948,1.039671777933836,0.9411982280274138,1.9752401530742645,0.728498977804203,0.00027241620121003506,17.241654562950135,1.0,0.961888313293457,0.9710466265678406,0.9716060757637024,0.02026862060884014,338.49122339186164,62.12428283691406,0.26806724071502686,0.6882419586181641,0.6857453187306722,0.6321369409561157,0.5774613680192178
