variant,pid,seed,prompt,subset,n_frames,flow_total,flow_global,flow_residual,residual_frac,flow_total_p95,residual_autocorr,zoom_abs,dynamic_degree_score,dynamic_degree,subject_consistency,background_consistency,temporal_flicker,warp_error,sharpness,colorfulness,clip_t,vqascore,vqa_yes,vqa_min_q,warp_error_adj
S-bi-causvid,P23,2,"an astronaut riding a horse on the moon, with the Earth visible in the sky",rare,81,1.5234034195542336,0.850816292129457,1.1032746020704507,0.7242164903219082,1.9406138002872466,0.2866029099274054,0.0022089438876719213,3.9183612763881683,0.0,0.9600702524185181,0.9826107025146484,0.9661946892738342,0.011637138272635638,1040.6970743203867,54.395755767822266,0.2911267876625061,0.544509768486023,0.6876160105069479,0.6195074915885925,-0.06933915787585931
S-bi-causvid,P07,1,A tranquil tableau of a picturesque barn was painted a warm shade of red and nestled in a picturesque meadow,general,81,1.801670428365469,1.7468520641326903,0.6826311642304063,0.3788877114234475,2.4930279612541195,0.40119950658267095,0.000587154662116518,5.9130060315132145,0.0,0.993366539478302,0.9947450757026672,0.9680004119873047,0.010306474356912076,985.8256187811136,99.5289077758789,0.283762663602829,0.7971173524856567,0.6776249408721924,0.5949807167053223,-0.24989601991769472
S-bi-causvid,P21,3,three children chasing each other around a fountain in a city square,multi,81,1.9958584435284137,1.1908315813168884,1.548691176623106,0.7759520249007246,3.128472697734833,-0.12231693121278742,0.0013755686699369108,5.8476542115211485,0.0,0.9522367715835571,0.9883491396903992,0.9716845154762268,0.015133080666419118,325.8949698141206,70.86536407470703,0.2707481384277344,0.677404522895813,0.7522383729616801,0.6552916765213013,0.09629762325933378
S-bi-causvid,P24,2,a panda playing a violin on a stage under spotlights,rare,81,1.9607796775177122,0.7302807557396591,1.6647849589586259,0.8490419035882139,4.091504478454589,0.8252881486995125,0.0015249776193741126,21.41091811656952,1.0,0.9801298975944519,0.9911676645278931,0.970325231552124,0.015189101622672752,680.0335950886144,72.89188385009766,0.3101891875267029,0.596460223197937,0.6464431484540304,0.5380769371986389,0.10665110661037147
S-bi-causvid,P05,3,A person is playing guitar,general,81,0.7050194915384054,0.07926014009863139,0.6726125540211797,0.9540326303899207,1.4109761595726011,-0.3908286518832872,0.00015075706156721935,14.858956217765808,1.0,0.9985848665237427,0.9979468584060669,0.9867669939994812,0.00792802731739357,569.5032416080097,83.3856430053711,0.2442798614501953,0.5861388444900513,0.6261352300643921,0.6261352300643921,-0.23146489821571858
S-bi-causvid,P29,3,a full glass of water tipping over on a table and spilling across the surface,physics,81,0.7990884737111628,0.0618006904842332,0.7712018817430362,0.9651007892287581,2.1581370949745176,0.3913138859141746,0.00013548955505484627,12.266576254367829,1.0,0.9662664532661438,0.973930299282074,0.9855314493179321,0.011358603229746222,323.48402787873505,95.20315551757812,0.2391670197248459,0.5638516545295715,0.5884187817573547,0.41796940565109253,0.09770743008318128
S-bi-causvid,P24,0,a panda playing a violin on a stage under spotlights,rare,81,1.1019555162638426,0.47110968246124685,0.9054846103303135,0.8217062987206951,2.385482382774352,0.29689298229158484,0.0006873664902741439,10.951592540740966,0.0,0.9912107586860657,0.9927793741226196,0.9816218614578247,0.00911181615665555,760.4787163324233,73.41841888427734,0.28370147943496704,0.5877959132194519,0.643693745136261,0.512338399887085,-0.21063437084772207
S-bi-causvid,P08,2,"In a still frame, a stop sign",general,81,1.536463257111609,0.3938680942868814,1.4227633133530617,0.9259983151366677,3.467534804344177,0.8472331796063505,0.0006457824131302914,16.9153573513031,1.0,0.914118766784668,0.9566203951835632,0.9754332900047302,0.012577457510633393,412.381523438854,108.51905059814453,0.19367727637290955,0.5601237416267395,0.5270714163780212,0.5270714163780212,0.005440620719545208
S-bi-causvid,P25,0,a giraffe wearing sunglasses roller-skating down a boardwalk,rare,81,4.864688438177109,3.2936276271939278,4.283263196051121,0.8804802959130194,6.154983663558959,0.17228334328095743,0.006567021328373812,13.870001840591431,1.0,0.98444002866745,0.9913564920425415,0.9737406969070435,0.014351578417699785,269.9094137847416,76.64854431152344,0.22863605618476868,0.5985881090164185,0.6317777832349142,0.5731189250946045,-0.33647132974117167
S-bi-causvid,P23,3,"an astronaut riding a horse on the moon, with the Earth visible in the sky",rare,81,0.324118373170495,0.1316977613605559,0.3047591458074749,0.9402682191636964,0.45161730647087095,0.166273826184401,0.0005846016069881443,1.690951907634735,0.0,0.9899649620056152,0.9947342276573181,0.9919127225875854,0.005169024085626006,830.0861839224765,38.81724548339844,0.2954072654247284,0.5685486793518066,0.6923675338427225,0.613359808921814,-0.5161831870752289
S-bi-causvid,P06,1,A person is reading book,general,81,1.3893383081071078,0.1344500441220589,1.3340657234657556,0.9602159211080992,4.940502500534056,0.7579838852321771,0.0002706992591924973,28.708400917053222,1.0,0.9757475852966309,0.9958069920539856,0.975418210029602,0.01896376480872277,285.8331838346303,79.33860778808594,0.2291225790977478,0.7686379551887512,0.6851752996444702,0.6851752996444702,0.4498192176940514
S-bi-causvid,P28,3,"two cats sitting side by side on a windowsill, one black and one white, watching birds outside",count,81,0.22077588888350874,0.05805208762176335,0.18777086408808827,0.8505005439548708,0.6257773965597152,0.8039132941791488,0.00012071281150838331,2.7787042915821076,0.0,0.9963183403015137,0.9978594779968262,0.9927579164505005,0.00424732253595721,393.6237324918804,76.52880096435547,0.2843725085258484,0.6758854389190674,0.5369468728701273,0.446708619594574,-0.6665966692658598
S-bi-causvid,P11,2,A person is sweeping floor,general,81,1.1595902489498258,0.1376047260593623,1.1069289250299335,0.9545854420964409,2.8358764290809626,0.4913784466390356,0.00018299099195928648,18.718280601501466,1.0,0.8742964863777161,0.9653121829032898,0.9747223258018494,0.015126888547092677,372.00604966846805,77.39256286621094,0.2220762073993683,0.8399264812469482,0.6516459286212921,0.4851202368736267,0.2809311315488463
S-bi-causvid,P19,2,two dogs playing tug-of-war with a rope toy in a backyard,multi,81,2.276635167747736,1.0413733454886824,1.7584843076765537,0.7724046259952959,3.9309623360633847,0.5555210377072217,0.002004251909602317,12.44732744693756,1.0,0.9791970252990723,0.9864100813865662,0.9637685418128967,0.014401376794558019,162.0745145448144,75.17357635498047,0.26786816120147705,0.680970311164856,0.5530416071414948,0.49478209018707275,-0.003904998600744669
S-bi-causvid,P13,1,a bear climbing a tree,general,81,1.1822226379066705,0.6713736798614264,0.8940039121545851,0.7562054111331865,2.3399526000022886,0.3834342459857701,0.001344194484227046,3.9709238350391387,0.0,0.9905508160591125,0.9944364428520203,0.9685633182525635,0.013757829437963665,1379.3718551120419,75.12643432617188,0.25968265533447266,0.6798211336135864,0.7528502345085144,0.7029739618301392,0.18017802412410777
S-bi-causvid,P03,3,a boat sailing smoothly on a calm lake,general,81,2.6298256143927574,1.7171169199049472,1.9522405371069909,0.7423457221181765,4.102136874198914,-0.5384526058216182,0.003407824644818902,5.217636513710022,0.0,0.9845420718193054,0.9924885034561157,0.9740200042724609,0.011993821104988455,738.6302787846498,70.26559448242188,0.21906186640262604,0.6199884414672852,0.7740335464477539,0.7440932393074036,-0.24469574943827688
S-bi-causvid,P01,0,a person drinking coffee in a cafe,general,81,0.8020630753599107,0.1098997820459772,0.7636996389366686,0.9521678658827515,1.8043416380882258,0.5415056356416815,0.0001979402518372808,6.532062578201294,0.0,0.9827024340629578,0.98712158203125,0.9869728088378906,0.007320388712105341,85.77712973592843,80.73760986328125,0.23593270778656006,0.5051895380020142,0.5913583338260651,0.526747465133667,-0.3424899886327575
S-bi-causvid,P27,1,five yellow rubber ducks floating down a small stream,count,81,1.20112476721406,0.7407344426959753,1.008484536409378,0.839616103439774,1.5606076776981352,0.021184627622982222,0.001875052208197303,5.016966772079468,0.0,0.9925042986869812,0.9951933026313782,0.982243001461029,0.01324301835265942,718.1450541617802,86.39704132080078,0.26131367683410645,0.7568753361701965,0.6231799920399984,0.6065678000450134,0.1371674553320661
S-bi-causvid,P14,2,A tranquil tableau of a bunch of grapes,general,81,0.7933042210061103,0.10836617371533067,0.7524317224975675,0.9484769576371817,2.43604439496994,0.7267649965495182,0.00029267430876416255,11.928712689876557,1.0,0.9915735125541687,0.9981672167778015,0.9877216219902039,0.007833085471065714,112.68820436786116,102.6101303100586,0.27110475301742554,0.7739824056625366,0.7512784004211426,0.7512784004211426,-0.27205135629115773
S-bi-causvid,P03,1,a boat sailing smoothly on a calm lake,general,81,5.990918180346489,4.180509985983372,4.984276860952377,0.8319719747352874,8.214785718917847,0.39285056204269436,0.0066106237383792175,12.653732752799987,1.0,0.9893730282783508,0.988197922706604,0.9637032151222229,0.028972859680652618,1716.3935917623708,48.1080207824707,0.20835354924201965,0.6548395752906799,0.7735043168067932,0.7276496887207031,0.2666840331113347
S-bi-causvid,P24,3,a panda playing a violin on a stage under spotlights,rare,81,1.6866910038515925,0.6050042421557009,1.3679060703143477,0.8109993212695079,3.636670398712158,0.677230072021107,0.0012984490662574899,17.126987302303313,1.0,0.990433394908905,0.9944881796836853,0.9792577028274536,0.011248540092492477,899.698598909479,71.72315979003906,0.2901208698749542,0.5119757652282715,0.5843130350112915,0.42096859216690063,-0.13874721823823055
S-bi-causvid,P02,2,a bird soaring gracefully in the sky,general,81,3.7106796391308308,1.5209398042410611,3.0023858174681664,0.8091199727097583,6.302931451797485,0.8047462775050842,0.002210877669858746,21.668090438842775,1.0,0.9532627463340759,0.9692916870117188,0.9610236287117004,0.02050510890549049,734.4969232102318,59.326072692871094,0.22234520316123962,0.7564326524734497,0.8199485540390015,0.8199485540390015,0.14419759822699785
S-bi-causvid,P10,0,an airplane taking off,general,81,19.43468691110611,15.15223183631897,14.993971502780914,0.7715056486300708,26.019058227539062,0.7689263550154022,0.016041313839377836,38.919001770019534,1.0,0.9884584546089172,0.9881342053413391,0.9688374996185303,0.033827738766558466,583.8814331171042,48.315757751464844,0.22263264656066895,0.7409435510635376,0.7530519068241119,0.7449566721916199,-0.18479536067761204
S-bi-causvid,P20,2,a chef tossing vegetables in a flaming wok while a second cook plates dishes beside him,multi,81,1.0333282243460418,0.23275543665513396,0.9259234365075827,0.8960585016779793,2.0461945652961733,0.461071325866018,0.00045304869599931407,10.03538646697998,0.0,0.9765545129776001,0.9819254279136658,0.9770097732543945,0.015459026588359848,324.5136170472227,77.53404998779297,0.2954966723918915,0.6763004064559937,0.7000271479288737,0.6390488147735596,0.33670757556297115
S-bi-causvid,P16,3,a surfer riding a large barreling wave and getting wiped out by the whitewater,fast,81,3.210570477694273,2.779052247107029,1.4711732745170594,0.45822785281005723,4.463883709907532,0.4114476038696187,0.0044484179321443666,7.291786646842956,0.0,0.9414023756980896,0.9863740801811218,0.974222719669342,0.013333219609921797,504.2750927890216,67.48832702636719,0.22802051901817322,0.5650988817214966,0.603164921204249,0.30725935101509094,-0.22274120657841578
S-bi-causvid,P28,1,"two cats sitting side by side on a windowsill, one black and one white, watching birds outside",count,81,0.5277337515726686,0.12775996287818997,0.46832034084945917,0.8874161488396352,0.9150490015745161,0.5138449197392067,0.0003018806654949913,4.301793485879898,0.0,0.9942752122879028,0.9956651926040649,0.9886103868484497,0.0059535237611271444,623.2747891835568,82.510009765625,0.27134382724761963,0.7288209795951843,0.5954838196436564,0.5057671666145325,-0.45577473291479365
S-bi-causvid,P00,0,a horse taking a peaceful walk,general,81,4.150140418112278,1.8481695599853993,3.849323979020119,0.9275163400988422,5.646108031272888,0.6061519140818367,0.00138370494796618,8.932548117637634,0.0,0.9917503595352173,0.9922205805778503,0.968800961971283,0.014127181825460865,428.7594968743754,78.5763931274414,0.21104124188423157,0.584979772567749,0.7507020235061646,0.6828924417495728,-0.2787774092377333
S-bi-causvid,P04,3,a dog running happily,general,81,1.7963621564209462,1.0718193333595991,1.5309623613953591,0.8522566029719911,2.5220168948173516,-0.5269327988554684,0.002060347830411047,5.111637985706329,0.0,0.9901551604270935,0.9946765303611755,0.9845057129859924,0.006925845425575972,117.52362036288386,83.30947875976562,0.2225607931613922,0.4745628833770752,0.5878592729568481,0.5030012130737305,-0.6462886586665215
S-bi-causvid,P25,1,a giraffe wearing sunglasses roller-skating down a boardwalk,rare,81,6.194173991680145,4.373885257542133,5.3447619989514354,0.8628690674916968,9.576602792739868,0.6483243417358115,0.0016103078793094027,14.338438463211059,1.0,0.9831557273864746,0.9907180666923523,0.9725995659828186,0.013525170617504046,207.46704375844024,87.33927917480469,0.21749386191368103,0.5690103769302368,0.6230079134305319,0.5823275446891785,-0.5112860603567952
S-bi-causvid,P15,1,"a cheetah sprinting at full speed across the savanna, dust flying behind it",fast,81,14.251200711727142,11.907257395982743,7.231642425060272,0.507440886133093,21.792813301086426,0.06749261611028252,0.008306729065952822,23.933995914459228,1.0,0.9069862365722656,0.9717249870300293,0.9314377307891846,0.03443221434717998,920.5927860554667,47.660621643066406,0.30181753635406494,0.7481349110603333,0.7683751583099365,0.7276570796966553,-0.0016797617242532148
S-bi-causvid,P26,0,exactly four red apples rolling across a wooden table,count,81,0.18374890298582613,0.08551554991863668,0.14885778448078782,0.8101108194450052,0.29323695749044415,0.8228325745019792,0.00014158609585592785,1.0177835687994956,0.0,0.9976405501365662,0.9991557002067566,0.9960908889770508,0.0029126989946234973,202.66324715083903,76.19373321533203,0.25325214862823486,0.5421633720397949,0.6046386162439982,0.5692033767700195,-1.0262848899719375
S-bi-causvid,P05,0,A person is playing guitar,general,81,1.5738022152334452,0.2953605613671243,1.4102826271206141,0.8960984533961728,2.859300398826599,-0.02487466180565794,0.0006024884881071557,21.97600202560425,1.0,0.9951076507568359,0.9967724084854126,0.9750039577484131,0.013976948452182114,389.3865884008716,94.88919067382812,0.24228323996067047,0.6830624341964722,0.6419759392738342,0.6419759392738342,0.10267433042353424
S-bi-causvid,P02,3,a bird soaring gracefully in the sky,general,81,4.014548744261265,2.599311477690935,2.835205453634262,0.7062324878866286,6.11895499229431,-0.41162324974686415,0.0033731688250554725,9.931329905986786,0.0,0.9606461524963379,0.9801616072654724,0.9710559844970703,0.014055718475719913,482.73652290955414,72.29047393798828,0.2322021722793579,0.8507586717605591,0.8500324487686157,0.8500324487686157,-0.26876487941848204
S-bi-causvid,P11,3,A person is sweeping floor,general,81,1.6869315154850484,0.05830568760866299,1.668239067029208,0.9889186744079888,5.1166801929473875,0.5574762710006559,0.00015267361370661093,25.047786521911622,1.0,0.9565759897232056,0.9753177762031555,0.9730158448219299,0.01594125385163352,185.3297560822767,129.92831420898438,0.23056913912296295,0.7531399726867676,0.6830545961856842,0.5261732935905457,0.20984798717000164
S-bi-causvid,P09,1,a cow chewing cud while resting in a tranquil barn,general,81,1.51343589797616,1.2592502027750014,0.6014689536765218,0.39741924785951416,2.090166997909546,0.470358591205049,0.0015681291813962161,2.3536086201667787,0.0,0.9946256875991821,0.9885810017585754,0.9818291068077087,0.005693404446355998,384.0138140807775,93.1016845703125,0.19704049825668335,0.39936816692352295,0.5813108086585999,0.3905636668205261,-0.7819050959998144
S-bi-causvid,P19,3,two dogs playing tug-of-war with a rope toy in a backyard,multi,81,0.9298474624752998,0.6073224222287535,0.696688724309206,0.749249745979671,1.5654473364353179,0.03785187377461932,0.00124917192324574,5.311969774961471,0.0,0.9889740347862244,0.9802588820457458,0.9793155193328857,0.009799941041273996,128.66855270620096,83.62549591064453,0.2664991319179535,0.599877655506134,0.5261874198913574,0.4638974666595459,-0.08954237458633862
S-bi-causvid,P08,1,"In a still frame, a stop sign",general,81,0.1825890291016549,0.06044846213189885,0.15415456057526172,0.844266038697206,0.5286600857973098,0.942219345682573,0.00016613530264066866,3.356369453668594,0.0,0.9212278723716736,0.9329280257225037,0.9943140745162964,0.004841110040433705,333.5709040091556,95.2637939453125,0.22982853651046753,0.6462243795394897,0.5813632607460022,0.5813632607460022,-0.517803502405874
S-bi-causvid,P17,0,"a red race car drifting around a tight corner on a wet track, tires smoking",fast,81,31.648992937803268,25.862397231161594,13.419375321269035,0.4240063790855673,63.06494331359863,0.2177186501167929,0.016015569024602883,68.70930738449097,1.0,0.8947926759719849,0.9383172988891602,0.9433014988899231,0.03700313854496926,760.2646318627999,45.96261978149414,0.25204548239707947,0.863161563873291,0.8439199924468994,0.7826510667800903,-0.3599834416697987
S-bi-causvid,P22,2,a basketball player dribbling past two defenders and dunking the ball,multi,81,2.9994622129946946,2.0199952315539123,1.860884626582265,0.6204058841329608,5.8015762805938715,0.7292429596216091,0.002698786085966276,11.221744608879089,0.0,0.9507637023925781,0.9278517961502075,0.9630165100097656,0.015571460186038166,416.0234903038637,101.75696563720703,0.21395815908908844,0.6353102326393127,0.7296611467997233,0.6057277321815491,-0.03849076526120232
S-bi-causvid,P26,1,exactly four red apples rolling across a wooden table,count,81,0.9106721563264728,0.5512635394930839,0.4478897052817047,0.49182267223998194,1.6689413726329803,0.7197769603757136,0.0005581390949373599,4.855352765321731,0.0,0.9922241568565369,0.9970163702964783,0.9908401370048523,0.00492759142362047,356.9347152289175,110.214111328125,0.24385955929756165,0.5068337917327881,0.5971054832140604,0.5516297817230225,-0.7713221363813112
S-bi-causvid,P22,1,a basketball player dribbling past two defenders and dunking the ball,multi,81,3.811344490945339,2.34415751285851,2.8876366823911668,0.7576423311010143,5.336209750175476,0.37031014642613613,0.0026964055261487372,8.280178821086883,0.0,0.959211528301239,0.9645196795463562,0.9681769013404846,0.02145396879641339,397.9140846785234,99.96324920654297,0.2359895557165146,0.5990451574325562,0.702921191851298,0.5136716365814209,0.17747726681195708
S-bi-causvid,P00,2,a horse taking a peaceful walk,general,81,3.0075421668589115,1.8955826193094254,1.9737907640635968,0.6562801112261443,4.7925355434417725,0.726909680512465,0.001479032356519383,8.11189649105072,0.0,0.969837486743927,0.9861623644828796,0.9639825820922852,0.00997796623269096,300.2452589229519,73.63887023925781,0.210529163479805,0.6046425104141235,0.7551306784152985,0.6848077774047852,-0.48465622734567493
S-bi-causvid,P07,2,A tranquil tableau of a picturesque barn was painted a warm shade of red and nestled in a picturesque meadow,general,81,1.5864635206758977,1.212521362863481,0.7055556027218699,0.44473456136370126,2.922355020046234,0.7898532041081324,0.002356918172881706,3.185266786813736,0.0,0.9948409199714661,0.9929134249687195,0.9718446731567383,0.0104015473916661,1379.5469320969696,96.69355010986328,0.2891882061958313,0.8099629878997803,0.708786129951477,0.5956743955612183,-0.1955301881679885
S-bi-causvid,P04,2,a dog running happily,general,81,2.440089114010334,1.490436633862555,1.8352530345320701,0.7521251055420233,4.89485113620758,-0.18541710017427615,0.002440659071908158,7.9932117581367494,0.0,0.9892547726631165,0.9939860701560974,0.9681830406188965,0.013707921595778317,151.9733968624257,78.28130340576172,0.2274196445941925,0.5154809951782227,0.6553575992584229,0.5460703372955322,-0.08077236016490552
S-bi-causvid,P26,2,exactly four red apples rolling across a wooden table,count,81,0.33470853513572363,0.2547172454302199,0.22286273628706113,0.6658392214511936,0.6006899446249008,0.7871219957252955,0.00020433986619536882,1.1668279469013214,0.0,0.9924583435058594,0.996312141418457,0.9920689463615417,0.0052160393141093666,515.6989748203206,93.58605194091797,0.24788068234920502,0.5181705951690674,0.6119715571403503,0.5428915023803711,-0.5116340199234211
S-bi-causvid,P01,2,a person drinking coffee in a cafe,general,81,1.4853764206171036,0.8771333169192076,1.052963001653552,0.7088858272910168,3.6836283326148984,0.25952380929537,0.001726825321020442,6.20403955578804,0.0,0.964329183101654,0.9905900359153748,0.9774929285049438,0.008563934662379324,146.30003236212175,87.82244873046875,0.23717722296714783,0.40524470806121826,0.5524207055568695,0.4717404246330261,-0.3673657770711216
S-bi-causvid,P18,0,a flock of hundreds of starlings swirling in a murmuration at dusk,fast,81,1.887190045416355,1.523721941933036,0.8313851192593574,0.4405410471179594,2.8214501500129696,0.3216662702712081,0.00281518231422524,4.1476708352565765,0.0,0.9843413233757019,0.9810875058174133,0.9690656065940857,0.019820207601878793,506.22205132815463,41.914276123046875,0.24645796418190002,0.7021075487136841,0.7570522427558899,0.6819219589233398,0.3869885479848203
S-bi-causvid,P15,3,"a cheetah sprinting at full speed across the savanna, dust flying behind it",fast,81,10.56113252043724,7.717372393608093,8.841858273744583,0.8372073183843738,15.898594617843628,-0.22496819208043287,0.003656797550502233,23.39446167945862,1.0,0.9827211499214172,0.9904540181159973,0.948161244392395,0.030620525125414133,269.5665648841643,53.48261642456055,0.271197110414505,0.7073405981063843,0.749984343846639,0.7392992973327637,0.03760630235288431
S-bi-causvid,P24,1,a panda playing a violin on a stage under spotlights,rare,81,2.0393146753311155,0.5976175825111568,1.7808097548782826,0.8732388891136923,3.8388994693756104,0.2846064469843017,0.001264293985786935,23.20428647994995,1.0,0.9902257919311523,0.9920583963394165,0.9716112017631531,0.015433619468240067,688.6141825053697,76.24354553222656,0.3060804009437561,0.5906511545181274,0.636891504128774,0.508856475353241,0.10781983266288186
S-bi-causvid,P25,3,a giraffe wearing sunglasses roller-skating down a boardwalk,rare,81,3.9196195617318152,2.5958821438252926,3.2243431195616723,0.8226161356131505,6.208867311477661,-0.1700188090161183,0.001318926189560443,10.035222423076629,0.0,0.9847255945205688,0.9906158447265625,0.9718559980392456,0.011731864628382027,192.05207219164595,85.09182739257812,0.25367939472198486,0.5240182280540466,0.6291444500287374,0.5756443738937378,-0.43866658743514186
S-bi-causvid,P15,0,"a cheetah sprinting at full speed across the savanna, dust flying behind it",fast,81,21.585568380355834,15.785613262653351,16.68879278898239,0.7731458223274941,31.252358531951902,-0.5912928286951613,0.011351189255947247,41.91411409378052,1.0,0.9736043810844421,0.974392831325531,0.9264798164367676,0.03872683097142726,323.1767684933615,40.68605041503906,0.29054495692253113,0.7108017206192017,0.7570365269978842,0.7199195623397827,-0.10612529627109524
S-bi-causvid,P11,0,A person is sweeping floor,general,81,2.4321388779208064,0.12788732266053557,2.380149211548269,0.9786234883756014,6.386956548690795,0.6387682410468225,0.00027264289028607893,31.85458905696869,1.0,0.9111654162406921,0.9424131512641907,0.9730240702629089,0.015863838815130295,145.2934865013091,74.91470336914062,0.2232341468334198,0.7862542867660522,0.673063337802887,0.5263228416442871,0.06659411683690575
S-bi-causvid,P19,0,two dogs playing tug-of-war with a rope toy in a backyard,multi,81,1.853422624617815,1.1926868345588446,1.5990074280649424,0.8627317612802446,3.2073543190956117,0.5771600765125668,0.0027545059654585204,10.742427551746369,0.0,0.9794290661811829,0.9862763285636902,0.9670829772949219,0.014229995739879087,105.4112816266314,79.34158325195312,0.280924916267395,0.6169142723083496,0.5087344646453857,0.4399837851524353,0.062309437274176815
S-bi-causvid,P00,1,a horse taking a peaceful walk,general,81,5.163765460252762,3.3273996956646443,4.641330301761627,0.8988265324327697,7.012281274795532,0.5403858757845663,0.0030275189521489663,10.5912837266922,0.0,0.98260098695755,0.9904996752738953,0.9746227860450745,0.012796226813225075,310.9517923531025,77.20225524902344,0.2120426595211029,0.6116397380828857,0.7569336891174316,0.6897473335266113,-0.4792916125894604
S-bi-causvid,P20,1,a chef tossing vegetables in a flaming wok while a second cook plates dishes beside him,multi,81,1.9765818741172552,0.2793077624868602,1.9239927411079407,0.9733934085446323,3.5507273674011226,0.3282957130943135,0.0007708064283178829,28.113302373886107,1.0,0.9706429839134216,0.9830161929130554,0.969961941242218,0.023457355168648063,222.10794901637166,99.44129180908203,0.2801005244255066,0.5844786167144775,0.6662508845329285,0.6056883335113525,0.5382245339575786
S-bi-causvid,P27,2,five yellow rubber ducks floating down a small stream,count,81,2.1567376464605332,0.47521228194236753,1.982264406606555,0.9191027433294657,3.143222665786743,0.5214445722067325,0.0012039501363688033,11.530745244026184,1.0,0.9879738092422485,0.9938374757766724,0.9651187062263489,0.02486461621010676,692.6053788852101,100.38994598388672,0.244972825050354,0.8048827648162842,0.6301054358482361,0.6110529899597168,0.5632624314151098
S-bi-causvid,P22,0,a basketball player dribbling past two defenders and dunking the ball,multi,81,1.977124596387148,0.5041443419177085,1.8634871155023576,0.9425233879463981,2.9172894835472105,0.6487830702884452,0.0006255136716617927,11.054043984413147,0.0,0.9710200428962708,0.952530026435852,0.9671705365180969,0.01765665066195652,561.1611479212221,106.50098419189453,0.2133585661649704,0.7357183694839478,0.7357040842374166,0.6578769087791443,0.25406389063607904
S-bi-causvid,P03,2,a boat sailing smoothly on a calm lake,general,81,3.1450094044208527,2.246455205231905,2.4663413144648074,0.7842076805208468,4.818924069404602,0.5937981116774789,0.0019131058066705008,10.858201289176941,0.0,0.9833312034606934,0.9894174933433533,0.960943341255188,0.018418769142590462,1505.318013495753,50.47463607788086,0.22924569249153137,0.6884582042694092,0.8125117123126984,0.7958856225013733,0.10922158672686466
S-bi-causvid,P09,0,a cow chewing cud while resting in a tranquil barn,general,81,0.8000463170930743,0.1491211564745754,0.7767475659959018,0.9708770336461713,1.9688538670539855,0.9106990532917653,0.00028986605595378024,5.555836272239685,0.0,0.9928844571113586,0.9954016804695129,0.9862258434295654,0.006112081278115511,183.39791831573143,73.55358123779297,0.19606903195381165,0.42414161562919617,0.596199169754982,0.41448619961738586,-0.5222260183848837
S-bi-causvid,P20,3,a chef tossing vegetables in a flaming wok while a second cook plates dishes beside him,multi,81,1.1635758792981505,0.06502938629128038,1.1347419606521725,0.9752187249858637,1.8255496203899382,0.606654335007811,0.00010915393212371783,14.155576872825623,1.0,0.9853189587593079,0.9875032305717468,0.9924821853637695,0.005552541700308211,356.91216259928416,91.95702362060547,0.2811066508293152,0.6047734022140503,0.5641197462876638,0.4919091761112213,-0.7222153652804622
S-bi-causvid,P13,0,a bear climbing a tree,general,81,1.1317325713112951,0.5454863172955811,0.8024513710290193,0.7090461848712772,1.9964245498180389,0.8058381411429887,0.0007117878724329785,8.120857846736907,0.0,0.9777984619140625,0.9901301264762878,0.975275456905365,0.010899538960075006,872.8269128873739,53.0114860534668,0.2163446694612503,0.6571241021156311,0.745540589094162,0.7079729437828064,-0.03945653984776065
S-bi-causvid,P06,0,A person is reading book,general,81,0.1693883123807609,0.05737465510610491,0.13835654978174716,0.8167962183513863,0.5962670117616652,0.7387800574089436,8.183465752154007e-05,3.416432636603713,0.0,0.9938063025474548,0.9968442320823669,0.9938884377479553,0.005218981648795307,99.02736065619972,87.67630004882812,0.22380709648132324,0.7222940921783447,0.5770443081855774,0.5770443081855774,-0.43631407517272525
S-bi-causvid,P10,1,an airplane taking off,general,81,12.400646984577179,7.5356001004576685,12.769084799289704,1.0297110937404848,15.906986761093139,0.3856124993600648,0.013546692545060069,33.55880093574524,1.0,0.9813481569290161,0.9743675589561462,0.9675436019897461,0.03435584967955947,715.7951542521909,50.81069564819336,0.2203202247619629,0.7609483599662781,0.7473429441452026,0.7372632026672363,0.06922970900067016
S-bi-causvid,P13,3,a bear climbing a tree,general,81,1.2402523828670382,0.2615817631827667,1.0995905935764312,0.8865854419478034,4.6898177385330175,0.7064073683087858,0.0004561975595379408,15.231478434801101,1.0,0.9891826510429382,0.9957990050315857,0.9796849489212036,0.00921869656885974,453.5880479766253,70.28701782226562,0.20722806453704834,0.5636287927627563,0.7144997119903564,0.6460893750190735,-0.23499773822974923
S-bi-causvid,P16,2,a surfer riding a large barreling wave and getting wiped out by the whitewater,fast,81,4.720557408034802,3.8542095556855203,2.4911741450428964,0.5277286985375926,6.006702804565429,0.02721487970896261,0.007889903275645338,9.877996230125428,0.0,0.9346417784690857,0.9827152490615845,0.9596664309501648,0.021328917564824225,916.0286378032334,86.60226440429688,0.23730671405792236,0.6047998666763306,0.6363071103890737,0.3330366909503937,0.0737771480320939
S-bi-causvid,P12,2,a motorcycle turning a corner,general,81,5.617085006833077,3.470142463594675,3.821922168135643,0.6804101207434511,11.285168838500976,0.22974873584745595,0.0029528847511755885,14.134964203834533,1.0,0.9587305188179016,0.9774999618530273,0.9489229321479797,0.014702691638376564,692.4651850941312,65.49533081054688,0.2025795727968216,0.6556607484817505,0.7987231016159058,0.7506402730941772,-0.38054203687477006
S-bi-causvid,P09,3,a cow chewing cud while resting in a tranquil barn,general,81,0.07965118123684078,0.06748810315039008,0.03658905748743564,0.4593603956511921,0.15169230103492734,0.4444667788784932,0.00016412808748214047,0.23310255073010921,0.0,0.9974849820137024,0.9989474415779114,0.9957000613212585,0.0029024071191088296,308.2708381533284,81.24652099609375,0.19980068504810333,0.4408453106880188,0.6141694486141205,0.4518038034439087,-0.977784720507703
S-bi-causvid,P18,2,a flock of hundreds of starlings swirling in a murmuration at dusk,fast,81,4.700579551607371,2.3422775640152396,4.598636158555746,0.9783123824956548,8.668631839752196,0.7229568878396249,0.007304549634136492,19.216433668136595,1.0,0.883851170539856,0.9680774807929993,0.9355185627937317,0.04480034583248198,560.7404954114193,71.04436492919922,0.18695391714572906,0.7511032819747925,0.7765198945999146,0.7042285203933716,0.8178824480205584
S-bi-causvid,P27,0,five yellow rubber ducks floating down a small stream,count,81,0.8164810180664063,0.42272502463310957,0.6862151587381959,0.8404534864874201,1.137599265575409,0.2017107502497447,0.0005207793153658713,4.054089617729187,0.0,0.9907965064048767,0.9908180236816406,0.9840285778045654,0.011549761064816266,577.9582059287287,75.05115509033203,0.2374446541070938,0.768031120300293,0.624406119187673,0.6003749966621399,0.10895614185909785
S-bi-causvid,P06,2,A person is reading book,general,81,0.7343812190927566,0.3090737571939826,0.552494365721941,0.7523253577741619,2.6877699375152586,0.7236638199423323,0.0008280769958219026,8.594279837608337,0.0,0.9801973700523376,0.991424560546875,0.9857215881347656,0.008679459028644487,133.919112448725,81.46046447753906,0.23397070169448853,0.7198277115821838,0.6036934852600098,0.6036934852600098,-0.15057356322724846
S-bi-causvid,P10,3,an airplane taking off,general,81,10.491852462291718,6.24932657442987,10.404204827547073,0.9916460294589837,13.561376857757567,0.39266205271385357,0.01004018353196443,31.39893546104431,1.0,0.986134946346283,0.9800285696983337,0.9728091359138489,0.027830902417190374,566.8584911845142,35.81336212158203,0.2325236201286316,0.7420977354049683,0.7217662334442139,0.702109158039093,-0.05451597309082157
S-bi-causvid,P03,0,a boat sailing smoothly on a calm lake,general,81,4.154040597379208,2.934735978394747,2.9537079364061354,0.7110443810359615,5.496904683113097,0.5645875073762707,0.004032219359942246,7.547364664077759,0.0,0.9707500338554382,0.9738531112670898,0.9615166783332825,0.017609612783417106,1649.461260712041,30.247251510620117,0.2563636898994446,0.6865684986114502,0.7857943177223206,0.7527501583099365,-0.05887517104232476
S-bi-causvid,P18,3,a flock of hundreds of starlings swirling in a murmuration at dusk,fast,81,0.6894034804776311,0.0700573803158477,0.6649518830701708,0.9645308406024296,1.3886474907398219,0.5917647921757972,0.00015003170141199008,10.492442178726197,0.0,0.9838172793388367,0.9935561418533325,0.9823021292686462,0.012945125909755006,528.4301434746782,61.197208404541016,0.13575267791748047,0.7379907369613647,0.8043524622917175,0.7785282135009766,0.26400303753562326
S-bi-causvid,P16,1,a surfer riding a large barreling wave and getting wiped out by the whitewater,fast,81,4.415762576460838,3.6982033491134643,2.353155992925167,0.5328989997266074,5.495116424560547,0.7589624314612382,0.0019340370163263287,9.859648752212525,0.0,0.9335041046142578,0.9805757403373718,0.970943033695221,0.018042975978460163,805.7791453417667,62.6761474609375,0.2285117208957672,0.5911704301834106,0.6303485830624899,0.31939631700515747,-0.0625678234099789
S-bi-causvid,P01,1,a person drinking coffee in a cafe,general,81,1.674718590080738,0.31482169022783635,1.4651035461574793,0.8748351394676448,4.1955764293670645,0.8645206174018241,0.0005728527166752428,17.91728945970535,1.0,0.9753026366233826,0.9917780160903931,0.9829002022743225,0.010219327450613491,108.03548554985015,85.20040130615234,0.2262231707572937,0.5158663988113403,0.5411241203546524,0.4577113687992096,-0.2321709468697586
S-bi-causvid,P21,1,three children chasing each other around a fountain in a city square,multi,81,3.196411299705505,1.9065828645601868,2.4081068977713587,0.7533780601436255,5.003284358978272,0.3297105683921509,0.002357423984722118,9.492294466495514,0.0,0.9535446166992188,0.9798042178153992,0.959757387638092,0.02366896716412157,214.73557936398424,110.58108520507812,0.2930130362510681,0.6597812175750732,0.7313236196835836,0.6055904626846313,0.35303650752103266
S-bi-causvid,P12,3,a motorcycle turning a corner,general,81,8.113650950789452,6.007560256123543,6.099533706903458,0.7517618137797959,13.752229928970337,0.20147415941328572,0.005826296308077872,15.434268999099732,1.0,0.9657554626464844,0.9877763986587524,0.9642955660820007,0.01974633353529498,717.0381009102197,57.68705749511719,0.21947558224201202,0.6147172451019287,0.7574242651462555,0.6930884122848511,-0.2665979257198319
S-bi-causvid,P28,0,"two cats sitting side by side on a windowsill, one black and one white, watching birds outside",count,81,0.36471809255890547,0.06109470176743344,0.3370171924587339,0.9240459283175656,0.9052600353956222,0.7761706196647317,0.00012328901822229455,4.600654244422913,0.0,0.9948381781578064,0.9961122870445251,0.9902395606040955,0.0052001180069055405,427.7613189579009,66.14346313476562,0.26635265350341797,0.6439249515533447,0.5073029696941376,0.4629632234573364,-0.5272607765777533
S-bi-causvid,P12,0,a motorcycle turning a corner,general,81,14.362200373411179,10.806386017799378,9.359088686108588,0.6516472261303284,20.130569553375246,-0.5338345375156471,0.01149241517414339,33.3722562789917,1.0,0.9112869501113892,0.9024429321289062,0.9531713724136353,0.02227350031025708,732.2741990000949,48.327457427978516,0.22093099355697632,0.6945255398750305,0.7780046761035919,0.7253749966621399,-0.4413585495961123
S-bi-causvid,P17,3,"a red race car drifting around a tight corner on a wet track, tires smoking",fast,81,25.964066913723947,21.242622117698193,13.260471393167972,0.5107239527038374,59.714702415466306,0.47258328594145627,0.012294709811976645,52.09882831573486,1.0,0.907718300819397,0.9627737998962402,0.9517170786857605,0.024212113255634903,740.2440947642632,59.10380554199219,0.25632041692733765,0.8237964510917664,0.7999896009763082,0.7346295118331909,-0.6759642781038364
S-bi-causvid,P09,2,a cow chewing cud while resting in a tranquil barn,general,81,1.4328493796288968,1.0699133238289504,0.682236542366445,0.4761394155774603,2.3168619155883787,0.4974371643806775,0.0015236269628076116,4.038533806800842,0.0,0.9940345883369446,0.9935722351074219,0.9801812767982483,0.0067812804423738274,370.68333602324634,72.20343780517578,0.1972152143716812,0.44916480779647827,0.5945006310939789,0.42706000804901123,-0.5886526754248456
S-bi-causvid,P02,0,a bird soaring gracefully in the sky,general,81,5.644213600456714,4.203574448823929,3.3962835520505905,0.601728281517817,10.422641229629514,0.12368461968952653,0.005882202286738902,18.276420140266417,1.0,0.950469434261322,0.9849969148635864,0.9567617177963257,0.02331339231459424,289.34340658181117,44.4642448425293,0.23728951811790466,0.7953870892524719,0.8518270254135132,0.8518270254135132,0.07811720331331706
S-bi-causvid,P23,0,"an astronaut riding a horse on the moon, with the Earth visible in the sky",rare,81,1.0717601336538791,0.5244599506258965,0.8272366188466549,0.7718479359541766,1.6336813509464263,0.22702457340429924,0.0009282804420763568,5.5144023418426515,0.0,0.9785440564155579,0.991581380367279,0.9793156981468201,0.009372430841904134,764.1122508555966,30.933835983276367,0.29967445135116577,0.5817562341690063,0.6900030771891276,0.6075922846794128,-0.17425676174028304
S-bi-causvid,P15,2,"a cheetah sprinting at full speed across the savanna, dust flying behind it",fast,81,9.894692695885897,7.55326638482511,6.304640983045101,0.6371739415911885,23.145518875122068,0.5538553721973575,0.005247982632135972,21.45880525112152,1.0,0.9713907241821289,0.9788982272148132,0.9257460832595825,0.032612841203808786,347.4519358977153,56.109779357910156,0.2761692404747009,0.6992472410202026,0.7421108881632487,0.7337855100631714,0.13420584908511524
S-bi-causvid,P25,2,a giraffe wearing sunglasses roller-skating down a boardwalk,rare,81,4.104722774028778,2.9426568917930127,2.9458187401294706,0.7176655244789238,7.198840999603271,-0.5742475143225225,0.006892174767745019,13.88059959411621,1.0,0.9707662463188171,0.9871355295181274,0.9670060873031616,0.011937610199674964,238.20650852504266,71.5827407836914,0.23336507380008698,0.6437191963195801,0.6380968689918518,0.6212284564971924,-0.4421635321547761
S-bi-causvid,P12,1,a motorcycle turning a corner,general,81,15.075791704654694,12.850202357769012,7.488955801725387,0.49675369968526767,20.66184711456299,0.7718802560512437,0.005522102929535322,25.082241153717042,1.0,0.9227153658866882,0.9645059704780579,0.9618899822235107,0.024844867293722928,1045.6952862486203,65.82139587402344,0.21626071631908417,0.6910258531570435,0.7711697816848755,0.7256322503089905,-0.35777866488930377
S-bi-causvid,P29,0,a full glass of water tipping over on a table and spilling across the surface,physics,81,2.754626493342221,0.9394758894341066,2.6475616077892483,0.961132354261422,6.233001828193663,0.5666331251463398,0.0010983250813296763,23.776989531517028,1.0,0.9108001589775085,0.9676536917686462,0.9616356492042542,0.023188727343222127,812.34163994962,42.287742614746094,0.23231753706932068,0.553619384765625,0.6085586150487264,0.4082583785057068,0.39542779341729695
S-bi-causvid,P17,2,"a red race car drifting around a tight corner on a wet track, tires smoking",fast,81,25.872038251161577,21.76670084297657,13.160595122724771,0.5086802395034979,61.06977844238281,0.41749077362098974,0.016811029867676554,65.61782913208008,1.0,0.8761240243911743,0.9422451257705688,0.93619704246521,0.031003630405757578,607.7652660496428,67.30171203613281,0.23854893445968628,0.8606056571006775,0.8503638505935669,0.794167160987854,-0.42678926132438466
S-bi-causvid,P28,2,"two cats sitting side by side on a windowsill, one black and one white, watching birds outside",count,81,1.0246779805980624,0.821397510310635,0.3719526246422902,0.3629942954672467,3.0325264811515806,0.7897324309579534,0.0009132277231287845,3.2350186079740526,0.0,0.9943063855171204,0.9962498545646667,0.9838261604309082,0.005614998750388622,323.3971862534395,68.9424057006836,0.28325653076171875,0.6755825281143188,0.5156610707441965,0.4320633113384247,-0.6735205269635429
S-bi-causvid,P14,1,A tranquil tableau of a bunch of grapes,general,81,0.5977433788357303,0.03486216606106609,0.5828518752474338,0.9750854978890747,1.9830458045005792,0.8094743883795216,7.367577487684684e-05,18.136779898405074,1.0,0.9920469522476196,0.9960048794746399,0.9917436242103577,0.006122891114500817,131.3336709838324,98.41851043701172,0.2583516836166382,0.7241743206977844,0.7928717136383057,0.7928717136383057,-0.45305934762231725
S-bi-causvid,P14,0,A tranquil tableau of a bunch of grapes,general,81,0.4627329018432647,0.05763578119222075,0.4249660248635337,0.9183810029278477,1.7867561340332025,0.6350034970488165,5.147118760078229e-05,14.069977039843797,1.0,0.9957117438316345,0.9979884028434753,0.9937233924865723,0.005060797472833656,56.490096736485896,106.6290512084961,0.25825566053390503,0.7938588857650757,0.769325852394104,0.769325852394104,-0.5936239503750667
S-bi-causvid,P21,2,three children chasing each other around a fountain in a city square,multi,81,2.8481347277760505,1.9444864109158515,1.6979150019586087,0.5961496095147176,4.997605872154236,-0.3892629598521321,0.001672973825407098,9.851326990127564,0.0,0.9589793086051941,0.9689165949821472,0.9622997045516968,0.017354185145813973,217.78243801044243,93.43403625488281,0.28513103723526,0.44216009974479675,0.6283037463823954,0.41950637102127075,0.09170250379462175
S-bi-causvid,P06,3,A person is reading book,general,81,0.03526631472632289,0.026973305095452815,0.020896129403263332,0.5925069590758163,0.05383967868983745,0.026294407597434524,8.169097829977546e-05,0.08500458858907223,0.0,0.9978333711624146,0.999118983745575,0.9980407953262329,0.0016757710618549027,178.94720452917386,100.88274383544922,0.2209024429321289,0.7756494879722595,0.7429609894752502,0.7429609894752502,-1.5030670985590682
S-bi-causvid,P18,1,a flock of hundreds of starlings swirling in a murmuration at dusk,fast,81,0.8038639429956674,0.551082538254559,0.4521391103044152,0.5624565597045225,1.156283587217331,0.19264370703615255,0.000814512910801568,3.581450271606445,0.0,0.9870460629463196,0.9885088205337524,0.9732275605201721,0.023063603101763874,456.97652269182385,60.179039001464844,0.23458948731422424,0.7072877287864685,0.7438827355702718,0.6632686257362366,0.8044444128040569
S-bi-causvid,P14,3,A tranquil tableau of a bunch of grapes,general,81,0.06711006860714405,0.02608730085194111,0.0530616382136941,0.7906540502924673,0.3274971857666969,0.7622591341885114,4.9693338098677486e-05,1.34679200258106,0.0,0.9994533658027649,0.999380886554718,0.9971671104431152,0.0022932761232368646,195.02341589312073,98.38436889648438,0.25647321343421936,0.7872074842453003,0.7590305805206299,0.7590305805206299,-1.2066468901925216
S-bi-causvid,P05,1,A person is playing guitar,general,81,2.0916308745741845,0.26829776624217627,1.9474862717092036,0.9310846212389423,4.040142083168029,-0.2702611508713778,0.0005218577825871762,38.54262742996216,1.0,0.994924008846283,0.9948979616165161,0.9731924533843994,0.01803519996465184,573.2333104303667,105.1458511352539,0.2426929473876953,0.710703432559967,0.6066995859146118,0.6066995859146118,0.25393919459080205
S-bi-causvid,P19,1,two dogs playing tug-of-war with a rope toy in a backyard,multi,81,2.2340498201549055,1.2302987132221461,1.684149308130145,0.7538545197523164,3.3513126373291016,0.6985823869573192,0.0018210767968412256,11.763069891929627,1.0,0.9856333136558533,0.9888860583305359,0.9653288722038269,0.012774168868781998,194.12516019392208,78.77349090576172,0.2246219515800476,0.5486609935760498,0.4650663435459137,0.38015323877334595,-0.11639918980299768
S-bi-causvid,P27,3,five yellow rubber ducks floating down a small stream,count,81,0.546832718886435,0.09974778795149178,0.5242768431082367,0.9587500276608164,0.748936802148819,0.1912931341337655,0.00019166905842666894,4.418177604675293,0.0,0.9955341219902039,0.996337354183197,0.9878014326095581,0.008834095764905214,460.6951134600382,84.43286895751953,0.21648123860359192,0.7115964889526367,0.6219945549964905,0.5643683671951294,-0.06821780100583652
S-bi-causvid,P29,1,a full glass of water tipping over on a table and spilling across the surface,physics,81,1.4055275858845562,0.25995752376038583,1.3157537722261623,0.9361273654908308,4.751485967636109,0.7615491461400303,0.0010120247691702388,16.103498125076293,1.0,0.9443456530570984,0.9747968912124634,0.9777341485023499,0.01575257158547174,1017.4711435114282,82.14697265625,0.22105072438716888,0.5273358821868896,0.5917513370513916,0.39217185974121094,0.26048593372613915
S-bi-causvid,P13,2,a bear climbing a tree,general,81,1.6313494250178338,0.7652061307104304,1.1693502457812428,0.7167989340907301,4.406986165046692,0.8536083255895333,0.001242237160579407,7.990857124328613,0.0,0.974456250667572,0.9896700978279114,0.9646664261817932,0.014230381802190096,1491.379282980363,67.02479553222656,0.2629348933696747,0.6561988592147827,0.7351369261741638,0.6867076754570007,0.10814176360692862
S-bi-causvid,P04,0,a dog running happily,general,81,3.9235107108950613,1.9223503202199936,3.4201620757579803,0.8717094092673797,6.735939192771911,0.4793667448226496,0.003381798668851843,10.11353474855423,0.0,0.9838876724243164,0.9866521954536438,0.9682794809341431,0.013927045749733224,68.46007489910386,70.74181365966797,0.2227967083454132,0.4660225212574005,0.6040126085281372,0.5375047922134399,-0.26760292311732226
S-bi-causvid,P07,3,A tranquil tableau of a picturesque barn was painted a warm shade of red and nestled in a picturesque meadow,general,81,0.46190191358327864,0.3079366531223059,0.2879577798768878,0.623416244861964,0.5934526145458221,-0.18453060908578445,0.00037727853832620896,0.9811521306633949,0.0,0.9963997006416321,0.9948803782463074,0.9879663586616516,0.006501651892904192,780.0448758046371,95.41936492919922,0.27907970547676086,0.8113852739334106,0.6803980469703674,0.515376091003418,-0.3428142604893889
S-bi-causvid,P00,3,a horse taking a peaceful walk,general,81,2.4815241366624834,1.5768415052443743,2.2980865061283113,0.9260782702443678,3.6779896020889282,-0.376643432302224,0.0010481789831828792,5.997808063030243,0.0,0.9943773150444031,0.9954363107681274,0.9802894592285156,0.009885057946667076,376.14855183565186,73.97004699707031,0.21855312585830688,0.581436038017273,0.7367461621761322,0.6545661091804504,-0.41446241426543295
S-bi-causvid,P10,2,an airplane taking off,general,81,11.027699042856693,8.323337116837502,6.93949174284935,0.6292782462236519,20.9419038772583,0.8652519086181581,0.006080192937224638,29.294072961807252,1.0,0.9835603833198547,0.9863222241401672,0.971259593963623,0.02258383044973016,432.7613606391791,41.13249969482422,0.23398716747760773,0.7226251363754272,0.7083695828914642,0.6779839396476746,-0.28918521459756263
S-bi-causvid,P08,3,"In a still frame, a stop sign",general,81,0.38101454386487604,0.1362632664036937,0.2913547032978386,0.764679310304372,1.4151266694068907,0.7342109688430557,0.00026640408509592817,7.275015866756439,0.0,0.9749478697776794,0.9771382212638855,0.9931145906448364,0.005023313139099627,167.26766972961576,125.97102355957031,0.17429453134536743,0.6010154485702515,0.5510835647583008,0.5510835647583008,-0.5685565066014426
S-bi-causvid,P01,3,a person drinking coffee in a cafe,general,81,0.25965370242483915,0.059674251428805294,0.24244607868604362,0.9337249678974068,0.6249056875705719,0.6085933848303655,0.00022745212019117388,4.016162160038948,0.0,0.9357177019119263,0.9856826066970825,0.9928308725357056,0.004801286614383571,136.1210775670124,109.0072250366211,0.2712896466255188,0.4195469617843628,0.572167843580246,0.5125842690467834,-0.5617522236902239
S-bi-causvid,P29,2,a full glass of water tipping over on a table and spilling across the surface,physics,81,3.244266027607955,0.7358479551388882,3.0833665522746743,0.9504046757051576,6.843388962745666,0.49401887206564093,0.0030389433749405726,19.888052415847778,1.0,0.9183641672134399,0.960373044013977,0.9520153999328613,0.0261785727343522,1531.3207334619883,45.41985321044922,0.2419213205575943,0.5146499872207642,0.5783976316452026,0.3673645853996277,0.44739841108660716
S-bi-causvid,P11,1,A person is sweeping floor,general,81,2.426147854886949,0.14306362406350673,2.362761645857245,0.9738733223635374,7.658087015151974,0.8316040889514149,0.0003181167030334109,29.77762725353241,1.0,0.9668046832084656,0.9898906946182251,0.9656549692153931,0.018156092322897166,437.63411112012994,121.79344940185547,0.21431176364421844,0.8313881754875183,0.6910409927368164,0.5421152114868164,0.20253779787629433
S-bi-causvid,P17,1,"a red race car drifting around a tight corner on a wet track, tires smoking",fast,81,40.00651207566261,33.757351368665695,18.21190100610256,0.4552234025409605,99.40121192932129,0.9681216676201623,0.014159376465249807,81.7135612487793,1.0,0.899618923664093,0.9475204348564148,0.9467803239822388,0.03196717214304954,638.7298559220528,64.63074493408203,0.239259272813797,0.850818932056427,0.8442845344543457,0.7812246084213257,-0.6351229391312176
S-bi-causvid,P04,1,a dog running happily,general,81,3.704613856971264,1.970773121714592,3.073297259956598,0.829586172547285,5.646047353744507,0.7222003574379041,0.0036213987033988813,8.382108330726624,0.0,0.9793205261230469,0.9859844446182251,0.9710301756858826,0.013459053152473643,108.10263167740501,79.76725006103516,0.23618119955062866,0.5157694816589355,0.6252001821994781,0.551193118095398,-0.27607052757680517
S-bi-causvid,P26,3,exactly four red apples rolling across a wooden table,count,81,0.06334075941704213,0.049515368929132816,0.0345300632994622,0.5451389986204246,0.09721039496362206,0.4809340588695772,0.00017408794431048591,0.16286460030823946,0.0,0.9991424679756165,0.9993926882743835,0.9979912638664246,0.0018207387780421413,117.69498132894448,89.62356567382812,0.25383007526397705,0.555740237236023,0.6500356594721476,0.5579230785369873,-1.435272389188266
S-bi-causvid,P23,1,"an astronaut riding a horse on the moon, with the Earth visible in the sky",rare,81,1.936784501373768,1.904285165667534,1.0207492955029012,0.5270327017518877,2.2985397815704345,-0.12900123778993522,0.0008884242430212908,6.118792700767517,0.0,0.9504216313362122,0.9847614169120789,0.9628381729125977,0.014372148702386766,1246.8440251540862,49.63652038574219,0.3151414394378662,0.5037175416946411,0.6200116276741028,0.5318228006362915,0.055969268866053135
S-bi-causvid,P07,0,A tranquil tableau of a picturesque barn was painted a warm shade of red and nestled in a picturesque meadow,general,81,0.6271089259535074,0.6355924090370536,0.29190293364226816,0.46547331107610185,0.8930718243122101,0.6025973928308704,0.001357166228990536,2.5994254022836687,0.0,0.9966936111450195,0.994633138179779,0.9916651248931885,0.004450855226605199,297.322717972372,87.02128601074219,0.28956571221351624,0.7741237282752991,0.6939533352851868,0.5969303846359253,-0.7822324024050644
S-bi-causvid,P21,0,three children chasing each other around a fountain in a city square,multi,81,3.6145739570260047,1.826293271034956,2.9558090403676034,0.8177473355814926,6.197069692611694,0.03316066703410038,0.0013213948623160832,8.515925228595734,0.0,0.9606056213378906,0.9802536368370056,0.9606533050537109,0.02055786221753806,161.03871539158123,80.6366958618164,0.25185078382492065,0.4283214509487152,0.6134852766990662,0.39449262619018555,0.1584200149553876
S-bi-causvid,P16,0,a surfer riding a large barreling wave and getting wiped out by the whitewater,fast,81,3.4607381492853166,2.845584709942341,1.9732438512146473,0.5701798853063356,5.052935409545898,0.40119420533201205,0.00846271203190554,8.358250558376312,0.0,0.9066774249076843,0.9827843904495239,0.9653677344322205,0.017013572622090578,679.9799677912138,60.73773193359375,0.2216930389404297,0.573909342288971,0.6169966657956442,0.3176646828651428,-0.011633877870664833
S-bi-causvid,P05,2,A person is playing guitar,general,81,1.5592155564576387,0.36839438080787656,1.4136155760847031,0.906619141664501,2.796087098121643,-0.20032279903952863,0.0005870565255463589,24.52154974937439,1.0,0.9939556121826172,0.9915416836738586,0.9653552770614624,0.01913129510357976,1580.2680551264068,77.28711700439453,0.2375052124261856,0.7694317102432251,0.6230233907699585,0.6230233907699585,0.4197842011963644
S-bi-causvid,P08,0,"In a still frame, a stop sign",general,81,1.359431093558669,0.7555589446797967,0.9878897855058313,0.7266929993684138,3.0810356020927427,0.8613059381973343,0.0013075819564619452,10.53325983285904,0.0,0.9310531616210938,0.9558879733085632,0.9814272522926331,0.010892286329180934,99.35986976863231,128.55165100097656,0.21200361847877502,0.5958980321884155,0.5586007833480835,0.5586007833480835,-0.09749590028766075
S-bi-causvid,P02,1,a bird soaring gracefully in the sky,general,81,6.5105579674243925,4.914358082413673,4.8329542726278305,0.7423255509718192,8.629213905334472,0.35716509736168517,0.00413265483766736,15.356486463546753,1.0,0.9823039174079895,0.9765239953994751,0.9700824022293091,0.019398978096432984,363.81894062856054,61.84537124633789,0.24567073583602905,0.839391827583313,0.8486294746398926,0.8486294746398926,-0.17497172884967416
S-bi-causvid,P22,3,a basketball player dribbling past two defenders and dunking the ball,multi,81,0.8932383693754673,0.519897417165339,0.6090715773403644,0.6818682631131826,1.292193627357483,-0.5382970115876672,0.0006773100672944566,4.992370402812957,0.0,0.9045215845108032,0.9523236155509949,0.9808451533317566,0.011257105332333595,621.7549159831624,117.27283477783203,0.21879974007606506,0.6408384442329407,0.6684138973553976,0.5902838110923767,0.05989505584918753
S-bi-causvid,P20,0,a chef tossing vegetables in a flaming wok while a second cook plates dishes beside him,multi,81,2.256569455564022,0.5031315295025707,2.160430123656988,0.9573953777202121,4.011426174640654,0.11292550904155878,0.0014954847862099995,20.162816739082338,1.0,0.9781592488288879,0.9883424043655396,0.9734782576560974,0.015885284054093063,277.3803766220045,63.940956115722656,0.2750805616378784,0.673182487487793,0.6848049759864807,0.6630131006240845,0.09763056910226986
S-bi-fastwan,P23,2,"an astronaut riding a horse on the moon, with the Earth visible in the sky",rare,81,0.7934640044346452,0.14972075829282402,0.7498473949730396,0.9450289436612473,1.1256565034389496,0.12967686499250505,0.00038378064764401645,6.4805121421813965,0.0,0.9770814180374146,0.9928430914878845,0.9690088629722595,0.01719109488185495,1263.641353206812,44.32882308959961,0.2988622784614563,0.5399404764175415,0.672154446442922,0.5747660994529724,0.5138638069750066
S-bi-fastwan,P07,1,A tranquil tableau of a picturesque barn was painted a warm shade of red and nestled in a picturesque meadow,general,81,2.7311693713068963,1.7451611068099737,2.1374690756201744,0.782620190258351,3.891607880592346,0.2084558526277002,0.005707048812473659,5.977634537220001,0.0,0.9867681860923767,0.9939274787902832,0.9662147760391235,0.01215065597789362,1477.331702156347,85.64555358886719,0.2781010866165161,0.6403288841247559,0.629046231508255,0.5313201546669006,-0.247273090406547
S-bi-fastwan,P21,3,three children chasing each other around a fountain in a city square,multi,81,2.0026506379246714,0.6581940609961748,1.8733331829309463,0.9354263854258065,3.5167150855064384,-0.11145163691442798,0.0014655370006039447,10.39211437702179,0.0,0.9382648468017578,0.9595341682434082,0.9708254933357239,0.018319901160430162,173.30741032127466,77.66854858398438,0.2511640787124634,0.7543368339538574,0.7124144236246744,0.609667956829071,0.2861106877961901
S-bi-fastwan,P24,2,a panda playing a violin on a stage under spotlights,rare,81,2.1848704650998116,0.5274988888762892,2.0602627165615557,0.9429674694696223,3.5931281447410583,0.4820699465133206,0.0011169650046213065,23.915080118179322,1.0,0.9874773025512695,0.9889921545982361,0.9728310704231262,0.013934787129983306,523.8921498102688,118.55862426757812,0.3183971047401428,0.6818681955337524,0.6983303427696228,0.5758742094039917,-0.02077938454802375
S-bi-fastwan,P05,3,A person is playing guitar,general,81,1.2615443505346775,0.23361000861041248,1.1680264042690396,0.9258695327710558,2.158155786991119,-0.3066083550018911,0.0005078260966229209,21.330757546424866,1.0,0.9983025789260864,0.9951689839363098,0.9803705811500549,0.012135315843624993,739.4002875731575,92.27284240722656,0.23060879111289978,0.7506930828094482,0.641646146774292,0.641646146774292,0.034514630115952905
S-bi-fastwan,P29,3,a full glass of water tipping over on a table and spilling across the surface,physics,81,0.5887155096279457,0.04104942250996828,0.5731065583415329,0.973484774027693,1.3059845864772797,0.43623670439107637,0.00013328655426221304,12.170250189304351,1.0,0.9006423950195312,0.9558666348457336,0.980626106262207,0.015007475772290491,522.1796233144146,72.99951171875,0.263243705034256,0.4729425609111786,0.5933928291002909,0.39757239818573,0.44656149685661806
S-bi-fastwan,P24,0,a panda playing a violin on a stage under spotlights,rare,81,2.0184452831745148,0.6508120034821332,1.7725616157054902,0.8781812181385827,4.000558567047119,0.42946750653532634,0.002032086551298562,22.236906671524046,1.0,0.990327000617981,0.9931463599205017,0.977387011051178,0.011229291663039476,649.1830594792896,79.31130981445312,0.3242467939853668,0.63277268409729,0.7004824678103129,0.6162815690040588,-0.20628314660097224
S-bi-fastwan,P08,2,"In a still frame, a stop sign",general,81,1.187468407675624,0.08230409173411317,1.1840777337551116,0.9971437799588023,2.142190098762512,0.6630720085470865,0.0001516002542643946,15.359080994129181,1.0,0.9220760464668274,0.954353928565979,0.977300226688385,0.0132443314534612,198.70757888291504,70.60861206054688,0.20841890573501587,0.6370998620986938,0.5688821077346802,0.5688821077346802,0.14078504183964924
S-bi-fastwan,P25,0,a giraffe wearing sunglasses roller-skating down a boardwalk,rare,81,5.2143126130104065,3.9221736177802087,3.5760130763053892,0.6858070575929228,7.40633237361908,0.1568115443266712,0.01498737462097779,24.037708568573,1.0,0.9733263254165649,0.9848905801773071,0.9673023223876953,0.01355018123285845,251.98597156485928,47.9693717956543,0.2808713912963867,0.7226405739784241,0.6921327908833822,0.6794596910476685,-0.4266636589898205
S-bi-fastwan,P23,3,"an astronaut riding a horse on the moon, with the Earth visible in the sky",rare,81,0.081022155797109,0.04429647283977829,0.06130145837087184,0.7565918380712979,0.20955752357840535,0.09198423025169021,9.66988431841287e-05,0.4441464483737946,0.0,0.9949260950088501,0.9960098266601562,0.9940552711486816,0.0040188850660342725,994.7606370046121,31.88385009765625,0.316062867641449,0.42362356185913086,0.6148531635602316,0.4950975775718689,-0.6531337557148218
S-bi-fastwan,P06,1,A person is reading book,general,81,0.37805672315880656,0.11758165231440217,0.33532570945098994,0.8869696051947427,0.7705016940832138,0.3272880567296322,0.00020005807274401378,3.580053436756134,0.0,0.9909462332725525,0.9939268231391907,0.9865111708641052,0.010097741894423962,171.64501330565741,62.770023345947266,0.22816412150859833,0.7574011087417603,0.6230350136756897,0.6230350136756897,0.1307777176059437
S-bi-fastwan,P28,3,"two cats sitting side by side on a windowsill, one black and one white, watching birds outside",count,81,0.23259949595667423,0.03596162484027445,0.21604039964731783,0.9288045528826344,0.5406778782606124,0.7236077009000782,0.0001187145268659151,4.651006606221199,0.0,0.9945068359375,0.9967876672744751,0.9925076365470886,0.004427663204842247,501.52584186796844,52.377193450927734,0.30599290132522583,0.6745320558547974,0.5268290241559347,0.4557530879974365,-0.6304722516821553
S-bi-fastwan,P11,2,A person is sweeping floor,general,81,2.023493977636099,0.049915132753085345,2.008042038977146,0.9923632433834821,4.084735059738159,0.6144808663973332,9.975185998882808e-05,38.5062132358551,1.0,0.9293527603149414,0.9704717993736267,0.9652442336082458,0.023892253811936826,285.5067604409863,64.12898254394531,0.23229306936264038,0.7601919770240784,0.6589245796203613,0.5070960521697998,0.547753459230873
S-bi-fastwan,P19,2,two dogs playing tug-of-war with a rope toy in a backyard,multi,81,3.046514442563057,0.19365147659555076,3.0437308296561243,0.9990859679002349,5.088642954826355,0.4891767802349117,0.0008329548762276318,25.512922763824463,1.0,0.9682072997093201,0.9644194841384888,0.9667873978614807,0.017658983124420047,248.02087257185212,56.431297302246094,0.3035441040992737,0.680899977684021,0.5090523958206177,0.45917999744415283,0.08069429105399095
S-bi-fastwan,P13,1,a bear climbing a tree,general,81,1.7525735378265381,0.5179576718248426,1.6244074918329716,0.9268692753276484,4.265212631225585,0.8578853741276514,0.0010074883446577587,10.881858038902283,0.0,0.9513190388679504,0.9477320909500122,0.9604422450065613,0.023853042093105615,998.1509518256366,63.467220306396484,0.264610230922699,0.6455448269844055,0.7613649368286133,0.7353267669677734,0.5991833020091795
S-bi-fastwan,P03,3,a boat sailing smoothly on a calm lake,general,81,1.6959156580269337,0.5663725577294827,1.5736588031053542,0.9279104581331156,2.720437002182007,-0.36974175665471415,0.0023933204095101246,14.83886251449585,1.0,0.9865605235099792,0.991327702999115,0.9721933603286743,0.015696201438549905,661.255171462735,79.62382507324219,0.22709330916404724,0.5563522577285767,0.7227456569671631,0.7080597281455994,0.1924702294731997
S-bi-fastwan,P01,0,a person drinking coffee in a cafe,general,81,0.5935913593508303,0.12975851078517736,0.5434691743925214,0.9155595853472153,1.3391810297966003,0.8622788411482414,0.0005095767499255999,5.242301100492478,0.0,0.9808489680290222,0.9892764091491699,0.989041268825531,0.006219770922325551,86.35706250062377,79.12106323242188,0.26662611961364746,0.4115789532661438,0.5636521279811859,0.49778634309768677,-0.4358921551070898
S-bi-fastwan,P27,1,five yellow rubber ducks floating down a small stream,count,81,1.604835496097803,0.9718217618763447,1.3771940410137176,0.858152244395237,2.080852675437927,-0.4436494209896083,0.0013428210158963338,4.7082615971565245,0.0,0.9940502047538757,0.9962846040725708,0.9707872271537781,0.0213028916856274,901.2172151463676,69.54283905029297,0.2566407322883606,0.6954138278961182,0.6007043321927389,0.582112729549408,0.5173073721375685
S-bi-fastwan,P14,2,A tranquil tableau of a bunch of grapes,general,81,2.04781517337542,0.03031650921620894,2.035837986622937,0.9941507509764709,5.012385010719298,0.713963784480417,4.925516282412445e-05,36.16333317756653,1.0,0.9864748120307922,0.9949449896812439,0.9798708558082581,0.012535526450665201,123.05702412078513,81.3998794555664,0.27451273798942566,0.7876805663108826,0.7508342862129211,0.7508342862129211,-0.10172563432368342
S-bi-fastwan,P03,1,a boat sailing smoothly on a calm lake,general,81,3.565793600678444,2.062940019369125,3.3530811354517938,0.9403461250442808,4.3689477920532225,0.04410485332557782,0.008107509402907453,7.8812753558158875,0.0,0.9918516278266907,0.9728695750236511,0.9604905843734741,0.024487121636047958,1155.2102547823804,36.048038482666016,0.23200254142284393,0.6826664209365845,0.7713750004768372,0.7519276738166809,0.3393240673427149
S-bi-fastwan,P24,3,a panda playing a violin on a stage under spotlights,rare,81,1.2918317755684257,0.30201861206442115,1.1760544076561927,0.9103766601205109,3.1221253275871277,0.7941642817486982,0.0007888017992627283,18.025199007987975,1.0,0.9934563040733337,0.9894607663154602,0.9823514223098755,0.009805672941729427,1126.9602888701206,66.31969451904297,0.3113107681274414,0.6143882274627686,0.6622900168100992,0.5356063842773438,-0.1861455593596535
S-bi-fastwan,P02,2,a bird soaring gracefully in the sky,general,81,3.6508257910609245,0.23068756060674786,3.5231425002217294,0.9650259247708406,7.635644793510437,0.8237613691330398,0.0005010622029658407,35.57174801826477,1.0,0.9345871210098267,0.9759345054626465,0.9566800594329834,0.031607562687713656,160.86094081055435,59.385616302490234,0.2281123548746109,0.7309841513633728,0.8516765832901001,0.8516765832901001,0.5841320456008243
S-bi-fastwan,P10,0,an airplane taking off,general,81,20.80226776599884,18.547779405117033,9.199655705690384,0.4422429019245802,25.931220531463623,0.08234733419724827,0.02987846398027614,30.83618493080139,1.0,0.9820087552070618,0.9754740595817566,0.9710865616798401,0.021554916573222727,305.4618745141597,28.269248962402344,0.22907060384750366,0.702133059501648,0.7015019059181213,0.679496169090271,-0.6720785667394247
S-bi-fastwan,P20,2,a chef tossing vegetables in a flaming wok while a second cook plates dishes beside him,multi,81,2.0706575974822043,0.043613942735828456,2.0626811400055884,0.9961473815691703,3.101569831371307,-0.608921862087098,8.07579747629461e-05,29.920662879943848,1.0,0.9783400893211365,0.9864446520805359,0.97847980260849,0.015469895454589277,458.4610169502049,72.29788208007812,0.2924043834209442,0.7430772185325623,0.6901541153589884,0.5803003311157227,0.10436716441079064
S-bi-fastwan,P16,3,a surfer riding a large barreling wave and getting wiped out by the whitewater,fast,81,2.558298149704933,0.7991660002619028,2.335309038311243,0.9128365768251109,3.393054807186126,0.24283414256395316,0.0032758057408500464,6.021091973781585,0.0,0.9172586798667908,0.9712063670158386,0.9738590717315674,0.01367485395167023,365.35745447583923,58.934242248535156,0.2206372171640396,0.5535671710968018,0.640937328338623,0.317890465259552,-0.10228741544365949
S-bi-fastwan,P28,1,"two cats sitting side by side on a windowsill, one black and one white, watching birds outside",count,81,0.6832560753449798,0.08633650387637318,0.6586888341233135,0.9640424635057577,1.1162416994571684,0.5374702657509332,0.000244723012178838,7.41532711982727,0.0,0.9858789443969727,0.9900993704795837,0.986501157283783,0.007438415358774364,842.2939721992731,58.494441986083984,0.2991044521331787,0.7057855129241943,0.5364933013916016,0.4513031840324402,-0.2879403710043924
S-bi-fastwan,P00,0,a horse taking a peaceful walk,general,81,2.008328025043011,1.374014499783516,1.3398929830640554,0.6671680617847764,2.9465093374252316,0.4162299385661313,0.0023944992157339585,5.93058967590332,0.0,0.9847418665885925,0.9839855432510376,0.9688394665718079,0.013039100728929044,356.0248811664219,63.2790412902832,0.20910324156284332,0.591660737991333,0.7419300079345703,0.6762439012527466,-0.054970510061973066
S-bi-fastwan,P04,3,a dog running happily,general,81,3.367149278521538,1.9845641672611236,2.8357730746269225,0.842187856216523,5.260036110877991,-0.45036975898343024,0.002911412017238035,10.447894191741943,0.0,0.9914122819900513,0.9892464876174927,0.9727537631988525,0.014318922674283386,163.3805130960958,53.3357048034668,0.23191262781620026,0.49883851408958435,0.6151273846626282,0.5025959014892578,-0.17206495012825584
S-bi-fastwan,P25,1,a giraffe wearing sunglasses roller-skating down a boardwalk,rare,81,9.068510335683822,10.176628696918488,4.6916355907917024,0.5173545488475617,11.35865306854248,0.16734527213403777,0.015883749752538277,28.506011962890625,1.0,0.9758920073509216,0.9913879632949829,0.9676687121391296,0.021540179348085074,324.5568585007652,57.467281341552734,0.2878235876560211,0.608454704284668,0.6766769886016846,0.6144295930862427,-0.23598009734391034
S-bi-fastwan,P15,1,"a cheetah sprinting at full speed across the savanna, dust flying behind it",fast,81,38.467433881759646,31.77914478778839,19.11901466846466,0.49701818505008893,45.74302406311035,0.020931873968393317,0.019806144500034862,58.86268482208252,1.0,0.94936603307724,0.9591728448867798,0.932717502117157,0.03920135945081711,363.5573428224948,37.502384185791016,0.2884352207183838,0.7115693092346191,0.7716849446296692,0.732714056968689,-0.4094997028415581
S-bi-fastwan,P26,0,exactly four red apples rolling across a wooden table,count,81,0.3940568322315812,0.16202591825276613,0.30489937383681537,0.7737427070289294,0.7362833678722381,0.776614274851361,0.0003862678213408799,2.1281510949134828,0.0,0.995809018611908,0.9986764788627625,0.9951503872871399,0.0030103220444289034,106.16274655183112,83.9172134399414,0.2810590863227844,0.556999921798706,0.6071827014287313,0.5227879285812378,-1.085780074938051
S-bi-fastwan,P05,0,A person is playing guitar,general,81,1.9359063044190408,0.5613149246200919,1.6773706316947936,0.8664519359299421,3.5207064747810364,-0.4340911492664571,0.0011213436449452273,28.546919202804567,1.0,0.995688259601593,0.99708491563797,0.9681456089019775,0.01692253544460982,720.3801280546356,101.72445678710938,0.23479223251342773,0.6931158900260925,0.6574768424034119,0.6574768424034119,0.21948184025725492
S-bi-fastwan,P02,3,a bird soaring gracefully in the sky,general,81,1.4549103520810605,0.6883994806557894,1.097159181162715,0.754107237938155,2.877978456020354,0.6500627302785592,0.0010269538615830243,14.160081923007965,1.0,0.9357134103775024,0.9780184030532837,0.977455735206604,0.014649769308743999,268.1302946631463,50.2362060546875,0.21643249690532684,0.6424907445907593,0.8151796460151672,0.8151796460151672,0.17642340258714206
S-bi-fastwan,P11,3,A person is sweeping floor,general,81,2.621892686188221,0.049054579465882854,2.6037601329386235,0.9930837953708335,6.68847107887268,0.663777026905681,9.545460164304132e-05,36.43119287490845,1.0,0.9345030784606934,0.9618937373161316,0.9624069333076477,0.02265799845336005,416.5462559075247,116.49116516113281,0.23386342823505402,0.7450309991836548,0.6519763320684433,0.4823562800884247,0.39262321825506286
S-bi-fastwan,P09,1,a cow chewing cud while resting in a tranquil barn,general,81,1.542445605993271,0.2225556117715314,1.4580630276352167,0.9452923828739506,2.843246161937713,0.33318444198946207,0.0003833191630292276,12.0470130443573,1.0,0.9895641207695007,0.9819883704185486,0.97904372215271,0.010438806127058341,280.0009636254083,46.3012809753418,0.21140775084495544,0.4788571298122406,0.579505205154419,0.3899698257446289,-0.18225080334322552
S-bi-fastwan,P19,3,two dogs playing tug-of-war with a rope toy in a backyard,multi,81,1.1334991306066513,0.22797986443620175,1.105708485096693,0.9754815683214045,2.3829802751541136,0.6974560526533704,0.0004978922650025197,7.352280783653259,0.0,0.9882156252861023,0.9842612147331238,0.9779302477836609,0.010170784342335537,179.20560595092417,69.48851776123047,0.3171013593673706,0.718563437461853,0.5818285048007965,0.5589261651039124,-0.10911942877141101
S-bi-fastwan,P08,1,"In a still frame, a stop sign",general,81,1.6413101588375867,0.044085158174857496,1.6233885570894926,0.9890803144476351,3.890360033512115,0.6719781244692088,7.80651937844823e-05,31.081762409210206,1.0,0.876181423664093,0.8960807919502258,0.9766815304756165,0.016336207604035737,847.5330082842206,54.19607162475586,0.20399117469787598,0.6269652247428894,0.5604439377784729,0.5604439377784729,0.24400143006333685
S-bi-fastwan,P17,0,"a red race car drifting around a tight corner on a wet track, tires smoking",fast,81,15.960070544481278,15.578127264976501,4.155984356999397,0.2603988550688212,28.22237291336059,0.5776543758410065,0.03160748245427385,36.69534072875977,1.0,0.9389808773994446,0.9559798240661621,0.9533374309539795,0.020179240591824056,444.6688932634431,51.87449645996094,0.23907005786895752,0.8705590963363647,0.8531845410664877,0.8117119073867798,-0.5960385741647314
S-bi-fastwan,P22,2,a basketball player dribbling past two defenders and dunking the ball,multi,81,2.469256003201008,0.6650610772427171,2.1737206149846315,0.8803136377326217,4.178499388694763,0.6709175862844704,0.0009730207927304945,21.67051899433136,1.0,0.914201557636261,0.9505075812339783,0.9599025845527649,0.023191851924639195,282.9596056159079,74.35643768310547,0.2319095879793167,0.695849597454071,0.7445194919904073,0.6550754308700562,0.44025188721537
S-bi-fastwan,P26,1,exactly four red apples rolling across a wooden table,count,81,1.2449346632231026,0.03857555877184495,1.2295174814760685,0.9876152782810343,3.651493191719055,0.5330261717009719,7.933273557227948e-05,20.49400805234909,1.0,0.9918500781059265,0.998026967048645,0.9921503067016602,0.007876508901244961,155.5903299618687,99.18761444091797,0.26262766122817993,0.5068597793579102,0.5957766175270081,0.5599195957183838,-0.393508506635194
S-bi-fastwan,P22,1,a basketball player dribbling past two defenders and dunking the ball,multi,81,2.8818524464964868,1.484455957915634,2.231657065451145,0.7743825655548878,4.181492662429809,0.3100126728116618,0.002307246633608884,14.659701919555664,1.0,0.9673596620559692,0.9653423428535461,0.9562585353851318,0.026334821560885756,747.8405913215951,103.1695785522461,0.2198294699192047,0.7168870568275452,0.7173442840576172,0.6462606191635132,0.503809248916371
S-bi-fastwan,P00,2,a horse taking a peaceful walk,general,81,1.835554762929678,0.7266684161499143,1.6566482186317444,0.9025322205344586,2.8416802406311032,0.1914705670499712,0.0021095990892717963,7.527098286151886,0.0,0.9819484949111938,0.9795896410942078,0.9752599000930786,0.011829061328899115,206.7250996213282,53.593605041503906,0.23192614316940308,0.5834907293319702,0.7420668601989746,0.660680890083313,-0.11891784908480307
S-bi-fastwan,P07,2,A tranquil tableau of a picturesque barn was painted a warm shade of red and nestled in a picturesque meadow,general,81,1.2394435659050942,0.2858504543080926,1.0087418739218266,0.8138660668419657,3.792882370948791,0.7702438616253073,0.0004051968450937693,30.500435411930084,1.0,0.9496760368347168,0.9639555215835571,0.9722921848297119,0.01491621436434798,2816.5468660085044,77.8399429321289,0.2530672550201416,0.7322419285774231,0.694648414850235,0.6209850907325745,0.24638015364695498
S-bi-fastwan,P04,2,a dog running happily,general,81,4.196328040957451,1.9067550845444203,3.955039083957672,0.9424997528447566,5.549978470802306,0.4954967129603612,0.0067793850324960655,17.350115275382997,1.0,0.9742355346679688,0.9854006767272949,0.9635181427001953,0.01675946939503774,74.41885023760432,52.350257873535156,0.23471856117248535,0.6265506148338318,0.6990164518356323,0.6034843921661377,-0.11297331834472102
S-bi-fastwan,P26,2,exactly four red apples rolling across a wooden table,count,81,0.6695852410281077,0.02395496185636148,0.6629364740336314,0.990068841641271,2.019154906272888,0.6902659344099654,4.642365983045238e-05,7.23046926856041,0.0,0.9868966937065125,0.9954755902290344,0.9926815032958984,0.005123024227214046,266.02897582604027,86.84947967529297,0.2655196189880371,0.4891600012779236,0.6267944574356079,0.6130405068397522,-0.6561822773385799
S-bi-fastwan,P01,2,a person drinking coffee in a cafe,general,81,0.8926322558894754,0.06172825983958319,0.8839001467451453,0.9902164645035234,1.6443423628807068,0.6028111401006475,0.0002601019758003531,8.6309161901474,0.0,0.9589125514030457,0.9816085696220398,0.9832886457443237,0.008063686921377666,192.2954597431834,68.27812194824219,0.2526513338088989,0.4273679256439209,0.5956456065177917,0.5518918037414551,-0.2735173754105986
S-bi-fastwan,P18,0,a flock of hundreds of starlings swirling in a murmuration at dusk,fast,81,1.2453325025737285,0.20023760395124554,1.1444017212837934,0.9189520067665894,1.8210850477218627,0.10762429257680868,0.000587214863526242,16.97539002895355,1.0,0.8891969919204712,0.9538400769233704,0.9534527659416199,0.04015300632454455,243.69017530245924,32.88838195800781,0.1540905088186264,0.7643858194351196,0.7741775512695312,0.7216412425041199,1.2351018094252537
S-bi-fastwan,P15,3,"a cheetah sprinting at full speed across the savanna, dust flying behind it",fast,81,27.042056024074554,19.720042717456817,22.76703028678894,0.841911925062516,41.25325603485107,-0.383053333538789,0.00777850884860527,64.55411109924316,1.0,0.9805809259414673,0.9842798113822937,0.9469897747039795,0.035676981508731845,154.777615672468,39.57743835449219,0.28926709294319153,0.6918738484382629,0.7696233590443929,0.7397775650024414,-0.3104863753107767
S-bi-fastwan,P24,1,a panda playing a violin on a stage under spotlights,rare,81,3.7345081947743894,0.8634860280901193,3.3462182596325873,0.8960262473887791,6.796675181388855,0.6308318253395618,0.001758922664430429,40.45464248657227,1.0,0.9901979565620422,0.9931656718254089,0.9624331593513489,0.018565807113191113,793.5340432811599,80.8415298461914,0.3032134771347046,0.577114462852478,0.6317411263783773,0.48235827684402466,0.041997669981268526
S-bi-fastwan,P25,3,a giraffe wearing sunglasses roller-skating down a boardwalk,rare,81,2.3685410529375077,1.4596407625824213,1.9411548368632794,0.8195568385437044,3.206045150756836,0.35762552122465185,0.008302666601230158,9.148201417922973,0.0,0.9824745059013367,0.9854596257209778,0.9760191440582275,0.009578143188264221,416.1004582127749,48.746822357177734,0.2399066686630249,0.6723247170448303,0.6766313314437866,0.6440838575363159,-0.42734892505916733
S-bi-fastwan,P15,0,"a cheetah sprinting at full speed across the savanna, dust flying behind it",fast,81,39.95322549343109,36.558025431633,16.684866869449614,0.4176099988368363,53.68271446228027,-0.6765066729022415,0.06035866630263627,66.73941001892089,1.0,0.9719142317771912,0.9776606559753418,0.93925541639328,0.03488556712400168,430.659987504591,34.61937713623047,0.291579931974411,0.6604962944984436,0.7547021905581156,0.7104882001876831,-0.5470267494448096
S-bi-fastwan,P11,0,A person is sweeping floor,general,81,3.0140572119504214,0.29860119689255954,2.8510505605489014,0.9459175503793483,5.15233860015869,0.3698425695708442,0.0004055866252656415,35.37586545944214,1.0,0.9136897921562195,0.9349378943443298,0.9669552445411682,0.020314559701364487,329.4371672117656,108.3600845336914,0.2204064428806305,0.8156189918518066,0.6732398867607117,0.5331187844276428,0.2253330270963323
S-bi-fastwan,P19,0,two dogs playing tug-of-war with a rope toy in a backyard,multi,81,2.0506513722240927,0.692045258032158,2.0151202477514745,0.9826727704052145,3.3390319705009457,0.6358508453267451,0.0014129570012300975,10.86789493560791,0.0,0.9814310073852539,0.9842954874038696,0.9654477834701538,0.014377952250652016,157.006594659601,57.613468170166016,0.32622671127319336,0.6992335319519043,0.5493100881576538,0.48910170793533325,0.03486751185990222
S-bi-fastwan,P00,1,a horse taking a peaceful walk,general,81,4.248464839160443,1.9670831713825465,3.587728115916252,0.8444761595694595,5.470134711265564,0.22133005706738296,0.0030179692201272703,9.794894170761108,0.0,0.9873663187026978,0.9850544333457947,0.9676960706710815,0.014572638692334295,282.60780713456364,56.23054504394531,0.21816256642341614,0.5830302834510803,0.7390090525150299,0.6672307252883911,-0.25842610306293157
S-bi-fastwan,P20,1,a chef tossing vegetables in a flaming wok while a second cook plates dishes beside him,multi,81,2.6433141112327574,0.324607423087582,2.615224835276604,0.9893730884234028,5.583156394958496,0.4824179265546429,0.001016025838907808,28.436266469955445,1.0,0.9514333009719849,0.9800007939338684,0.9647360444068909,0.027118203276768327,216.00478695886255,80.78419494628906,0.26375508308410645,0.6367374658584595,0.6259960333506266,0.5359041690826416,0.5689744335963289
S-bi-fastwan,P27,2,five yellow rubber ducks floating down a small stream,count,81,1.618895586580038,0.06489252161700279,1.6052526865154504,0.9915720990595139,3.6862035155296318,0.1285608112876546,0.000166374447940143,20.611561489105224,1.0,0.9834562540054321,0.9878795742988586,0.9647542238235474,0.026728438306599857,520.8313916223733,82.67581176757812,0.25257641077041626,0.7656955718994141,0.6028774182001749,0.5828210711479187,0.7411398010914456
S-bi-fastwan,P22,0,a basketball player dribbling past two defenders and dunking the ball,multi,81,2.88944354057312,1.0992413826286793,2.503762876242399,0.8665204820805381,4.194236254692077,0.5952477464843633,0.0020084135373508614,22.551557874679567,1.0,0.9520574808120728,0.9267210364341736,0.9549214839935303,0.024696972663514317,342.34333595064425,120.9317398071289,0.19489216804504395,0.7646169662475586,0.738690992196401,0.6714252233505249,0.4384958998073536
S-bi-fastwan,P03,2,a boat sailing smoothly on a calm lake,general,81,1.470718678832054,0.509702259209007,1.2151797611266375,0.8262483861585717,2.2759312868118284,0.2982103815940954,0.001009804825844185,10.085431015491485,0.0,0.9827919006347656,0.9805765151977539,0.969711184501648,0.018214971863199026,1016.6453518794826,96.51387023925781,0.181435227394104,0.5219963788986206,0.7780512273311615,0.7631234526634216,0.39060052027373793
S-bi-fastwan,P09,0,a cow chewing cud while resting in a tranquil barn,general,81,0.756394611671567,0.06534284789813682,0.7191991154104471,0.9508240189562722,1.205801278352737,0.16357829750590067,0.00013205958452431333,6.363035356998443,0.0,0.9940328598022461,0.9948671460151672,0.985056459903717,0.007565491792047396,246.55433465129613,57.692039489746094,0.21619686484336853,0.4716409146785736,0.6217653453350067,0.4868754744529724,-0.295048793675611
S-bi-fastwan,P20,3,a chef tossing vegetables in a flaming wok while a second cook plates dishes beside him,multi,81,1.4760599859058856,0.2024832900497131,1.449939116463065,0.9823029876866578,2.8538878560066223,0.16925976340606752,0.0006529793083984714,18.550376868247987,1.0,0.9791210293769836,0.9763011336326599,0.974161684513092,0.016530240001156927,394.1965854143977,64.85576629638672,0.24763548374176025,0.6729946136474609,0.5968220432599386,0.5355538129806519,0.2923328029270422
S-bi-fastwan,P13,0,a bear climbing a tree,general,81,1.6794996544718743,0.5937627695500851,1.2989240139722824,0.773398932899335,2.6916401386260986,0.4694122537717926,0.0008016285071789752,15.551987648010254,1.0,0.9441604018211365,0.9762498140335083,0.9675667881965637,0.016039733972866087,1496.935451570943,44.80706787109375,0.27353960275650024,0.6559972763061523,0.7388661503791809,0.7268781661987305,0.21757214480107745
S-bi-fastwan,P06,0,A person is reading book,general,81,0.2657090052496642,0.06562130011152476,0.23419190954882652,0.8813815999468184,1.0818347334861749,0.27576899095000035,0.0001275971381232921,4.927128139138222,0.0,0.9912965893745422,0.9960474967956543,0.991379976272583,0.00719482268759748,110.35202730689753,93.22599792480469,0.23921003937721252,0.7936279773712158,0.632891058921814,0.632891058921814,-0.16005487518245332
S-bi-fastwan,P10,1,an airplane taking off,general,81,14.872602480649949,10.048452079296112,14.922193264961242,1.0033343042040899,17.209781455993653,-0.05304499411693737,0.026648167113307863,38.169611072540285,1.0,0.9858580827713013,0.9613267779350281,0.9712819457054138,0.032995168562047185,439.8742745590117,41.88864517211914,0.20971393585205078,0.7152588367462158,0.7000155448913574,0.6689708232879639,-0.06688751590689135
S-bi-fastwan,P13,3,a bear climbing a tree,general,81,0.9970928302034736,0.2837690934189595,0.8890965240076184,0.8916879205101323,1.949433714151382,0.6149404206158314,0.0005190373775803891,7.954168808460236,0.0,0.9740613102912903,0.9822607040405273,0.9822949171066284,0.008638259640429169,453.9727686603626,57.950645446777344,0.27737975120544434,0.62004554271698,0.7378641963005066,0.7000207901000977,-0.23506767541438922
S-bi-fastwan,P16,2,a surfer riding a large barreling wave and getting wiped out by the whitewater,fast,81,4.621731224656105,4.350463818013668,1.832035630196333,0.3963958838685535,5.675013136863709,0.05383304623516899,0.003908059270179365,9.630941605567932,0.0,0.9195439219474792,0.9723548293113708,0.96415776014328,0.019165820081252605,980.9065656839396,73.5823974609375,0.22426354885101318,0.5582232475280762,0.6337471206982931,0.3144848346710205,-0.023300910181861756
S-bi-fastwan,P12,2,a motorcycle turning a corner,general,81,1.2991464499384164,0.4785931472317316,1.0910959687083959,0.8398553749692671,2.2509841799736017,0.5033304493176083,0.0013467569160411585,8.827423071861267,0.0,0.9463526606559753,0.971500039100647,0.969585120677948,0.017923402425367385,695.4386537510994,52.22354507446289,0.21406659483909607,0.606160581111908,0.7834815382957458,0.7470028400421143,0.415152941041506
S-bi-fastwan,P09,3,a cow chewing cud while resting in a tranquil barn,general,81,0.35518270535394547,0.05450892491498962,0.33388291792944075,0.9400288157834319,0.7390443503856657,0.3811631594781729,8.146483205564436e-05,3.1260105550289152,0.0,0.9947037100791931,0.9974037408828735,0.9899868965148926,0.005150339889223687,228.13477159386335,50.46002197265625,0.19822745025157928,0.4266791343688965,0.5574143826961517,0.3612077236175537,-0.5329135897417805
S-bi-fastwan,P18,2,a flock of hundreds of starlings swirling in a murmuration at dusk,fast,81,0.6460067229345441,0.040093062503729016,0.632913548219949,0.9797306220193256,1.1483648240566249,-0.018731688157611354,8.347815015952165e-05,15.759667456150055,1.0,0.9588173031806946,0.9724134802818298,0.9617056846618652,0.03266787980683148,1459.49250153128,50.469810485839844,0.12694711983203888,0.7230517864227295,0.6558490594228109,0.6056560277938843,1.2043414065981004
S-bi-fastwan,P27,0,five yellow rubber ducks floating down a small stream,count,81,1.382829999178648,0.47551385071128605,1.3106430191546679,0.9477969614024728,2.204568517208099,-0.5303607274774252,0.0026570092126348755,8.332466053962708,0.0,0.9925252795219421,0.9908716082572937,0.9759418368339539,0.018154929112643003,532.0987536435824,81.80895233154297,0.26703208684921265,0.7705456018447876,0.6182407935460409,0.6031812429428101,0.40777565265375326
S-bi-fastwan,P06,2,A person is reading book,general,81,0.45206552725285293,0.035727495452738366,0.44348881267942486,0.9810255481078114,1.3730404913425445,0.675323488792907,0.00011906089043804969,5.844358652830124,0.0,0.9872846603393555,0.9912567138671875,0.989478588104248,0.0066348831489449365,131.29908038582576,88.0334243774414,0.23022928833961487,0.7808513045310974,0.6531432867050171,0.6531432867050171,-0.3187158371256773
S-bi-fastwan,P10,3,an airplane taking off,general,81,8.22791247665882,6.219356822967529,7.83177450299263,0.9518542611331575,9.937854051589966,-0.04187689974658451,0.011536960900411942,18.53493375778198,1.0,0.991519570350647,0.9855848550796509,0.9745483994483948,0.019325448921881615,290.8619044649776,35.91819381713867,0.22187906503677368,0.6716173887252808,0.654316246509552,0.6056649684906006,-0.2951856609835848
S-bi-fastwan,P03,0,a boat sailing smoothly on a calm lake,general,81,4.316601732373238,2.4251578394323587,3.6637192338705065,0.8487506173300824,5.1912500858306885,-0.09182134752543193,0.00646089542133268,22.211757516860963,1.0,0.989606499671936,0.9820087552070618,0.9603019952774048,0.02121286888141185,1218.6033418922837,31.28857421875,0.22778046131134033,0.5866939425468445,0.7932464480400085,0.7707191705703735,0.10972257572057709
S-bi-fastwan,P18,3,a flock of hundreds of starlings swirling in a murmuration at dusk,fast,81,0.3403790842741728,0.07262797560542822,0.31750397183932366,0.9327924473500552,0.594541484117508,0.3800472783760813,0.00015562502040893377,4.626898753643036,0.0,0.9887065887451172,0.994809627532959,0.9843102693557739,0.011949352110968902,1057.7662693356851,35.202232360839844,0.13216081261634827,0.6335547566413879,0.7211551666259766,0.6882187128067017,0.314799887476366
S-bi-fastwan,P16,1,a surfer riding a large barreling wave and getting wiped out by the whitewater,fast,81,5.696914854645729,4.125498303771019,3.6434951767325403,0.6395557297482879,8.520362520217894,0.6135963297632614,0.012048339628381654,11.23655400276184,0.0,0.9322962164878845,0.9755715727806091,0.9589189291000366,0.019718711357563735,717.5102968979505,60.87232971191406,0.18494273722171783,0.5765212774276733,0.6361062526702881,0.3494457006454468,-0.09380148146443146
S-bi-fastwan,P01,1,a person drinking coffee in a cafe,general,81,0.949805205501616,0.09786200998350977,0.9192587176337839,0.9678381887895761,3.763359451293943,0.8948461570679412,0.00023742498333376716,12.081305813789367,1.0,0.9875732660293579,0.9875816702842712,0.9890157580375671,0.00784616700548213,213.8249600551114,69.21829223632812,0.24722722172737122,0.4845876395702362,0.5522887408733368,0.4908685088157654,-0.31768470985104
S-bi-fastwan,P21,1,three children chasing each other around a fountain in a city square,multi,81,3.367969037592411,1.4515464751049876,2.9277150854468346,0.8692818085578065,5.324836230278015,0.4199677121484572,0.002357235603722074,18.586434841156006,1.0,0.9308700561523438,0.9671121835708618,0.956388533115387,0.028496819827705622,106.85012169964277,97.43206024169922,0.29583466053009033,0.7421101927757263,0.7274213631947836,0.62065589427948,0.5160047650649782
S-bi-fastwan,P12,3,a motorcycle turning a corner,general,81,3.3677914321422575,2.415095068514347,3.086872066557407,0.9165861996411232,4.78769633769989,-0.6854832719411744,0.007496089671622031,9.993076372146607,0.0,0.990422248840332,0.9798641204833984,0.9712532758712769,0.017788492958061397,1664.9866058712678,51.71357727050781,0.20471283793449402,0.615307092666626,0.7632552087306976,0.7306297421455383,0.04480816543461863
S-bi-fastwan,P28,0,"two cats sitting side by side on a windowsill, one black and one white, watching birds outside",count,81,0.47110212929546835,0.04419844213407487,0.4498982639051974,0.9549889099187631,1.1658009290695188,0.8088760635718775,7.852560545416055e-05,7.363375431299209,0.0,0.9916906356811523,0.9948750734329224,0.9896324872970581,0.005875937902601436,483.35626922041695,44.90415954589844,0.31296002864837646,0.6641730666160583,0.5155560175577799,0.4551873803138733,-0.4475351928791911
S-bi-fastwan,P12,0,a motorcycle turning a corner,general,81,7.477954772114754,6.102610152959824,4.5426950141787525,0.6074781869021519,13.240982723236083,0.22035071650991236,0.017960974818561227,23.976859092712402,1.0,0.9395885467529297,0.9713556170463562,0.96282958984375,0.022408781351987272,599.660108904335,81.93363189697266,0.22344759106636047,0.5469183325767517,0.7481963038444519,0.6672909259796143,-0.0992424345362708
S-bi-fastwan,P17,3,"a red race car drifting around a tight corner on a wet track, tires smoking",fast,81,18.335187631845475,14.99831456542015,13.525457388162613,0.737677569603561,35.63675327301025,-0.015499299880055368,0.03326138412812725,46.61661882400513,1.0,0.9736427664756775,0.9750328063964844,0.9641626477241516,0.022783552843611686,469.027482725071,94.66828155517578,0.22304612398147583,0.8044852018356323,0.7015306750933329,0.635094940662384,-0.548755908266723
S-bi-fastwan,P09,2,a cow chewing cud while resting in a tranquil barn,general,81,0.8440431987866759,0.022025267279241235,0.8394254516810179,0.9945278373901538,2.015711712837219,0.7209495601328777,8.132953832102885e-05,8.33627871274948,0.0,0.9920795559883118,0.9874818921089172,0.9831420183181763,0.007833054722868837,287.19243493682416,56.68935775756836,0.19990043342113495,0.4824470579624176,0.5983015298843384,0.39445221424102783,-0.2878286628719815
S-bi-fastwan,P02,0,a bird soaring gracefully in the sky,general,81,2.8659982472658156,1.9623090587556362,1.4059613637626172,0.49056585241741235,4.375653219223022,0.6743352086274035,0.002067499774420867,17.064241766929626,1.0,0.9300214052200317,0.9676925539970398,0.9738361239433289,0.014472344238311053,188.65650509005002,30.016948699951172,0.22984084486961365,0.7649233937263489,0.8595799207687378,0.8595799207687378,-0.09249849034212865
S-bi-fastwan,P23,0,"an astronaut riding a horse on the moon, with the Earth visible in the sky",rare,81,0.9541407562792301,0.6855400878936052,0.7497887307778001,0.7858252988546222,1.5788680255413052,0.3195270796020731,0.0020850517719736674,3.4968745946884154,0.0,0.9776726961135864,0.9831938147544861,0.9773674607276917,0.011575803329469636,807.6449755408985,41.56484603881836,0.299244225025177,0.5020466446876526,0.6661594112714132,0.5567317605018616,0.06991041352863636
S-bi-fastwan,P15,2,"a cheetah sprinting at full speed across the savanna, dust flying behind it",fast,81,11.069818884134293,11.492769104242324,5.299286955595017,0.47871483105069906,17.88447046279907,-0.03982667038855352,0.012656951666576788,24.94837851524353,1.0,0.9697189331054688,0.9820011258125305,0.9319085478782654,0.035717906826175747,591.6983446059351,49.727867126464844,0.285270094871521,0.709094762802124,0.7748936216036478,0.7496682405471802,0.1672401673808399
S-bi-fastwan,P25,2,a giraffe wearing sunglasses roller-skating down a boardwalk,rare,81,3.86918183863163,1.4204661263152958,3.5867610454559324,0.9270073798643285,5.211884617805481,0.2852964868319581,0.004310631376938545,21.939023780822755,1.0,0.972564160823822,0.9854575991630554,0.9618169069290161,0.015663198207039385,327.94325096190386,48.8691291809082,0.23116497695446014,0.7250124216079712,0.7188908855120341,0.6987442970275879,-0.14385670777028903
S-bi-fastwan,P12,1,a motorcycle turning a corner,general,81,20.28776626586914,10.644977486133575,21.135078883171083,1.0417646558242712,25.05412607192993,-0.022783964437275935,0.037706752633675934,72.53406352996826,1.0,0.9876319766044617,0.9895512461662292,0.9700282216072083,0.043036254099570216,907.6257639508315,40.94729232788086,0.19050586223602295,0.6300377249717712,0.7309265434741974,0.6775814890861511,0.032838349695174074
S-bi-fastwan,P29,0,a full glass of water tipping over on a table and spilling across the surface,physics,81,3.0057230814360083,1.442617434845306,2.489433014160022,0.8282307180274098,11.437606477737425,0.6926146784570897,0.005565847710931849,22.915909099578858,1.0,0.6740413308143616,0.8565069437026978,0.9658626317977905,0.025772192773001735,569.1107240485119,40.033145904541016,0.2584778070449829,0.5031698942184448,0.616006463766098,0.47722896933555603,0.4644558583763212
S-bi-fastwan,P17,2,"a red race car drifting around a tight corner on a wet track, tires smoking",fast,81,13.295758816599847,9.345961672067642,9.668680314719676,0.7272002840069557,27.20038375854492,0.8417051023740575,0.011641851597232744,46.041178178787234,1.0,0.9195892214775085,0.9517406821250916,0.9517921209335327,0.025957438512705266,559.2151463422184,71.06425476074219,0.24482636153697968,0.8421140313148499,0.8154828945795695,0.7614550590515137,-0.24762979648244832
S-bi-fastwan,P28,2,"two cats sitting side by side on a windowsill, one black and one white, watching birds outside",count,81,0.348606193671003,0.023459129623370246,0.3392486691707745,0.9731545284488291,0.6945925295352934,0.7679005283983795,7.259939412165294e-05,6.963723361492157,0.0,0.9915758371353149,0.9948071837425232,0.9889260530471802,0.006424014497315511,465.808309126831,49.821205139160156,0.30259889364242554,0.6900537014007568,0.5205272833506266,0.4417402148246765,-0.30922136174092785
S-bi-fastwan,P14,1,A tranquil tableau of a bunch of grapes,general,81,1.4258313701255247,0.037038924056105316,1.4118061394197867,0.99016277719624,4.8840242385864245,0.7813544881242165,6.360747299254399e-05,32.75995020866394,1.0,0.9727876782417297,0.9924293756484985,0.9854790568351746,0.01100059779273579,170.89498351386482,80.2461929321289,0.2757911682128906,0.7521833181381226,0.7116528749465942,0.7116528749465942,-0.10329236729999192
S-bi-fastwan,P14,0,A tranquil tableau of a bunch of grapes,general,81,0.1434685530140996,0.07302326494827867,0.09346615304239095,0.65147030208706,0.4449941411614416,0.7741115051652133,4.529886421096307e-05,2.2769742235541344,0.0,0.9973151087760925,0.9983412623405457,0.9964448809623718,0.003220391657669097,92.36151675833246,85.84133911132812,0.2684226632118225,0.752385139465332,0.7756839394569397,0.7756839394569397,-0.9063226512020037
S-bi-fastwan,P21,2,three children chasing each other around a fountain in a city square,multi,81,2.928187657892704,1.1784408517181872,2.409090493619442,0.8227237979103316,4.318057942390442,-0.19907048968656108,0.001361145295413735,14.731860399246216,1.0,0.9434753656387329,0.9531723260879517,0.9630493521690369,0.02367755522718653,123.75895809937724,91.26325225830078,0.310721218585968,0.7225855588912964,0.6964831153551737,0.5923080444335938,0.3907408468610578
S-bi-fastwan,P06,3,A person is reading book,general,81,0.14237246229313313,0.05678138139192015,0.11335023837164045,0.7961472352078037,0.36966642290353746,0.37553568140671606,0.00010601019740761331,1.882713371515274,0.0,0.9900118112564087,0.9973546862602234,0.9950053691864014,0.003923225624021143,120.39658591187832,73.3926010131836,0.24165384471416473,0.6522624492645264,0.5814952254295349,0.5814952254295349,-0.7084248947675365
S-bi-fastwan,P18,1,a flock of hundreds of starlings swirling in a murmuration at dusk,fast,81,2.1533020794391633,0.3620033299084753,1.9593014568090439,0.9099051013846838,4.021332931518555,-0.057279375277856516,0.0006173691600452003,33.492260980606076,1.0,0.937642514705658,0.9767042398452759,0.9347701668739319,0.05228147716261446,370.0539806448137,36.5698356628418,0.15110749006271362,0.7347947359085083,0.7651031812032064,0.6848688125610352,1.3070533381610323
S-bi-fastwan,P14,3,A tranquil tableau of a bunch of grapes,general,81,0.07239363288972527,0.022361577302217484,0.06219778181985021,0.8591490741391374,0.20224528461694696,0.2770794508067195,5.481886607867636e-05,1.4883481876924634,0.0,0.9976984262466431,0.9993297457695007,0.9965771436691284,0.0029062915971735494,177.19189630721786,77.41643524169922,0.2711433172225952,0.7493952512741089,0.769399881362915,0.769399881362915,-0.9726345956601943
S-bi-fastwan,P05,1,A person is playing guitar,general,81,2.0412712417542935,0.3276194090023637,1.904783233255148,0.9331353233011951,3.286875486373901,-0.3143526031058806,0.0006407280382973113,24.958221673965454,1.0,0.9963518381118774,0.9955194592475891,0.963890016078949,0.021293876552954318,670.2409062445901,94.50309753417969,0.23826195299625397,0.6629974842071533,0.6085635423660278,0.6085635423660278,0.4293095132511242
S-bi-fastwan,P19,1,two dogs playing tug-of-war with a rope toy in a backyard,multi,81,2.7077739983797073,0.4338935989886522,2.6182802505791187,0.9669489718111213,3.9098639726638793,0.44179981436297683,0.0012293594806578767,21.881970977783205,1.0,0.9793710112571716,0.9748322367668152,0.9545577764511108,0.02494933905545622,343.82747972436874,71.10587310791016,0.2900444269180298,0.6635603904724121,0.5633505582809448,0.5020887851715088,0.47570485064589585
S-bi-fastwan,P27,3,five yellow rubber ducks floating down a small stream,count,81,0.4625905669294298,0.10325060896575451,0.4335506881587207,0.9372213398452649,1.004076874256134,0.36293982383108386,0.0003829912673381841,4.440382200479507,0.0,0.9955901503562927,0.993686318397522,0.9832761883735657,0.011774292431073263,484.40029030887587,56.5888671875,0.2157350778579712,0.6790591478347778,0.5922275384267172,0.5619526505470276,0.250712886636105
S-bi-fastwan,P29,1,a full glass of water tipping over on a table and spilling across the surface,physics,81,0.9271734559442848,0.08107319180562626,0.9058258519042284,0.9769745554321664,3.210559594631192,0.8028306375319015,0.00017344575546189843,13.87743899822235,1.0,0.8091198205947876,0.9286872744560242,0.9647431969642639,0.026056499581318348,958.7134381774969,47.87226486206055,0.2793528437614441,0.5406389236450195,0.615423192580541,0.443646103143692,0.8890687194930664
S-bi-fastwan,P13,2,a bear climbing a tree,general,81,1.5889172427356244,0.21851457841694355,1.488287140801549,0.9366669100854303,3.1827647447586056,0.7094634370428758,0.0004665306749302545,15.487017297744751,1.0,0.9495428204536438,0.9857784509658813,0.9760450124740601,0.012119983561569824,1442.9541252062304,54.0076789855957,0.2692926526069641,0.6391463875770569,0.7551760971546173,0.720288097858429,-0.04317884813980921
S-bi-fastwan,P04,0,a dog running happily,general,81,4.640816007554531,2.324111544340849,3.9621907010674478,0.8537700785481553,6.470437979698181,0.5863504593556221,0.004339633794370456,12.903746485710144,1.0,0.9765617251396179,0.9813677072525024,0.9676947593688965,0.01762372291414067,60.07874834824898,44.429256439208984,0.23611634969711304,0.5419030785560608,0.6590035259723663,0.5485042333602905,-0.10909492504695262
S-bi-fastwan,P07,3,A tranquil tableau of a picturesque barn was painted a warm shade of red and nestled in a picturesque meadow,general,81,0.049000112572684884,0.035671367059694606,0.027251945179887115,0.55614951883926,0.12661460116505607,0.7504215830265345,6.865469372883127e-05,0.12533232290297747,0.0,0.9984893798828125,0.997797966003418,0.9936468005180359,0.003699728025821969,638.9499465506932,77.00847625732422,0.27671384811401367,0.7612584233283997,0.6931392848491669,0.5529506206512451,-0.7188579571665592
S-bi-fastwan,P00,3,a horse taking a peaceful walk,general,81,1.9588396929204464,1.0645446754992007,1.7697258681058883,0.9034557401742529,3.3540321469306944,-0.254858468514479,0.0009327097004188545,4.415696716308593,0.0,0.9929508566856384,0.9950000643730164,0.981127142906189,0.008069430908653885,336.23924445590865,57.31175231933594,0.21219511330127716,0.58724045753479,0.7340966165065765,0.6512417197227478,-0.5254154750701368
S-bi-fastwan,P10,2,an airplane taking off,general,81,1.2712690068408847,1.021378938946873,0.5031682047061622,0.39579963500951215,2.7818545818328855,0.7814361871277732,0.0018409888685710029,2.2761258751153948,0.0,0.994533360004425,0.9911455512046814,0.9789668321609497,0.009037544508464635,527.4609609110541,42.95773696899414,0.2347867488861084,0.7012568712234497,0.6960265338420868,0.6655183434486389,-0.26261523545199417
S-bi-fastwan,P08,3,"In a still frame, a stop sign",general,81,0.744070731010288,0.04626925471238792,0.731315658474341,0.9828563940755725,2.2924203872680664,0.6605356831535132,0.0001223422373413996,15.506595015525818,1.0,0.8819181323051453,0.9191390872001648,0.9836668372154236,0.012026452997815795,331.39046309627076,69.41741943359375,0.2344512939453125,0.6185626983642578,0.5750436186790466,0.5750436186790466,0.17239420309563336
S-bi-fastwan,P01,3,a person drinking coffee in a cafe,general,81,0.5062762226909399,0.09575778408907354,0.4698779788333923,0.9281041251192773,1.2393241047859191,0.365931276730666,0.000204613092546424,5.1573603570461275,0.0,0.9702547192573547,0.9856220483779907,0.9898847937583923,0.006066705915145576,127.58632026834042,93.79663848876953,0.26570627093315125,0.4238181412220001,0.545882910490036,0.4897465705871582,-0.42894868532087393
S-bi-fastwan,P29,2,a full glass of water tipping over on a table and spilling across the surface,physics,81,1.511733945691958,0.2642862877808511,1.3882408578880132,0.9183096956540762,3.563539600372314,0.7536895836788176,0.0008573652677569043,16.386785292625426,1.0,0.9097689986228943,0.9623960852622986,0.963506817817688,0.027128617750713603,1233.7483655801764,35.43186950683594,0.25356364250183105,0.5164883136749268,0.6009906828403473,0.4481486976146698,0.7796198693903067
S-bi-fastwan,P11,1,A person is sweeping floor,general,81,2.839279492944479,0.11348091480322182,2.790607348829508,0.9828572258937001,5.5255454778671265,0.6285381685875526,0.000286827803131473,44.77823753356934,1.0,0.9598199129104614,0.9774624109268188,0.9613061547279358,0.02388499884400517,415.85800528416013,90.81017303466797,0.22759923338890076,0.792435884475708,0.6719094514846802,0.5220226049423218,0.4124060971634398
S-bi-fastwan,P17,1,"a red race car drifting around a tight corner on a wet track, tires smoking",fast,81,32.53485531806946,29.596912097930907,17.27031112909317,0.5308248777942643,38.88733463287353,0.6955293553947839,0.04801609390415251,54.4551646232605,1.0,0.9675683975219727,0.9672210812568665,0.9565458297729492,0.027998863672837614,367.354153876077,75.75025177001953,0.251264363527298,0.8371117115020752,0.8116041024525961,0.7616474628448486,-0.6539484709918018
S-bi-fastwan,P04,1,a dog running happily,general,81,5.309720754623413,3.359420840442181,4.050227542221546,0.7627946866885881,7.608635187149047,0.4325087430411347,0.008464106282190187,16.626481008529662,1.0,0.9644085168838501,0.9813534021377563,0.9599170088768005,0.022082978661637755,73.66449409336113,71.40222930908203,0.23724235594272614,0.6207437515258789,0.7012463808059692,0.6008267402648926,0.05310132792482802
S-bi-fastwan,P26,3,exactly four red apples rolling across a wooden table,count,81,0.06552106507588178,0.03643818805576302,0.04494429636979476,0.6859413896333137,0.14155213236808775,0.47211789675741633,0.00011917831332084461,0.3730140583589673,0.0,0.9975246787071228,0.9985689520835876,0.9970316290855408,0.002141799102537334,241.8171887372516,72.22726440429688,0.2618420422077179,0.5203819274902344,0.6153728564580282,0.5656363368034363,-1.2741088437817076
S-bi-fastwan,P23,1,"an astronaut riding a horse on the moon, with the Earth visible in the sky",rare,81,1.6911719650030137,0.512763071898371,1.5120197258889676,0.8940656911969221,2.3766811370849608,0.2821410783115013,0.0015809926858992185,9.565266799926757,0.0,0.9763500094413757,0.991856038570404,0.9731203317642212,0.013651390455197542,718.9296031746557,22.811548233032227,0.29395705461502075,0.4315570890903473,0.5818501909573873,0.47458940744400024,0.05389805660669911
S-bi-fastwan,P07,0,A tranquil tableau of a picturesque barn was painted a warm shade of red and nestled in a picturesque meadow,general,81,1.9685627914965154,2.1767483338713647,1.3960258096456528,0.7091595485378631,2.3304866552352905,0.018093215148992255,0.0039468541624955835,9.102439713478088,0.0,0.9966291785240173,0.9970703125,0.9854031205177307,0.006355949764838442,480.0418071785668,70.638427734375,0.27331894636154175,0.6013591289520264,0.624650627374649,0.5243117809295654,-0.7659284153154848
S-bi-fastwan,P21,0,three children chasing each other around a fountain in a city square,multi,81,3.516553147137165,1.41436021681875,3.3004870504140853,0.9385571534853286,5.6052073478698725,-0.21076132395823965,0.004263295302371262,13.600426316261292,1.0,0.9238985180854797,0.9466062784194946,0.9619009494781494,0.023604755965061487,71.1352102430225,101.683837890625,0.28843754529953003,0.749512791633606,0.6919588446617126,0.5757119655609131,0.30875658292307584
S-bi-fastwan,P16,0,a surfer riding a large barreling wave and getting wiped out by the whitewater,fast,81,5.129649588465691,4.1418983593583105,2.7277147337794303,0.5317544902401055,5.988759398460388,0.04817750595550248,0.0042315428363508545,9.625246810913087,0.0,0.9200506210327148,0.9799827933311462,0.9716653823852539,0.01647029324667528,476.3376887866464,49.94113540649414,0.2103089690208435,0.5743668079376221,0.6206163366635641,0.31086063385009766,-0.223763246005507
S-bi-fastwan,P05,2,A person is playing guitar,general,81,2.2613629944622518,0.6373688541352749,2.0566918794065714,0.9094917423480287,4.037566995620727,-0.29855061201157007,0.0026030622902226243,28.12826018333435,1.0,0.9959692358970642,0.9927068948745728,0.9555569291114807,0.021399056166410448,2510.047973981659,96.2330093383789,0.2222038060426712,0.7722758054733276,0.6043671369552612,0.6043671369552612,0.39473647106315024
S-bi-fastwan,P08,0,"In a still frame, a stop sign",general,81,1.4027172014117242,0.24461061363108455,1.2947398979216813,0.9230220985359916,2.833923590183255,0.7463351572453804,0.0005066743971838151,16.590630078315733,1.0,0.8650499582290649,0.8683515787124634,0.9841077327728271,0.009404991351766511,58.004998615875536,108.62995147705078,0.1836806833744049,0.5737748146057129,0.6069338321685791,0.6069338321685791,-0.2545734346861064
S-bi-fastwan,P02,1,a bird soaring gracefully in the sky,general,81,4.2780612915754315,2.212593273818493,3.1259374760091303,0.7306900327666753,6.759630012512206,0.49596292328384756,0.0024627749002320344,23.66683144569397,1.0,0.9421011805534363,0.9776746034622192,0.9514106512069702,0.03172614272916689,282.5546406294138,50.19292068481445,0.22650696337223053,0.8307840824127197,0.8614341616630554,0.8614341616630554,0.5163530853250853
S-bi-fastwan,P22,3,a basketball player dribbling past two defenders and dunking the ball,multi,81,1.5167648695409297,0.1964480417780578,1.4294245034456252,0.9424160525699727,2.9386603593826286,0.6422506403499656,0.0003633458959939162,15.701576447486877,1.0,0.9639083743095398,0.9640846252441406,0.9740061163902283,0.016153869580011814,276.76580433107057,87.08507537841797,0.20632857084274292,0.6676746606826782,0.6664716998736063,0.6140211820602417,0.26008413290478316
S-bi-fastwan,P20,0,a chef tossing vegetables in a flaming wok while a second cook plates dishes beside him,multi,81,2.614015108346939,0.2638006734661758,2.5733377151191235,0.9844383540338854,5.436517906188963,0.2906176528089611,0.0008245242510156459,29.24509153366089,1.0,0.9704379439353943,0.9815344214439392,0.9694806933403015,0.018951427924912424,263.0702621369964,55.554317474365234,0.2590712904930115,0.6432106494903564,0.6077958742777506,0.5600128173828125,0.2152291561088151
S-cf,P23,2,"an astronaut riding a horse on the moon, with the Earth visible in the sky",rare,81,1.1715517276898026,1.0406845536082983,0.32695367680862547,0.27907721870388963,2.9869916677474975,0.6103319840391461,0.000998011943477195,2.578307193517685,0.0,0.9744311571121216,0.9881853461265564,0.9779301881790161,0.00822553775506094,1005.7276590272903,44.039424896240234,0.28478366136550903,0.551968514919281,0.6729250351587931,0.5892450213432312,-0.33136624187453645
S-cf,P07,1,A tranquil tableau of a picturesque barn was painted a warm shade of red and nestled in a picturesque meadow,general,81,0.08551137717440724,0.0698446606984362,0.035004264186136426,0.40934734061647343,0.20788861364126202,0.7588268461013237,6.270323003718659e-05,0.17364340852946042,0.0,0.996853768825531,0.99859219789505,0.9943556785583496,0.004044049073127098,859.712831496743,101.37289428710938,0.27135446667671204,0.7418175935745239,0.6681330502033234,0.5534563660621643,-0.6492362430141716
S-cf,P21,3,three children chasing each other around a fountain in a city square,multi,81,0.5520646054297685,0.25452100815600714,0.3680686978623271,0.6667118803313155,1.2224509596824646,0.5511191749590364,0.00027722632096356393,4.756221956014633,0.0,0.9519609808921814,0.9696370959281921,0.9813114404678345,0.012623309635091572,753.015879369268,58.77961349487305,0.3092336356639862,0.6870676279067993,0.6890893578529358,0.6218123435974121,0.286765609815955
S-cf,P24,2,a panda playing a violin on a stage under spotlights,rare,81,1.6623739130795,0.43322020798223093,1.4619541719555855,0.87943709956941,3.003211450576782,0.05574163749552443,0.0007739935188737946,19.21003155708313,1.0,0.9657014012336731,0.9915885925292969,0.9641566872596741,0.017892805219162256,599.2741240249366,60.534976959228516,0.3255120515823364,0.6409605741500854,0.6758739948272705,0.5942802429199219,0.33052026820009317
S-cf,P05,3,A person is playing guitar,general,81,1.5162683818489313,0.6902473357040435,1.2389695586636662,0.8171170462816264,3.125656354427336,0.279877879340092,0.0009589224848696176,10.694847083091735,0.0,0.9943954348564148,0.9826381802558899,0.9717739224433899,0.01250148854451254,812.340464000222,91.26728057861328,0.22135090827941895,0.7149819731712341,0.6202064752578735,0.6202064752578735,0.0039018516135822523
S-cf,P29,3,a full glass of water tipping over on a table and spilling across the surface,physics,81,1.473317649681121,0.27067027408629657,1.3907550705596805,0.9439608131348163,3.5206127285957334,0.338195916865172,0.0006993149822847045,12.45032957792282,1.0,0.8451701998710632,0.9566543698310852,0.9771254658699036,0.014412638556677848,305.5966654088293,52.36308288574219,0.25298649072647095,0.5444965362548828,0.6634628375371298,0.4842492341995239,0.1558822428774702
S-cf,P24,0,a panda playing a violin on a stage under spotlights,rare,81,0.7487946711480618,0.11076056349556893,0.7121345132589341,0.9510398372991147,1.4291981458663938,0.31131059013111906,0.00032215587104929,9.850741231441498,0.0,0.9842490553855896,0.9965721368789673,0.9793885946273804,0.011990139400586486,496.7250611048601,53.93043518066406,0.32390522956848145,0.6476930379867554,0.674932579199473,0.5950102806091309,0.16784121643154926
S-cf,P02,5,a bird soaring gracefully in the sky,general,81,2.1259198814630507,0.7803287685848772,1.6520773708820342,0.7771114086546254,3.7910585880279535,0.268537282542018,0.001402147535191034,28.91363024711609,1.0,0.8968691229820251,0.9639730453491211,0.9649584293365479,0.022521625808440148,235.48265283658188,41.51844787597656,0.2474772036075592,0.8037035465240479,0.8521400690078735,0.8521400690078735,0.46984312197316314
S-cf,P08,2,"In a still frame, a stop sign",general,81,0.35944265392608943,0.11917283148504794,0.3425918382126838,0.9531169474566081,2.111846017837524,0.47536237895252986,0.00036038073819781856,3.5815449012443423,0.0,0.969502866268158,0.9474251866340637,0.9867371916770935,0.007928248049574904,466.0388878548567,136.79258728027344,0.18101021647453308,0.6389544010162354,0.5808613300323486,0.5808613300323486,-0.10338656611656383
S-cf,P25,0,a giraffe wearing sunglasses roller-skating down a boardwalk,rare,81,4.43181183040142,2.390534221753478,3.486292339861393,0.7866515291318418,8.388964080810545,-0.004162776613874301,0.012581763385242084,26.191323041915894,1.0,0.9187986254692078,0.970772922039032,0.9385668635368347,0.02455011857673526,553.2217017873097,95.08552551269531,0.3240918219089508,0.7583612203598022,0.7849187850952148,0.7405664920806885,0.243704834553641
S-cf,P23,3,"an astronaut riding a horse on the moon, with the Earth visible in the sky",rare,81,0.24826119458302856,0.03574472174514085,0.22805117387324572,0.918590018332318,0.45215736925601957,0.3107932417637496,3.4567999716728084e-05,2.9032328009605406,0.0,0.9632720351219177,0.9874303936958313,0.9867951273918152,0.007209263782715425,877.9644929752527,43.3194465637207,0.30129557847976685,0.49173831939697266,0.6268328030904134,0.5457000136375427,-0.1502025833815246
S-cf,P06,1,A person is reading book,general,81,0.6354764906223863,0.10907849364448338,0.6041239887010306,0.9506615066874388,1.5409590125083923,0.58427844987324,0.0003446420358670821,8.238369625806808,0.0,0.9647130966186523,0.9875478148460388,0.9804356694221497,0.011152892897371203,451.5299804586785,45.164974212646484,0.2326579988002777,0.8007301688194275,0.6966174840927124,0.6966174840927124,0.13333539372587744
S-cf,P28,3,"two cats sitting side by side on a windowsill, one black and one white, watching birds outside",count,81,0.13917112932540476,0.040616760507691654,0.12012794972397386,0.8631609669713192,0.24317817464470862,0.4967044735512265,8.217932557954554e-05,2.16465285718441,0.0,0.9916709065437317,0.996651291847229,0.9943632483482361,0.004308703247806989,580.0618730930488,39.57738494873047,0.2952180504798889,0.6694920063018799,0.5015589892864227,0.4176352918148041,-0.6131383762755904
S-cf,P11,2,A person is sweeping floor,general,81,2.625269120186567,0.21566476535517723,2.590913688391447,0.9869131821784957,5.2753366231918335,0.2775047110046867,0.00023221732806177897,25.762615203857422,1.0,0.8869905471801758,0.9603176116943359,0.9564430713653564,0.022840220952639358,278.340392363152,59.708560943603516,0.21492929756641388,0.7080056667327881,0.6635132282972336,0.49806079268455505,0.40010622170707366
S-cf,P01,6,a person drinking coffee in a cafe,general,81,0.592445379216224,0.030017082675476557,0.5803792145103216,0.9796316339685177,1.2076369762420651,0.28255069151289436,9.703083585463901e-05,9.202718842029572,0.0,0.9618359804153442,0.9834623336791992,0.9876606464385986,0.007189427051343955,233.6782189068747,65.87248992919922,0.26186680793762207,0.4179065525531769,0.5777326226234436,0.5195744037628174,-0.29062873914101317
S-cf,P19,2,two dogs playing tug-of-war with a rope toy in a backyard,multi,81,2.4530500665307047,1.1316147664329037,1.645842508226633,0.6709369122732171,4.72806830406189,-0.16423312546247648,0.0009564160161744439,14.077152204513549,1.0,0.9503545761108398,0.9715620875358582,0.9468700289726257,0.021681521146092564,379.9199098751027,86.72607421875,0.29780977964401245,0.6810535192489624,0.606167733669281,0.5678986310958862,0.37556128190840354
S-cf,P13,1,a bear climbing a tree,general,81,5.0212915048003195,3.619177586771548,2.851388770341873,0.5678595237413406,8.102834224700928,-0.02265063093781935,0.00164250912002899,15.821261143684387,1.0,0.8662368059158325,0.943550705909729,0.8881848454475403,0.02779627313138917,1907.700408061945,71.95741271972656,0.26012709736824036,0.598809540271759,0.6535584330558777,0.6492019891738892,0.309638917123892
S-cf,P02,6,a bird soaring gracefully in the sky,general,81,7.079277993738652,6.372625535726547,3.045906887948513,0.43025665334598334,13.528615951538086,0.24550153839969413,0.005001482607622165,20.078391122817994,1.0,0.8727421760559082,0.9615564346313477,0.9150257706642151,0.030772614770103245,518.474055976435,81.05669403076172,0.23527997732162476,0.8066844344139099,0.8410004377365112,0.8410004377365112,0.24514827133877493
S-cf,P03,3,a boat sailing smoothly on a calm lake,general,81,0.9068108941428363,0.5304381641093642,0.5746003692038357,0.6336489109982137,2.7630619406700134,0.22385054672774155,0.001541637266223006,3.9357474386692046,0.0,0.9779056906700134,0.9905832409858704,0.9828529357910156,0.00900827232399024,1159.5810940558815,49.04376220703125,0.27784016728401184,0.7500064373016357,0.8185718357563019,0.8051422238349915,-0.16697741601565763
S-cf,P01,0,a person drinking coffee in a cafe,general,81,1.6029648702591657,0.18717544064857067,1.5952919576317073,0.9952126787164735,3.194323098659513,0.524328127347553,0.0005574152765120743,22.84522886276245,1.0,0.9793931841850281,0.9823454022407532,0.9786863923072815,0.011530450385180302,136.78247872629944,73.46903991699219,0.2324533462524414,0.555139422416687,0.5852675437927246,0.5192877054214478,-0.09609813667891753
S-cf,P27,1,five yellow rubber ducks floating down a small stream,count,81,2.569480640441179,2.169483508914709,1.0217810617759824,0.3976603863184416,4.275947856903076,-0.05221195206553325,0.0022385418767953526,5.0186887919902805,0.0,0.9807735681533813,0.9897708296775818,0.9317184686660767,0.021681680204346777,765.3553876225064,78.60490417480469,0.2756739556789398,0.7273778915405273,0.5655292471249899,0.5495690107345581,0.35682070592825266
S-cf,P14,2,A tranquil tableau of a bunch of grapes,general,81,0.05240535312332213,0.042587889987044034,0.02569831977598369,0.4903664965106549,0.07555687241256236,0.12927021430551638,9.293869781004104e-05,0.1084536749869585,0.0,0.9988676905632019,0.9994230270385742,0.9979113936424255,0.0020764254833920857,296.65196104773014,109.75723266601562,0.2587828040122986,0.8032267093658447,0.7939448356628418,0.7939448356628418,-1.2980903642279298
S-cf,P03,1,a boat sailing smoothly on a calm lake,general,81,5.451555371284485,4.675057215988636,2.1531431533396246,0.39495934861484433,9.442949485778808,-0.5158285503231615,0.002246967203609529,20.214111185073854,1.0,0.966899573802948,0.9874753952026367,0.9647336006164551,0.013193620560923592,738.0060869387859,61.001583099365234,0.2753780782222748,0.6997154951095581,0.7649570107460022,0.7496809959411621,-0.4745092653842864
S-cf,P24,3,a panda playing a violin on a stage under spotlights,rare,81,2.1940028445795177,1.1110157403629273,1.5653669150546192,0.7134750100470415,4.627627134323119,0.45817585986398984,0.0023338753650023135,17.62896900177002,1.0,0.980442464351654,0.9913182258605957,0.9675036072731018,0.016094396379776298,607.3773392463128,62.3322639465332,0.32071197032928467,0.6524303555488586,0.6896933515866598,0.5945714116096497,0.1216750115036298
S-cf,P02,2,a bird soaring gracefully in the sky,general,81,6.25136851221323,2.195970762334764,5.15795833542943,0.8250925377795033,16.377593612670896,0.6183819650177048,0.006363764652269311,51.20843939781189,1.0,0.8569990396499634,0.9339858889579773,0.9349114298820496,0.03549271078081802,200.103805097441,64.43323516845703,0.23707211017608643,0.8349395394325256,0.8709287643432617,0.8709287643432617,0.4489663392524528
S-cf,P10,0,an airplane taking off,general,81,3.9087599508464335,3.7794055711477994,1.9017924703657627,0.48654611890602667,10.03388495445251,0.1451409074152224,0.0027065590365964454,14.523742771148681,1.0,0.9846240878105164,0.9657394289970398,0.9748023152351379,0.010967840469675139,555.901854914831,39.19779968261719,0.2009088397026062,0.6908667087554932,0.7124277949333191,0.705114483833313,-0.5047525497449543
S-cf,P20,2,a chef tossing vegetables in a flaming wok while a second cook plates dishes beside him,multi,81,1.7851482901722193,0.31281405497575177,1.7613793794065713,0.9866846370236325,3.528585159778594,0.2966205427290233,0.0012446675447449706,16.615691471099854,1.0,0.961025059223175,0.9854711890220642,0.9677639603614807,0.01975554912351072,410.1831175650011,79.8613510131836,0.27646732330322266,0.6850476264953613,0.7257866660753886,0.6749206781387329,0.4040635379918909
S-cf,P16,3,a surfer riding a large barreling wave and getting wiped out by the whitewater,fast,81,4.511936628818512,2.779540541395545,3.11609065644443,0.6906324760655886,10.426396751403809,0.4394163819332849,0.004357306748170231,15.942451930046081,1.0,0.9168106317520142,0.9803182482719421,0.9708366394042969,0.015722369577270003,261.4237766498485,67.20830535888672,0.22164803743362427,0.4195440411567688,0.6061716079711914,0.25772368907928467,-0.21018290456579036
S-cf,P28,1,"two cats sitting side by side on a windowsill, one black and one white, watching birds outside",count,81,0.48214286351576446,0.05376687338575721,0.45684930798597634,0.9475373276653535,0.8544532746076583,0.3538465921001266,0.00015143754549171718,7.552471959590912,0.0,0.9745697379112244,0.9821010828018188,0.9862041473388672,0.009652250495855696,449.9518796072821,63.29957580566406,0.3014139235019684,0.7264770269393921,0.5451018611590067,0.46491438150405884,0.044496565772592866
S-cf,P00,0,a horse taking a peaceful walk,general,81,2.815402939170599,2.593437234684825,1.286398344859481,0.4569143088001952,6.1664138555526735,0.2781503274735975,0.004754189733648673,7.3226008176803585,0.0,0.9789456725120544,0.9905584454536438,0.9720369577407837,0.010361256293253972,261.0613041349875,63.161128997802734,0.2160206139087677,0.5832394361495972,0.7307517230510712,0.6355166435241699,-0.41918952705088053
S-cf,P04,3,a dog running happily,general,81,6.495641176402569,6.017909646779299,2.4074346251785754,0.3706230361525034,11.336015224456787,-0.0509823989984271,0.006204069801697187,16.191145038604738,1.0,0.9447550773620605,0.960530698299408,0.9236254692077637,0.03038370991125703,407.9428898450637,78.38225555419922,0.2520037293434143,0.598118782043457,0.7175419926643372,0.6738358736038208,0.2748197962606205
S-cf,P25,1,a giraffe wearing sunglasses roller-skating down a boardwalk,rare,81,7.438916468620301,6.299676448106766,5.278859481215477,0.7096273756878431,11.454758358001708,-0.39462738052126634,0.009222573184524662,34.66027646064758,1.0,0.9287638068199158,0.9636460542678833,0.9341848492622375,0.03317925771698356,741.5920119224824,106.7270736694336,0.3108980059623718,0.6090618371963501,0.6088154117266337,0.5718903541564941,0.29582431044290525
S-cf,P15,1,"a cheetah sprinting at full speed across the savanna, dust flying behind it",fast,81,47.112619686126706,41.4270919084549,21.84065047502518,0.4635838583578649,70.37955856323242,-0.4248110385210273,0.06707981615327299,79.122412109375,1.0,0.9581777453422546,0.9831504225730896,0.9111773371696472,0.057508578849956395,951.0419119761509,56.458946228027344,0.2823631763458252,0.7792405486106873,0.7754416068394979,0.7623608112335205,-0.13826123646243316
S-cf,P26,0,exactly four red apples rolling across a wooden table,count,81,4.848591023217887,1.0561306159477681,5.083235913654789,1.0483942326583244,10.483081483840943,0.534391086057415,0.0013166935309641304,32.014919662475585,1.0,0.9823692440986633,0.9851011633872986,0.9678294658660889,0.01730602592724608,109.22643106131991,104.88890838623047,0.2467559427022934,0.4719909429550171,0.5999060273170471,0.5508383512496948,-0.147734513954473
S-cf,P05,0,A person is playing guitar,general,81,1.8594791404902935,0.7070716187357903,1.5204506494104861,0.817675121289322,3.870401680469513,0.43625697177946615,0.0008874490732978302,15.075084495544434,1.0,0.9915976524353027,0.9862432479858398,0.966517448425293,0.015250900707906112,718.6067752758023,91.90269470214844,0.21856510639190674,0.700748085975647,0.6486409902572632,0.6486409902572632,0.1303924972972581
S-cf,P02,3,a bird soaring gracefully in the sky,general,81,3.485160991549492,2.24374720454216,1.8387904345989228,0.5276054424607685,7.47852292060852,0.38822483038546296,0.003932958288714872,22.24209644794464,1.0,0.9148080945014954,0.9635319113731384,0.9641755223274231,0.018311537418048827,205.6695173781411,71.1083755493164,0.2354353666305542,0.8354954719543457,0.857235312461853,0.857235312461853,0.0587950302653617
S-cf,P11,3,A person is sweeping floor,general,81,1.806052251905203,0.0442194864503108,1.7869504295289516,0.9894228908499239,6.387482666969299,0.7396534680997494,0.00015872139528028129,33.20361504554749,1.0,0.9099430441856384,0.9464483261108398,0.9731618762016296,0.015781735838390886,146.2607958500381,48.998592376708984,0.20797567069530487,0.8100457787513733,0.6881369352340698,0.5547398328781128,0.17526785321683835
S-cf,P00,5,a horse taking a peaceful walk,general,81,4.034618120640516,3.410668070986867,1.8476203469559551,0.45794170198217765,7.553045010566711,0.42171592607971775,0.004450475656994968,9.088812780380248,0.0,0.9776096343994141,0.9911271929740906,0.9467923641204834,0.023841507756151258,544.0615310018239,88.04011535644531,0.21788015961647034,0.603400468826294,0.7576135396957397,0.7062580585479736,0.2573465786734048
S-cf,P09,1,a cow chewing cud while resting in a tranquil barn,general,81,1.863598271086812,0.06102239403699059,1.8561343623325228,0.9959943594794735,3.971025216579437,0.46432571055353183,0.00011708788320561326,16.49696011543274,1.0,0.9733259081840515,0.9886929392814636,0.967014729976654,0.012598799401894211,307.0481449803517,62.981746673583984,0.19478456676006317,0.49301159381866455,0.5651169866323471,0.3826662003993988,-0.06144453755759116
S-cf,P19,3,two dogs playing tug-of-war with a rope toy in a backyard,multi,81,1.4693673584610223,0.6995016553904861,0.9738092347979546,0.6627400332874303,2.7566069483757016,-0.002964341988029559,0.0006742246687394982,11.614490818977355,1.0,0.9327419400215149,0.969878613948822,0.9586711525917053,0.018600612366572022,465.9911850883074,98.85858917236328,0.2973695397377014,0.6839978098869324,0.5978566110134125,0.5438979864120483,0.41185928779999514
S-cf,P08,1,"In a still frame, a stop sign",general,81,0.9625759745016694,0.37215072634862734,0.7992151293903589,0.8302869802221441,3.1421591520309438,0.6030538553193996,0.0006354006378956001,12.494049751758576,1.0,0.85247802734375,0.8360748291015625,0.9810077548027039,0.011093364900443704,382.7619976596185,47.16606521606445,0.16998742520809174,0.5803725719451904,0.4906805455684662,0.4906805455684662,0.02490925594046889
S-cf,P17,0,"a red race car drifting around a tight corner on a wet track, tires smoking",fast,81,12.469354420900345,7.92005925476551,8.566776636242867,0.687026421741398,18.24746913909912,-0.3861124891043052,0.004342872771667316,61.0274133682251,1.0,0.9226612448692322,0.951088547706604,0.9544007182121277,0.02138808007584885,394.6960172624367,78.98170471191406,0.2048741579055786,0.8529255390167236,0.8226232131322225,0.7704197764396667,-0.4075823737826809
S-cf,P22,2,a basketball player dribbling past two defenders and dunking the ball,multi,81,3.101042237877846,1.590368524438236,2.3046624083071947,0.7431893822558749,7.468532752990723,0.3696592921740845,0.0023204100753446257,15.862209558486938,1.0,0.9542185068130493,0.950395405292511,0.9326668977737427,0.031947000161744656,1218.1692717848,60.247032165527344,0.21907255053520203,0.6640304327011108,0.7011321981747946,0.6625659465789795,0.6659354109083901
S-cf,P01,5,a person drinking coffee in a cafe,general,81,0.346284269541502,0.035405106737744066,0.3329243665095419,0.9614164845947663,0.6683321714401244,0.2775550512722952,0.0001303656071797832,5.721063512563705,0.0,0.957756519317627,0.9759964346885681,0.9897109866142273,0.006733566537150182,273.0029872174724,64.15094757080078,0.25748807191848755,0.46346962451934814,0.584050327539444,0.5120287537574768,-0.2611926039998025
S-cf,P01,4,a person drinking coffee in a cafe,general,81,0.3980385641567409,0.028446558621362784,0.3864362502004951,0.9708488426751554,0.8547460556030271,0.42372042059399967,0.00010577965958304957,6.41827677488327,0.0,0.9716442227363586,0.980747640132904,0.9902826547622681,0.006037537430529483,251.50541808110086,53.07395935058594,0.2609521150588989,0.498424232006073,0.5842058062553406,0.5397864580154419,-0.3916098726705357
S-cf,P26,1,exactly four red apples rolling across a wooden table,count,81,1.356896808743477,0.15441963570192457,1.307047887146473,0.9632618453093633,2.666723501682281,0.24673148500986364,0.0002970142367757944,9.733061480522156,0.0,0.9676252603530884,0.9924387335777283,0.9802732467651367,0.009759462508372962,112.91378825091036,92.91140747070312,0.23791171610355377,0.4307699501514435,0.6014310916264852,0.5692974328994751,-0.20669521638983035
S-cf,P01,7,a person drinking coffee in a cafe,general,81,0.7225370533764363,0.017782779807748738,0.7156580416951328,0.9904779939974746,1.6240217506885528,0.4718436481445528,7.496505990616243e-05,10.017865824699403,0.0,0.9716397523880005,0.9796485900878906,0.9904831647872925,0.0048380436259321865,146.0618124796249,44.15565872192383,0.2509138584136963,0.45068687200546265,0.5431348383426666,0.48082631826400757,-0.7310568960914621
S-cf,P22,1,a basketball player dribbling past two defenders and dunking the ball,multi,81,5.13247950822115,3.8591477535665035,2.8465316139161585,0.5546112857821118,8.021821784973145,-0.22957967470958648,0.005648082560219337,11.90182638168335,1.0,0.9518072009086609,0.9388372302055359,0.9283258318901062,0.02733531263656914,941.77543389808,65.91704559326172,0.23974063992500305,0.6270210146903992,0.6939712762832642,0.6115898489952087,0.2825726987056032
S-cf,P00,2,a horse taking a peaceful walk,general,81,3.481008417531848,3.0184705754742027,1.2035615103319288,0.3457507193948628,6.297176003456116,0.27406809066217097,0.0040556277751420565,7.120437729358673,0.0,0.977676510810852,0.9910017251968384,0.9690623879432678,0.012706293776864186,285.5589699267756,90.83195495605469,0.2291354537010193,0.5758041739463806,0.7479523718357086,0.6685063242912292,-0.3060910971239057
S-cf,P07,2,A tranquil tableau of a picturesque barn was painted a warm shade of red and nestled in a picturesque meadow,general,81,0.0878802876919508,0.07023078222991899,0.03605908307945356,0.41031582520560034,0.3094779267907143,0.840112078680659,5.898835237303501e-05,0.18600802402943373,0.0,0.9975486993789673,0.9985018968582153,0.9942494034767151,0.003975707787321881,969.6395327679995,128.1142578125,0.3069174885749817,0.7878981232643127,0.7087936103343964,0.6335728764533997,-0.6675080341213473
S-cf,P04,2,a dog running happily,general,81,2.933353941142559,2.6614897564053535,1.2359983313828706,0.4213599636535775,4.581059861183166,-0.13687608035278015,0.0028448758240301685,11.951668310165406,1.0,0.9615375399589539,0.9873308539390564,0.9547070264816284,0.015511450357735157,122.49881398746899,93.89216613769531,0.24968940019607544,0.6210840940475464,0.7357246279716492,0.681610107421875,-0.032929035257009964
S-cf,P26,2,exactly four red apples rolling across a wooden table,count,81,0.5577215565368533,0.05533214453607797,0.5407699162140489,0.969603810848048,0.9540863543748855,0.025144460957547805,0.00013356761061231737,6.775625205039978,0.0,0.9833325743675232,0.995635449886322,0.994095504283905,0.004316351245506667,74.94470137039112,105.69379425048828,0.24215832352638245,0.39357537031173706,0.6163209676742554,0.5809454321861267,-0.7882734050024638
S-cf,P01,2,a person drinking coffee in a cafe,general,81,1.0209918480366469,0.20340560571057723,0.9722900772467256,0.9522986170925919,2.2177996039390564,0.49784410857141354,0.0005547068847590708,10.285034346580506,0.0,0.9656460881233215,0.9835006594657898,0.9853239059448242,0.007658568245824426,106.459235786059,55.332279205322266,0.23027396202087402,0.5007773637771606,0.5573530197143555,0.5166195631027222,-0.3621541566396136
S-cf,P18,0,a flock of hundreds of starlings swirling in a murmuration at dusk,fast,81,6.070704072713852,3.559125420823693,4.456259945034981,0.734059700093922,11.117171573638917,-0.04303128796681992,0.0034578069947201586,23.378320121765135,1.0,0.9672142267227173,0.986404538154602,0.9381891489028931,0.04451043056324124,1078.2302672034325,60.3369140625,0.26052266359329224,0.7509221434593201,0.7428510387738546,0.6958614587783813,0.689620455624743
S-cf,P15,3,"a cheetah sprinting at full speed across the savanna, dust flying behind it",fast,81,34.3439178109169,29.674863374233247,14.780836153030396,0.43037709920080564,52.76102123260498,-0.17420231815921638,0.04218798170331865,56.309867000579835,1.0,0.9520435333251953,0.9724856615066528,0.9300597310066223,0.04049114575609565,663.3724611778981,68.27752685546875,0.290435791015625,0.790880024433136,0.7935035626093546,0.7585912942886353,-0.3147435987813201
S-cf,P24,1,a panda playing a violin on a stage under spotlights,rare,81,1.6859349302947522,0.25929902454372494,1.6465806249529122,0.9766567016962742,3.511125302314758,0.27288186642923756,0.0008858779528509331,26.139030861854554,1.0,0.9813365936279297,0.9936251044273376,0.9711192846298218,0.015767271688673645,512.5862362158197,62.646549224853516,0.32515397667884827,0.6805187463760376,0.693141500155131,0.6027670502662659,0.19908445191027102
S-cf,P25,3,a giraffe wearing sunglasses roller-skating down a boardwalk,rare,81,4.504716296494007,3.6095395192503927,2.685546613484621,0.5961631855510144,7.63025324344635,0.7809839954206135,0.00300295472588914,19.847125267982484,1.0,0.9269338846206665,0.9575762152671814,0.9388158321380615,0.026756783213932066,946.3702384801126,93.37663269042969,0.28860968351364136,0.7066115140914917,0.6678606470425924,0.6278049945831299,0.32223542361946933
S-cf,P15,0,"a cheetah sprinting at full speed across the savanna, dust flying behind it",fast,81,22.2513948738575,19.85020919442177,8.853953492641448,0.39790553108821786,40.71794452667236,-0.2368698774348128,0.026838046940974893,39.79281477928161,1.0,0.9524614214897156,0.9844992756843567,0.9349568486213684,0.03344778041355312,624.4541642710474,72.86510467529297,0.2974749505519867,0.7368127107620239,0.7647520105044047,0.7336362600326538,-0.2690938410523227
S-cf,P11,0,A person is sweeping floor,general,81,4.166829481348396,0.08461298572365195,4.142268170043826,0.9941052770410229,9.441499376296996,0.42686555475111865,0.0001686282340699563,80.60335788726806,1.0,0.947823703289032,0.9684125781059265,0.9587550759315491,0.026404048391850666,235.85944810116516,72.1579818725586,0.23970985412597656,0.7824532985687256,0.6761534810066223,0.5333603620529175,0.34477726992167046
S-cf,P19,0,two dogs playing tug-of-war with a rope toy in a backyard,multi,81,2.9685729391872884,1.6488205570727588,2.1520559534430506,0.7249460507061591,5.503961014747619,0.10216772235348164,0.0019105677802144783,18.172910594940184,1.0,0.9415166974067688,0.9640602469444275,0.9436140656471252,0.022562637377996,295.5516190884856,72.00728607177734,0.27780425548553467,0.7022435069084167,0.6239295303821564,0.5927367210388184,0.3367281694224924
S-cf,P00,1,a horse taking a peaceful walk,general,81,4.209902380406857,3.137845879793167,2.401108042150736,0.5703475413059684,7.4489506483078,0.19571192345065308,0.007422701912582852,8.195502483844757,0.0,0.9758208394050598,0.9848492741584778,0.9581140279769897,0.015455112513154744,439.15999113587867,65.24335479736328,0.19900153577327728,0.6356344223022461,0.7388565838336945,0.6499025225639343,-0.19546677184423267
S-cf,P20,1,a chef tossing vegetables in a flaming wok while a second cook plates dishes beside him,multi,81,1.039406991004944,0.071496637375094,1.024759999103844,0.9859073703224684,2.217615497112274,0.07936807745012428,0.00023379509612482253,19.8504207611084,1.0,0.968188464641571,0.9625830054283142,0.9686385989189148,0.02515036939876154,453.8526071404979,75.66473388671875,0.27861708402633667,0.7739260792732239,0.7408895492553711,0.638821005821228,0.8216745576314719
S-cf,P27,2,five yellow rubber ducks floating down a small stream,count,81,0.830332172755152,0.19161144407698885,0.7422076762653887,0.8938673060629968,1.7415134727954862,0.20354506809090708,0.0002872423789142431,7.886282134056091,0.0,0.9732047915458679,0.9895286560058594,0.9705555438995361,0.018764421436935665,564.7426496290526,79.85366821289062,0.25687164068222046,0.730831503868103,0.5857197046279907,0.5391567349433899,0.5899261886469747
S-cf,P22,0,a basketball player dribbling past two defenders and dunking the ball,multi,81,3.1182128436863423,1.678384558809921,2.1668479084968566,0.6949003554981386,6.643355345726013,0.04709086079981624,0.003706584648330136,12.53673460483551,1.0,0.9558466076850891,0.9497726559638977,0.9421496391296387,0.02624427358387038,1220.7660951804248,128.12474060058594,0.20683369040489197,0.6931467056274414,0.6558018128077189,0.6385787129402161,0.4669496696540918
S-cf,P03,2,a boat sailing smoothly on a calm lake,general,81,0.858046767488122,0.42271322214510293,0.7741331066004932,0.9022028096019835,2.0396898984909058,0.4855030866198249,0.000762549325531836,5.938568222522735,0.0,0.9819318056106567,0.993756890296936,0.9809892177581787,0.007807774175307714,591.8166255909416,67.96260833740234,0.25275975465774536,0.6267995834350586,0.7749084234237671,0.7513269186019897,-0.29533783141389236
S-cf,P09,0,a cow chewing cud while resting in a tranquil barn,general,81,1.234648955753073,0.7523931995034218,0.762602295447141,0.6176668066067299,2.6333538651466366,0.31372092056524054,0.00047761063415237005,8.183378273248673,0.0,0.9594723582267761,0.9858064651489258,0.9725077748298645,0.011533297240384854,402.59729502261524,66.55329895019531,0.2175951898097992,0.48426634073257446,0.6269249469041824,0.487062007188797,-0.009599072461424107
S-cf,P20,3,a chef tossing vegetables in a flaming wok while a second cook plates dishes beside him,multi,81,1.8555452410131692,0.4994089263724163,1.8522427566349506,0.9982196701406834,4.851071119308472,0.5180523707332864,0.0015632511605531362,19.12555866241455,1.0,0.9579501152038574,0.9649443030357361,0.9702349305152893,0.016588523355312645,399.7102029752858,72.09441375732422,0.28289443254470825,0.7543230056762695,0.6814062595367432,0.6169877052307129,0.21523803464471403
S-cf,P13,0,a bear climbing a tree,general,81,4.156876070052386,2.783122742641717,2.643598647788167,0.6359578604894496,8.989146566390989,0.3483768543126625,0.001715102171874605,17.566284346580506,1.0,0.9249426126480103,0.9789240956306458,0.9194468259811401,0.022071779530961066,740.69749082302,65.22643280029297,0.25476309657096863,0.6372918486595154,0.712936520576477,0.6906138062477112,0.16665732973528602
S-cf,P06,0,A person is reading book,general,81,0.7465459649451077,0.11553009427152575,0.7110527437180281,0.9524554744795064,2.987724101543426,0.7821707966506652,0.00038110480627437935,10.962768024206161,0.0,0.9562250971794128,0.988670825958252,0.9769395589828491,0.014623065233172384,264.107989432882,57.45571517944336,0.23002228140830994,0.786191463470459,0.6613298654556274,0.6613298654556274,0.36706911428506217
S-cf,P10,1,an airplane taking off,general,81,1.6158654514700175,1.121302632894367,0.7163596540689469,0.4433285024373433,2.860499799251556,0.4229790826469669,0.0008763494708546205,6.943315958976745,0.0,0.9845725893974304,0.9623121619224548,0.985366940498352,0.006373934962903149,492.5228323015953,60.067623138427734,0.1996079534292221,0.6242761611938477,0.6810822784900665,0.6483138799667358,-0.6915973333208072
S-cf,P13,3,a bear climbing a tree,general,81,6.217740352172404,5.184641011781059,2.553541879914701,0.4106864109139124,16.3531081199646,0.9682039357710747,0.002394750622624997,14.795526266098022,1.0,0.9019641876220703,0.9668540954589844,0.8827829360961914,0.03538958952995017,1412.5331535549765,84.05638885498047,0.2505713701248169,0.6380757093429565,0.6919386386871338,0.6849790215492249,0.44868462940074005
S-cf,P16,2,a surfer riding a large barreling wave and getting wiped out by the whitewater,fast,81,10.885510140657425,6.341592940688133,8.776256443560124,0.8062328291393478,23.05940256118774,0.5345262951284954,0.01951300005093799,41.51896343231201,1.0,0.8135426640510559,0.9514919519424438,0.9343131184577942,0.032859212264884266,395.2794228603917,61.65254211425781,0.22846436500549316,0.5644906759262085,0.5988401373227438,0.32704418897628784,0.0925220437270915
S-cf,P12,2,a motorcycle turning a corner,general,81,2.3532024001702667,1.4737854154780508,1.2210397491231562,0.5188840663050238,5.185639476776123,0.45448298601587817,0.0006193141764470056,9.452540004253388,0.0,0.9165979623794556,0.966176450252533,0.9684372544288635,0.009743952058488502,597.1352925006272,69.66888427734375,0.21393704414367676,0.6757626533508301,0.6945781707763672,0.6461683511734009,-0.4076075074334833
S-cf,P09,3,a cow chewing cud while resting in a tranquil barn,general,81,0.7995317171327769,0.21355401606997476,0.6375797477550804,0.797440472531906,1.7749931216239927,0.5288265385482089,0.0001675850536003054,9.612859141826629,0.0,0.9739667773246765,0.9857580065727234,0.9773850440979004,0.010518280876567587,570.2455455460404,80.8128662109375,0.2178039699792862,0.3679630160331726,0.5220639407634735,0.30286622047424316,0.020714525303624498
S-cf,P18,2,a flock of hundreds of starlings swirling in a murmuration at dusk,fast,81,3.0574008382856848,0.6631826155818998,2.9456443153321743,0.9634468974427731,5.377975368499754,0.07964503681418879,0.0017025041523083928,23.334347820281984,1.0,0.9697274565696716,0.977181613445282,0.9278205633163452,0.054872233397327365,945.5957464456633,54.93165588378906,0.2669420838356018,0.7354270219802856,0.7510050932566324,0.7138639092445374,1.212899829071274
S-cf,P27,0,five yellow rubber ducks floating down a small stream,count,81,1.4525295030325651,1.1091282304842025,0.6228494567796587,0.42880301341643823,4.775885367393493,0.5946978617092697,0.0007837760971142416,8.71760469675064,0.0,0.987362802028656,0.9919527173042297,0.9536098837852478,0.02294432253111154,1004.6894107705842,80.62918090820312,0.2782961428165436,0.7603528499603271,0.5970773696899414,0.5640702843666077,0.6255932109205586
S-cf,P06,2,A person is reading book,general,81,0.7268048451282084,0.1637977841310203,0.6451146713458001,0.8876024810064674,1.5109358191490165,0.3462921719580449,0.00028780814966467005,14.437821555137635,1.0,0.9680550694465637,0.9952618479728699,0.9839145541191101,0.010563007544260473,857.6419220052127,30.151752471923828,0.22915500402450562,0.7857891917228699,0.709710955619812,0.709710955619812,0.048279744044785744
S-cf,P10,3,an airplane taking off,general,81,0.6527781725861133,0.3241187349194661,0.509467098582536,0.7804585684990251,1.8346368372440336,0.7189965805023931,0.000549421188316046,4.933741438388824,0.0,0.9882680177688599,0.980797290802002,0.9840019941329956,0.007524910109350458,608.0285601796974,62.65708923339844,0.18174231052398682,0.6235758066177368,0.6623042821884155,0.618100643157959,-0.26605074392990957
S-cf,P03,0,a boat sailing smoothly on a calm lake,general,81,1.987184340134263,1.5833207060582937,1.1382379728369414,0.5727890347460177,3.916175782680511,0.0810069739231898,0.00825536726115388,6.267542290687561,0.0,0.9854529500007629,0.9856336712837219,0.9782923460006714,0.009484810434514657,618.642812172654,73.09445190429688,0.27595895528793335,0.6465054154396057,0.7351525723934174,0.7245699167251587,-0.3692152917569542
S-cf,P18,3,a flock of hundreds of starlings swirling in a murmuration at dusk,fast,81,1.7252382036298513,0.4243253449909389,1.452851027995348,0.8421157048475326,2.674802565574646,0.7431186025338157,0.0008592116399995575,20.347810554504395,1.0,0.9660793542861938,0.9784694910049438,0.9585217833518982,0.03159566402900964,932.6678744910612,42.320743560791016,0.2762715518474579,0.7454071640968323,0.7679177125295004,0.6977115273475647,0.8859235230779761
S-cf,P16,1,a surfer riding a large barreling wave and getting wiped out by the whitewater,fast,81,11.074698513746261,9.12476290166378,4.16883660107851,0.37642886797100195,19.327650451660155,0.17673031611846907,0.014069597277557477,23.27246582508087,1.0,0.884750485420227,0.9737311601638794,0.9393712282180786,0.029177091212477534,614.1875084369874,51.476661682128906,0.20768901705741882,0.5622671842575073,0.5918841560681661,0.27827972173690796,-0.03525036896559275
S-cf,P01,1,a person drinking coffee in a cafe,general,81,1.9840778108686208,0.32258328557945787,1.7897800572216511,0.9020710505134085,4.009594917297363,0.442027627318529,0.00040593359681224684,14.401405680179597,1.0,0.9179553389549255,0.9672002792358398,0.9753188490867615,0.011480971274431795,215.11951221535094,64.40459442138672,0.22620789706707,0.5440362095832825,0.5783474445343018,0.5453592538833618,-0.17764601278861303
S-cf,P21,1,three children chasing each other around a fountain in a city square,multi,81,4.021474574506283,3.2523019716143606,1.6184542000293731,0.4024528236076806,6.368572878837585,-0.24983046057120564,0.001958202102287032,13.126121664047242,1.0,0.9524246454238892,0.9625033736228943,0.9440571665763855,0.019602185348048806,596.617486651918,70.76750183105469,0.31730082631111145,0.7097193598747253,0.7302116552988688,0.6371737122535706,0.06304644748376598
S-cf,P12,3,a motorcycle turning a corner,general,81,1.434201993793249,0.9396737646777182,0.93355428930372,0.6509220057020036,3.3806357383728023,0.3729683991267102,0.00045315633565223834,5.327435314655304,0.0,0.9675136804580688,0.981406033039093,0.9711175560951233,0.00904831659863703,830.8945324588732,51.951053619384766,0.20747442543506622,0.633010745048523,0.6525963842868805,0.5725308060646057,-0.3005910584155318
S-cf,P28,0,"two cats sitting side by side on a windowsill, one black and one white, watching birds outside",count,81,0.2599893786944449,0.049524346645921466,0.23655604952946305,0.909864629288751,0.6474158585071563,0.7461591682955151,8.477942122908644e-05,4.638403302431106,0.0,0.9832354784011841,0.9884819984436035,0.9921038746833801,0.0052369778422871605,581.5530110065805,56.418033599853516,0.311132550239563,0.7214367985725403,0.5451225638389587,0.47537368535995483,-0.47505952369498505
S-cf,P12,0,a motorcycle turning a corner,general,81,3.0889002591371537,1.804821715131402,2.1827204801142215,0.7066332967613013,5.1935618877410885,-0.24513289012211004,0.0035712765245989432,21.183098435401917,1.0,0.9565901160240173,0.9852434396743774,0.971513032913208,0.011152608878910541,683.9432723848937,42.967533111572266,0.21149633824825287,0.6979732513427734,0.7752867043018341,0.7374183535575867,-0.3847347753686856
S-cf,P17,3,"a red race car drifting around a tight corner on a wet track, tires smoking",fast,81,21.87714888751507,17.913502275943756,12.524135985970497,0.5724756675510925,51.99327430725098,0.3305261427889208,0.046129248844226825,62.33546600341797,1.0,0.9369267821311951,0.9345966577529907,0.9387027025222778,0.03029596647247672,576.387862412869,79.28178405761719,0.23509342968463898,0.8177647590637207,0.7549570401509603,0.695410430431366,-0.35888804248909834
S-cf,P09,2,a cow chewing cud while resting in a tranquil barn,general,81,0.7834183625411242,0.1547174352221191,0.6811709075933322,0.8694843913276082,1.8449879229068755,0.5846360850996963,0.00018007371648991465,9.957988905906678,0.0,0.9668798446655273,0.9884355664253235,0.9795473217964172,0.00944359800487291,416.6746870481481,91.31474304199219,0.208433598279953,0.39022940397262573,0.5391809195280075,0.3531893193721771,-0.08196741999808399
S-cf,P02,0,a bird soaring gracefully in the sky,general,81,5.164160307496786,4.38187127225101,1.993387458473444,0.38600410401194357,12.106055164337157,0.1354359455400959,0.0026182299735410196,17.795046663284303,1.0,0.8026270270347595,0.8737233281135559,0.98880535364151,0.006841395967057906,52.798018970980365,37.93186950683594,0.24431025981903076,0.6703442931175232,0.7702098488807678,0.7702098488807678,-1.105418361138427
S-cf,P23,0,"an astronaut riding a horse on the moon, with the Earth visible in the sky",rare,81,0.9105071600526571,0.2905950229614973,0.8238717552274466,0.9048482939239115,1.4139124035835267,-0.21202237880739352,0.00015595747989323173,6.198379373550415,0.0,0.9828628897666931,0.9942802786827087,0.9786680936813354,0.008830131328431889,1250.5137669801964,27.345964431762695,0.30039817094802856,0.5029969811439514,0.6329012910525004,0.528586208820343,-0.1880434165505429
S-cf,P15,2,"a cheetah sprinting at full speed across the savanna, dust flying behind it",fast,81,17.241036558151244,14.315535074472427,9.991148221492768,0.5794980834415697,32.651872062683104,0.08062673994607855,0.021932491147890688,32.39417324066162,1.0,0.9635339975357056,0.9794873595237732,0.9166281819343567,0.04103083936497569,1119.3373612322976,64.35952758789062,0.27309101819992065,0.766054093837738,0.7716977397600809,0.7631407380104065,0.07244227528509617
S-cf,P25,2,a giraffe wearing sunglasses roller-skating down a boardwalk,rare,81,1.8891051061451436,1.2526347540318965,1.2494879826903342,0.6614175766124668,3.0534017801284787,0.9468067272725356,0.005538719296600903,9.716143560409545,0.0,0.9199824333190918,0.9333616495132446,0.9514934420585632,0.02378250383771956,1351.1535291551857,105.88928985595703,0.3031407594680786,0.671105682849884,0.7103349169095358,0.6717280149459839,0.5688534535081815
S-cf,P12,1,a motorcycle turning a corner,general,81,8.540713423490525,6.963612738251686,6.026632267236709,0.7056356141192309,15.939113855361937,-0.22496580844047467,0.019609931291779504,35.65601949691772,1.0,0.9680350422859192,0.9768543243408203,0.9455522298812866,0.026214641833212225,1044.3496199594529,45.13615798950195,0.19391021132469177,0.7352526783943176,0.8080669343471527,0.779098629951477,-0.009149820348218984
S-cf,P29,0,a full glass of water tipping over on a table and spilling across the surface,physics,81,1.5667460896074772,0.49891040031798184,1.4403417300432921,0.9193198695547896,2.7903012394905087,0.2876495275141509,0.0009883725800136744,12.047067081928253,1.0,0.9187801480293274,0.9553928375244141,0.9608900547027588,0.02324720154283568,621.0559289403324,38.1441535949707,0.2481054663658142,0.5477895736694336,0.6046936710675558,0.39643430709838867,0.6129731475228946
S-cf,P17,2,"a red race car drifting around a tight corner on a wet track, tires smoking",fast,81,26.159931272268295,17.520592936873435,18.126070919632912,0.6928944131421951,48.254913520812984,0.24954725407195422,0.05755018812487833,89.48570384979249,1.0,0.8764097094535828,0.91693514585495,0.9329174160957336,0.02927768527297303,370.3781445774671,92.662841796875,0.20833337306976318,0.8311443328857422,0.8055640459060669,0.7449121475219727,-0.49009058008600537
S-cf,P02,4,a bird soaring gracefully in the sky,general,81,7.7832081586122515,6.536181482672691,2.7824285097420214,0.3574911650245474,11.900784587860107,-0.042055818175733,0.008993464155355468,13.815136289596557,1.0,0.9037947654724121,0.9621578454971313,0.8497205972671509,0.031195235345512627,1824.2930097046544,56.971641540527344,0.2306840717792511,0.7920573949813843,0.8742084503173828,0.8742084503173828,0.21155997266402427
S-cf,P28,2,"two cats sitting side by side on a windowsill, one black and one white, watching birds outside",count,81,0.635923279169947,0.05644416618160904,0.6169255312765017,0.9701241979339997,1.1585314929485317,0.8016366372300272,0.00015657444816952193,8.024145817756652,0.0,0.959476888179779,0.988062858581543,0.9864315986633301,0.008788814366562292,565.781038670067,35.93386459350586,0.3088586926460266,0.6915347576141357,0.5117252667744955,0.4285247325897217,-0.10501401088462536
S-cf,P00,4,a horse taking a peaceful walk,general,81,2.2242766357958317,2.1013361893594267,0.9632729575037956,0.43307226669981014,4.217408251762389,0.0017302854367935079,0.0018673898202905548,6.8607308030128475,0.0,0.9748077392578125,0.9882907867431641,0.9633445739746094,0.015777986508328467,469.03923663165136,104.3263931274414,0.2331833392381668,0.6123541593551636,0.7665744721889496,0.6927887201309204,0.09648756666792746
S-cf,P14,1,A tranquil tableau of a bunch of grapes,general,81,1.1613196690566838,0.37542795336339624,1.0428117894334719,0.8979533536422165,3.5206693291664104,0.5707243226870118,0.0007895837089108681,14.63923876285553,1.0,0.9414443969726562,0.9906906485557556,0.9775195121765137,0.016629191154788715,355.1195989465969,117.35324096679688,0.2646164298057556,0.8056268692016602,0.7973870038986206,0.7973870038986206,0.37515840686834157
S-cf,P14,0,A tranquil tableau of a bunch of grapes,general,81,1.5279889619210736,0.92525215728092,1.0398576384643092,0.680539574459601,0.7804534614086143,0.4908570871267303,0.0029074210011344804,9.103563910722732,0.0,0.9412652850151062,0.9913604855537415,0.9891685247421265,0.007892724395787809,213.05466402099904,112.75072479248047,0.2611424922943115,0.774532675743103,0.7884455919265747,0.7884455919265747,-0.45858498826700345
S-cf,P21,2,three children chasing each other around a fountain in a city square,multi,81,1.5404678218066692,0.7636433990672231,1.1158475693315268,0.7243558282619804,3.3146254420280457,-0.29459353779050707,0.0006274357712754864,8.922204899787904,0.0,0.9524714350700378,0.9796754717826843,0.9692772626876831,0.016860435239505023,399.2300814137421,94.39010620117188,0.3086216151714325,0.7333544492721558,0.7549590865770975,0.6762067675590515,0.29759221306065253
S-cf,P06,3,A person is reading book,general,81,0.25976540888659655,0.13870270194020123,0.17161552554462106,0.6606532625992511,0.5661362826824188,0.7933821609094399,0.00015551727747151745,2.7801220044493675,0.0,0.9929192662239075,0.9917393922805786,0.9929824471473694,0.004877004862646572,357.6643531701244,36.668094635009766,0.24253541231155396,0.6548354625701904,0.6283903121948242,0.6283903121948242,-0.5461582418180573
S-cf,P18,1,a flock of hundreds of starlings swirling in a murmuration at dusk,fast,81,3.548346331715584,1.5109114374965429,3.1111662805080416,0.8767930503026121,7.754091429710385,0.17101566782449815,0.0031176304099062692,25.741221499443053,1.0,0.962746262550354,0.9810270667076111,0.9163900017738342,0.06251643477007747,1114.7052348944644,53.202693939208984,0.278758704662323,0.7352415919303894,0.7479196190834045,0.7026221752166748,1.2787458448705693
S-cf,P14,3,A tranquil tableau of a bunch of grapes,general,81,0.47146839250344785,0.033814884116873146,0.4559671721886843,0.9671193495033718,1.2962666690349578,0.6714013538004858,0.00014780599884716138,10.176174104213715,0.0,0.989528477191925,0.9969342350959778,0.993476390838623,0.004296288706245832,291.5593019486313,86.71221160888672,0.26428431272506714,0.7598870396614075,0.7465227842330933,0.7465227842330933,-0.7607275001820666
S-cf,P05,1,A person is playing guitar,general,81,1.7693480033427478,0.9632823714986444,1.3028642982244492,0.7363523509285105,3.3610802888870235,0.02216111536661932,0.0014605886861772887,10.997570061683655,0.0,0.987185001373291,0.9918498992919922,0.9639906883239746,0.014646062802057713,612.0291587584691,98.7348403930664,0.24544820189476013,0.6255295276641846,0.6317145824432373,0.6317145824432373,0.10803465868067175
S-cf,P19,1,two dogs playing tug-of-war with a rope toy in a backyard,multi,81,2.2607273153960703,1.3299661963246763,1.3764179609715939,0.6088382896776569,3.55448602437973,-0.6321627782611855,0.001578454227092152,12.382334804534912,1.0,0.9671236276626587,0.967019259929657,0.9459660649299622,0.02232082955306396,471.3394425563846,78.0186767578125,0.2992003858089447,0.7069995403289795,0.6189120411872864,0.5955919027328491,0.43701823015667784
S-cf,P27,3,five yellow rubber ducks floating down a small stream,count,81,1.760184125509113,1.2804278906201945,0.9338169423863292,0.5305220052443254,4.269973731040954,0.30855346921108484,0.0022605162085710616,5.689225322008133,0.0,0.9761244654655457,0.982330322265625,0.9588214755058289,0.014625206409255043,773.4587395193662,81.1610336303711,0.27327394485473633,0.7203760147094727,0.5888355771700541,0.5550628900527954,0.10848354744626221
S-cf,P29,1,a full glass of water tipping over on a table and spilling across the surface,physics,81,1.0555765697732569,0.24388140998780727,0.9894296010024846,0.9373348101883398,1.7628521084785456,-0.17527034405418562,0.0009324067504167033,7.9244279026985165,0.0,0.8708441853523254,0.9512246251106262,0.971140444278717,0.014634043601108714,332.5309905938821,69.1781997680664,0.2560366988182068,0.4799903929233551,0.6249764462312063,0.47203049063682556,0.27571645145110857
S-cf,P13,2,a bear climbing a tree,general,81,2.1967914294451476,1.6762232938897796,0.9599127891939133,0.43696107849222793,5.140944314002991,0.9155231249053801,0.0018664845502598837,6.779531717300415,0.0,0.9380506873130798,0.9613251090049744,0.9394238591194153,0.01542779870214872,1922.1978143428776,54.48590087890625,0.256619930267334,0.6028188467025757,0.6684354543685913,0.6635003089904785,0.07888416271239507
S-cf,P04,0,a dog running happily,general,81,3.8062653854489326,3.3737613171339036,2.05648173391819,0.5402884416550464,6.663123679161072,-0.0732233008319827,0.006663580164604355,13.783254861831665,1.0,0.9645647406578064,0.9836007356643677,0.9382686614990234,0.020411769801285118,193.21446945910589,74.40691375732422,0.2527836263179779,0.5875929594039917,0.7268561124801636,0.688590407371521,0.12827879594615155
S-cf,P07,3,A tranquil tableau of a picturesque barn was painted a warm shade of red and nestled in a picturesque meadow,general,81,0.032204378256574274,0.01855387585819699,0.02332182819955051,0.7241594249801953,0.05250118318945169,-0.09236177869375711,3.102239682561958e-05,0.09869155324995518,0.0,0.9986873865127563,0.9987988471984863,0.9935146570205688,0.0041396131186047565,1085.5238740427417,119.92821502685547,0.3034866452217102,0.8315448760986328,0.6875768601894379,0.5442715287208557,-0.5974186373689614
S-cf,P00,3,a horse taking a peaceful walk,general,81,3.5755571242421866,3.0439898653130513,1.4299051659181714,0.39991103940485634,6.650667190551757,0.9140246126522548,0.004282975927696953,8.48358119726181,0.0,0.9828823208808899,0.9904690980911255,0.9571524262428284,0.017065263411495835,391.15345823952674,91.31356048583984,0.23849476873874664,0.5991755127906799,0.7494891285896301,0.6779269576072693,-0.02296812268103121
S-cf,P10,2,an airplane taking off,general,81,2.256548560410738,1.5867367463652045,1.0266108895186334,0.454947193507139,5.772724103927612,0.5990766407891942,0.001464765500577414,9.608878910541534,0.0,0.9899753928184509,0.9725036025047302,0.9808833003044128,0.007496360207733232,534.1809264887629,45.810489654541016,0.20704632997512817,0.6100109219551086,0.6568633317947388,0.6072676181793213,-0.653270916039637
S-cf,P08,3,"In a still frame, a stop sign",general,81,0.631293794605881,0.05141121591441333,0.616376408119686,0.976368589423411,2.8790625095367424,0.8584447576124447,0.00011855947415142509,8.351707942783833,0.0,0.9678535461425781,0.966571033000946,0.9864267110824585,0.009256862621987239,302.68752116084687,158.08387756347656,0.22787804901599884,0.5432642698287964,0.5523987412452698,0.5523987412452698,-0.05153228143447919
S-cf,P01,3,a person drinking coffee in a cafe,general,81,0.19185724440030755,0.034614680288359526,0.1778998089954257,0.9272461006379381,0.40967599004507066,0.42033070935991745,0.00013193429331295192,3.2434486716985704,0.0,0.9630983471870422,0.9900962710380554,0.9918299317359924,0.005576917313737795,685.2132303684895,52.686153411865234,0.2608281970024109,0.46138548851013184,0.593881368637085,0.5219212770462036,-0.38075204575548316
S-cf,P29,2,a full glass of water tipping over on a table and spilling across the surface,physics,81,2.228438303992152,0.38974665326531976,2.1479206304997205,0.9638676838322741,7.339010858535766,0.7934474213137652,0.0011651028658661744,18.719999146461486,1.0,0.8585981726646423,0.9508872032165527,0.9633431434631348,0.02387238580849953,570.67263777972,48.90907287597656,0.240453839302063,0.5403250455856323,0.6076074639956156,0.40003615617752075,0.509843523257739
S-cf,P11,1,A person is sweeping floor,general,81,3.8655112884938716,0.15649365056306125,3.845221483707428,0.994750810947661,11.2141553401947,0.8192914041071779,0.00042178052165127157,43.52904834747314,1.0,0.923988938331604,0.9597469568252563,0.9514831900596619,0.028436280094319956,173.67051170712034,63.897682189941406,0.22518157958984375,0.7380030751228333,0.669865220785141,0.5175381898880005,0.45289284927126117
S-cf,P17,1,"a red race car drifting around a tight corner on a wet track, tires smoking",fast,81,42.88948998451233,39.727008366584776,15.23543440103531,0.35522534894473157,73.92978057861328,0.23170611579635741,0.03700654265703633,92.82725715637207,1.0,0.8878839612007141,0.9408249258995056,0.9345473647117615,0.033913855464197694,482.7654380777377,57.75028991699219,0.23679068684577942,0.8485422134399414,0.8357593218485514,0.7680679559707642,-0.6144220537077638
S-cf,P04,1,a dog running happily,general,81,7.10643855035305,6.700836402177811,2.686227947473526,0.3779991271916291,10.886282920837402,-0.5219440432463216,0.009991381783038378,16.03716218471527,1.0,0.96145099401474,0.9773001074790955,0.9479577541351318,0.020618500572163613,223.5756980499986,75.1981201171875,0.2654247283935547,0.6126092672348022,0.7382087409496307,0.700089693069458,-0.15716947783481405
S-cf,P26,3,exactly four red apples rolling across a wooden table,count,81,0.9789440028369427,0.043977779720444234,0.9658145070774481,0.9865870955759077,2.431239128112793,0.6333222381153366,0.00011961142457721508,11.469228935241699,1.0,0.9822850227355957,0.9904751777648926,0.985973596572876,0.007088687314535491,79.35888908362404,81.78407287597656,0.24390780925750732,0.3917788863182068,0.5737001101175944,0.5343056917190552,-0.4275822438983301
S-cf,P23,1,"an astronaut riding a horse on the moon, with the Earth visible in the sky",rare,81,0.6907002246007323,0.49669583244249227,0.384628143068403,0.5568661663959574,1.8881186425685883,0.4151332874020053,0.0009236267780124763,2.0643714010715484,0.0,0.9667128920555115,0.9908410906791687,0.982547402381897,0.009307375916978344,1096.5409687159206,30.840656280517578,0.2946213483810425,0.5192548036575317,0.6375633478164673,0.5556995868682861,-0.06631269171921605
S-cf,P07,0,A tranquil tableau of a picturesque barn was painted a warm shade of red and nestled in a picturesque meadow,general,81,1.4108457542955875,1.2744978554546833,1.0481285221874714,0.7429074199563118,1.6723747611045838,0.13131502310786855,0.0012039879697113066,7.558186829090118,0.0,0.9811224341392517,0.9946413040161133,0.971358597278595,0.009797668264945969,504.57780949866185,106.65727233886719,0.3143467307090759,0.7765603065490723,0.6795527338981628,0.616222620010376,-0.21558316874893713
S-cf,P21,0,three children chasing each other around a fountain in a city square,multi,81,3.410445759445429,2.9897063728421926,1.734275134652853,0.5085184601840442,5.263578009605407,-0.27207860320436666,0.0014765892468858511,12.489923691749572,1.0,0.9407957196235657,0.9564349055290222,0.9473467469215393,0.019808017811737955,723.7102567689107,78.69819641113281,0.30030378699302673,0.6901136636734009,0.7326405247052511,0.6539055109024048,0.14684331494313252
S-cf,P00,7,a horse taking a peaceful walk,general,81,1.849042307958007,1.4157682145014405,0.9885247995145618,0.5346141949515723,4.326406836509705,0.4092674898047382,0.0021166388205074325,5.448882228136062,0.0,0.9759039878845215,0.9844197630882263,0.942634105682373,0.020473491866141558,1436.4115576205597,62.82612609863281,0.22236000001430511,0.6267827749252319,0.7229877412319183,0.6469058394432068,0.426935390789577
S-cf,P16,0,a surfer riding a large barreling wave and getting wiped out by the whitewater,fast,81,9.088056533038616,5.117319651693106,7.255078125,0.7983090004244555,23.146018505096432,0.5079358200372901,0.012643578397546661,36.36060624122619,1.0,0.8904487490653992,0.9678713083267212,0.948383092880249,0.02034364499268122,281.44594852001205,62.7540168762207,0.23425492644309998,0.5448208451271057,0.6166989405949911,0.32165026664733887,-0.29422522891903524
S-cf,P05,2,A person is playing guitar,general,81,1.8008759256452322,0.9696976830717177,1.461135993152857,0.8113469456716759,4.063496041297912,0.21841895059230101,0.001716023180506454,13.896089005470277,1.0,0.9859898686408997,0.9949185252189636,0.9688161611557007,0.014037182094762101,585.3253695826758,58.7149658203125,0.24905547499656677,0.6592191457748413,0.641167163848877,0.641167163848877,0.05917593494613094
S-cf,P00,6,a horse taking a peaceful walk,general,81,4.319717210158705,3.6805550053715708,2.1484798483550547,0.4973657409648765,8.703562116622923,0.4149425467705696,0.004162845111841307,9.623020362854003,0.0,0.9774765372276306,0.9885817766189575,0.9536033272743225,0.021616582537535577,543.8017964610377,85.36805725097656,0.21971826255321503,0.5840820074081421,0.737769365310669,0.6589087247848511,0.12824321853898768
S-cf,P08,0,"In a still frame, a stop sign",general,81,2.58042971114628,1.6443185033276677,1.9446188111789524,0.7536024132634481,10.276661348342893,0.65680979475586,0.003417553968870379,21.16962124109268,1.0,0.8449913263320923,0.8381136059761047,0.9571211338043213,0.028823366762662773,449.8396289531867,94.67731475830078,0.1814708113670349,0.5907179713249207,0.5602616667747498,0.5602616667747498,0.639796531963194
S-cf,P02,1,a bird soaring gracefully in the sky,general,81,0.9193296164274216,0.395760185085237,0.6591279532760381,0.7169650847020108,1.6481592416763304,0.4109151331707402,0.0006898244661215358,12.51715681552887,1.0,0.9484130144119263,0.9721582531929016,0.9817689061164856,0.011627279792446644,159.93778869117062,40.4510612487793,0.23988793790340424,0.8112030029296875,0.8783260583877563,0.8783260583877563,0.08450884598010067
S-cf,P22,3,a basketball player dribbling past two defenders and dunking the ball,multi,81,2.562480411492288,1.6476447320659644,1.5908758666366338,0.6208341100551322,6.408414983749389,0.9250906033395678,0.002331013246077873,12.458962082862854,1.0,0.9522753953933716,0.9505327343940735,0.9482551217079163,0.022332843823824076,1365.6341283120835,61.61203384399414,0.21261480450630188,0.6728323101997375,0.6446996728579203,0.630782425403595,0.38751989552111876
S-cf,P20,0,a chef tossing vegetables in a flaming wok while a second cook plates dishes beside him,multi,81,1.7547265212982892,0.30829183920286596,1.7172270812094212,0.9786289098257706,3.4834539175033568,0.31848277902915556,0.0009632618122509484,16.981539154052733,1.0,0.9650360345840454,0.9840337634086609,0.9550917744636536,0.026117445644922556,517.2981518341142,70.6082992553711,0.28852421045303345,0.7779662609100342,0.741863469282786,0.6495214104652405,0.6894293938781817
S-causvid,P23,2,"an astronaut riding a horse on the moon, with the Earth visible in the sky",rare,81,0.9263939324766397,0.30577863855287435,0.8338259495794773,0.9000761126254362,1.3695475757122038,-0.32676113591508615,0.0011601010814047187,6.1805135130882265,0.0,0.9540867209434509,0.9846722483634949,0.9637826085090637,0.017899429763201625,1918.8788120927109,34.97592544555664,0.29639819264411926,0.5119016170501709,0.6718724767367045,0.5847345590591431,0.5138165435588071
S-causvid,P07,1,A tranquil tableau of a picturesque barn was painted a warm shade of red and nestled in a picturesque meadow,general,81,0.03489595004357397,0.02494739682879299,0.020161314774304627,0.5777385917431255,0.050406916439533225,0.1960560365540357,4.9578475881162376e-05,0.07378479540348053,0.0,0.9963274002075195,0.9968622326850891,0.9900203943252563,0.005882536270655691,1528.7496528558263,104.81458282470703,0.31630879640579224,0.8182021975517273,0.6786496043205261,0.5568332076072693,-0.2475767823183066
S-causvid,P21,3,three children chasing each other around a fountain in a city square,multi,81,0.5642216062173248,0.05918745108647272,0.5489427810534835,0.97291880014117,1.069905519485473,0.6410362354317889,9.964977075469506e-05,6.958065140247345,0.0,0.9417309165000916,0.9532197117805481,0.9660638570785522,0.0266514414222911,1535.1161306947583,64.22322082519531,0.2921166718006134,0.7412688732147217,0.683185875415802,0.6066325902938843,1.029611136842818
S-causvid,P24,2,a panda playing a violin on a stage under spotlights,rare,81,2.0511720180511475,0.6552290327847003,1.7578689828515053,0.8570066822162495,3.4206602692604062,-0.018355225052549856,0.001258413866526098,20.644073486328125,1.0,0.9820964932441711,0.9888772964477539,0.9666165709495544,0.018020804214756936,1500.4944072837025,59.970603942871094,0.300252228975296,0.6448099613189697,0.6498408317565918,0.521241307258606,0.2605879171564851
S-causvid,P05,3,A person is playing guitar,general,81,1.8409400295466185,0.6731631131377072,1.5403551433235407,0.8367216106335003,3.996172082424164,0.062108966209588376,0.0009125320358180034,13.821575832366943,1.0,0.9933179020881653,0.9909521341323853,0.961266815662384,0.0191438238020055,2036.2717466366532,94.5729751586914,0.2040073722600937,0.7481735348701477,0.6462920904159546,0.6462920904159546,0.36139799863803157
S-causvid,P29,3,a full glass of water tipping over on a table and spilling across the surface,physics,81,0.2996564102359116,0.07000948935747146,0.27227313122712077,0.9086147110887999,0.9174989551305771,0.7938038168852803,0.00010461948264719467,3.4790310323238374,0.0,0.9237867593765259,0.9731659293174744,0.9771003127098083,0.016282124223653226,1387.3107566891595,52.134212493896484,0.2665228843688965,0.49232447147369385,0.5834907094637553,0.39653468132019043,0.6416105686303872
S-causvid,P24,0,a panda playing a violin on a stage under spotlights,rare,81,2.2800155356526375,0.9512618724256754,1.750943873077631,0.7679522695112544,4.575134062767028,-0.05853191922344556,0.001472653723158146,18.276725697517396,1.0,0.9828054308891296,0.9895884394645691,0.9669162631034851,0.018334752530790865,1409.8767885034733,62.491432189941406,0.29308393597602844,0.5639771223068237,0.6235798001289368,0.4790988564491272,0.23697166027713878
S-causvid,P08,2,"In a still frame, a stop sign",general,81,0.10713945194147527,0.07882430094759911,0.06906767035834491,0.6446460613781305,0.22091814950108524,0.22077783326359957,0.0002010833730309969,0.3631573598831892,0.0,0.9916830062866211,0.9922186136245728,0.9967571496963501,0.0032255105586955326,252.09461519749442,81.33973693847656,0.19461636245250702,0.669140100479126,0.5852735042572021,0.5852735042572021,-0.886481963483404
S-causvid,P25,0,a giraffe wearing sunglasses roller-skating down a boardwalk,rare,81,3.676054376363754,3.908904644846916,1.8491085104644298,0.5030143240914704,4.6111129999160765,0.13179980525271195,0.006912587725673802,12.461075615882873,1.0,0.9315934181213379,0.9757217764854431,0.9676001071929932,0.018063380068633707,676.103955697676,87.97122192382812,0.2691130042076111,0.6041789054870605,0.6863369544347128,0.6552575826644897,0.021587616855132552
S-causvid,P23,3,"an astronaut riding a horse on the moon, with the Earth visible in the sky",rare,81,0.6336759589612484,0.2002380949445069,0.5714691007509828,0.9018303295858515,0.9065369039773941,-0.21651709604466404,0.0008999360290999903,4.415811103582382,0.0,0.9472948312759399,0.9871391654014587,0.9751605987548828,0.013742734340485185,1533.1234064506696,30.15210723876953,0.30219367146492004,0.5403807163238525,0.656425674756368,0.5626702308654785,0.34275259187154905
S-causvid,P06,1,A person is reading book,general,81,0.4215750446543097,0.1260124236228876,0.37935062653850765,0.899839142543247,1.066526848077774,0.4655293162459552,0.00037163554991366255,5.052014011144638,0.0,0.9753360152244568,0.9933517575263977,0.991399347782135,0.006051514489809051,94.71450752569503,37.311641693115234,0.22031676769256592,0.6476714611053467,0.6197006702423096,0.6197006702423096,-0.398736376837836
S-causvid,P28,3,"two cats sitting side by side on a windowsill, one black and one white, watching birds outside",count,81,0.056766243278980257,0.03489970322116278,0.03630029775667935,0.6394585267824799,0.11887118034064763,0.28449819873917986,0.0001235351334457846,0.49969529137015345,0.0,0.9942213296890259,0.9961228370666504,0.9958084225654602,0.00345162890444044,583.42565378073,47.17203140258789,0.32216259837150574,0.7158700227737427,0.5388351380825043,0.4472061097621918,-0.7924215803663133
S-causvid,P11,2,A person is sweeping floor,general,81,0.8888466917909682,0.057271044177468866,0.8675524862017483,0.9760417833270045,3.5205042004585256,0.8057360602528358,0.00015618846042571023,12.513101363182068,1.0,0.9232580065727234,0.9822002649307251,0.9871054291725159,0.00795153388462495,364.0093921256657,86.4642105102539,0.2290574610233307,0.7637447118759155,0.657287523150444,0.4851677119731903,-0.2863897594459939
S-causvid,P19,2,two dogs playing tug-of-war with a rope toy in a backyard,multi,81,1.0812070425599813,0.09325688853859901,1.073284635692835,0.9926717092777204,2.586317813396454,0.6147813091133739,0.00024966729399693576,10.739314448833465,0.0,0.9743885397911072,0.9754382967948914,0.9639807939529419,0.019317104748915882,683.7202910463195,103.7051773071289,0.31202730536460876,0.7068601846694946,0.604234367609024,0.6037563681602478,0.5463347790742388
S-causvid,P13,1,a bear climbing a tree,general,81,1.1327483711764217,0.4333426152355969,1.0011732554063202,0.8838435764184512,2.5348218321800227,0.3480299727032874,0.0011134465526993153,8.95957601070404,0.0,0.9636565446853638,0.9785007834434509,0.9650216102600098,0.021542618749663234,975.1121955224603,112.22763061523438,0.2799367904663086,0.6978631615638733,0.7600844204425812,0.7276419401168823,0.641541557140533
S-causvid,P03,3,a boat sailing smoothly on a calm lake,general,81,0.1280315346084535,0.10722393576288596,0.061615853034891185,0.4812515289439792,0.24464261904358856,0.6121274579434904,8.433339666567008e-05,0.4693681329488754,0.0,0.9871320724487305,0.9863654971122742,0.9834342002868652,0.01114158472046256,1742.73092403573,49.41147232055664,0.24067263305187225,0.7510997653007507,0.8011544346809387,0.7613139152526855,0.34232229166934314
S-causvid,P01,0,a person drinking coffee in a cafe,general,81,0.3293857377953827,0.08353387197712436,0.30075948815792797,0.9130892463094912,1.2681982219219197,0.8690121237946977,0.00027463652972983257,2.5125554248690607,0.0,0.9867185950279236,0.9920441508293152,0.9925800561904907,0.005195617178105749,167.08100166595577,76.67198944091797,0.23519718647003174,0.526279866695404,0.5444889068603516,0.5023418664932251,-0.5132971335799965
S-causvid,P27,1,five yellow rubber ducks floating down a small stream,count,81,0.45249352613464,0.23842726415023208,0.420727876201272,0.9297966094645843,0.8007343739271163,-0.20640065786708658,0.000933381159666169,2.4285549342632295,0.0,0.9821075797080994,0.9914777874946594,0.9808854460716248,0.013183138094609604,887.0099603294022,75.76473236083984,0.25067955255508423,0.7163702249526978,0.5742478768030802,0.5370982885360718,0.3676402364688425
S-causvid,P14,2,A tranquil tableau of a bunch of grapes,general,81,0.037683089869096874,0.025955394253833218,0.024489596125204117,0.6498656650664395,0.06453071385622024,0.022987153696599916,5.054561113411182e-05,0.10177618600428104,0.0,0.9957296252250671,0.9973462224006653,0.9962142705917358,0.003468108337256126,153.41698267167223,109.68067169189453,0.2502928376197815,0.8166578412055969,0.7910833358764648,0.7910833358764648,-0.7773576766323487
S-causvid,P03,1,a boat sailing smoothly on a calm lake,general,81,2.066503237187862,1.4612677425146103,1.5698165141046048,0.7596483403493237,3.1363971829414368,0.7697095939357903,0.001207532559055835,5.50883332490921,0.0,0.9745786786079407,0.9718958139419556,0.9669257402420044,0.018305058567784728,1680.2347582676982,60.18828201293945,0.22551342844963074,0.7146033644676208,0.7630150020122528,0.7246952652931213,0.2734040713432666
S-causvid,P24,3,a panda playing a violin on a stage under spotlights,rare,81,2.444133273884654,0.8352737098932266,2.067811924032867,0.8460304109014156,4.362832713127135,0.018668992130245032,0.0014046832940948662,20.67586567401886,1.0,0.9857959151268005,0.9856926202774048,0.9709244966506958,0.01590234524337575,1392.702480277573,61.709678649902344,0.29500851035118103,0.5674947500228882,0.6371916731198629,0.5121809244155884,0.06704606544633585
S-causvid,P02,2,a bird soaring gracefully in the sky,general,81,0.5041119514033199,0.3643807630985975,0.25302499677054585,0.5019212382189147,1.0265455603599547,0.08441055808928413,0.000637972738559256,2.9102270752191544,0.0,0.9480659365653992,0.9755827188491821,0.9913279414176941,0.005734949221368879,385.71346394304976,43.884883880615234,0.2372530698776245,0.8183252215385437,0.8578886985778809,0.8578886985778809,-0.4843631453557977
S-causvid,P10,0,an airplane taking off,general,81,1.811969232559204,1.5929124802350998,0.7951584458351135,0.43883637354905203,2.298054563999176,0.7967684441783095,0.0031066616451425944,6.002457773685455,0.0,0.9813513159751892,0.9851720929145813,0.9700353145599365,0.0121188321034424,1166.42528286119,43.37852478027344,0.2307235598564148,0.731667160987854,0.7140294313430786,0.7133291959762573,-0.08999654207318741
S-causvid,P20,2,a chef tossing vegetables in a flaming wok while a second cook plates dishes beside him,multi,81,1.035103089362383,0.24038509926758705,0.9742599244695157,0.9412192787970273,2.7500917911529537,0.28116378893848776,0.000717929806023676,13.496053862571717,1.0,0.9545244574546814,0.9853418469429016,0.9718949198722839,0.021905354363843797,409.9277726973259,106.00409698486328,0.24664965271949768,0.7130142450332642,0.6987167795499166,0.6145673990249634,0.68473329844818
S-causvid,P16,3,a surfer riding a large barreling wave and getting wiped out by the whitewater,fast,81,3.7215042069554327,2.32367200627923,2.70035889595747,0.7256093289646735,5.2726912021636965,0.4238509935533657,0.004855142158339732,13.456394529342651,1.0,0.9077506065368652,0.9742623567581177,0.9729886651039124,0.020777208788786083,656.8596396940789,67.61886596679688,0.21743762493133545,0.5752573013305664,0.633989155292511,0.3412811756134033,0.15608195208074083
S-causvid,P28,1,"two cats sitting side by side on a windowsill, one black and one white, watching birds outside",count,81,0.2319285867502913,0.060660492582246664,0.21110811859834938,0.910225045266176,0.6175090372562408,0.8339238212248602,0.00015908781190319133,2.779943934082985,0.0,0.9874138236045837,0.9892560243606567,0.9918966293334961,0.005439876890159212,716.4705625953827,60.09988784790039,0.3217838704586029,0.7117171287536621,0.5387138624986013,0.46368440985679626,-0.42432198887977446
S-causvid,P00,0,a horse taking a peaceful walk,general,81,5.421887430548668,3.7517962902784348,3.9076988086104394,0.7207265252071962,7.825894403457641,0.26489041101225563,0.01057724247511942,12.537394952774047,1.0,0.9708132147789001,0.9815889596939087,0.9621121287345886,0.018991022696718575,486.0776555860706,108.22213745117188,0.20648643374443054,0.5777158141136169,0.7448961138725281,0.6743049621582031,-0.10769369314488042
S-causvid,P04,3,a dog running happily,general,81,1.8200349688529969,1.1348858423531056,1.4527001697570086,0.7981711321191709,3.178245520591736,-0.42198964983318005,0.0013005799452002974,9.42281370162964,0.0,0.9673196077346802,0.9877093434333801,0.964816689491272,0.016107722371816634,471.35788958547795,91.72782897949219,0.27350372076034546,0.5768571496009827,0.6956386268138885,0.6779634952545166,0.19290194108622138
S-causvid,P25,1,a giraffe wearing sunglasses roller-skating down a boardwalk,rare,81,5.1890708833932875,3.973402137309313,3.5387740656733513,0.6819666686442667,8.126518630981444,-0.0926636929313888,0.009108771286264528,15.847596096992493,1.0,0.9251815676689148,0.9644581079483032,0.9519733786582947,0.02491928490344435,1075.4474688618093,82.8115463256836,0.34751570224761963,0.6415311098098755,0.6864878932634989,0.6380611062049866,0.18484576214031279
S-causvid,P15,1,"a cheetah sprinting at full speed across the savanna, dust flying behind it",fast,81,67.59438412189483,56.94701046943665,36.63893365859985,0.5420410821479897,108.65398216247559,-0.6143886208324366,0.08670540701132268,124.02341690063477,1.0,0.943349301815033,0.9656786918640137,0.91851806640625,0.07314973883330822,1552.9127219204856,59.40052795410156,0.2863313853740692,0.7631487250328064,0.7568060954411825,0.7263211011886597,-0.09819749919607235
S-causvid,P26,0,exactly four red apples rolling across a wooden table,count,81,0.043760072370059785,0.030162135045975445,0.029222386586479843,0.6677712634499574,0.06728274635970592,0.1997896321699422,5.048148718174161e-05,0.1179139232262969,0.0,0.9965934753417969,0.9959001541137695,0.9973375797271729,0.0023908075847430153,172.57959214661537,120.14797973632812,0.2242644727230072,0.5209962725639343,0.6376730998357137,0.5600703954696655,-1.1525070258317784
S-causvid,P05,0,A person is playing guitar,general,81,1.8382628016173839,0.6402930646203459,1.5878393206745387,0.8637711950142788,3.266314208507535,0.04791848806151027,0.0011532726693758376,13.925153803825378,1.0,0.9918889999389648,0.9880132079124451,0.9632526636123657,0.02077202460495755,1886.8286068047978,98.55245971679688,0.20416384935379028,0.7373990416526794,0.6279973983764648,0.6279973983764648,0.443553881001983
S-causvid,P02,3,a bird soaring gracefully in the sky,general,81,0.7536050716415048,0.4863987517543137,0.402488405443728,0.5340832838130241,1.681695133447645,0.7585172724932773,0.000671991520357551,6.704422402381897,0.0,0.9236049652099609,0.9460979700088501,0.9878197312355042,0.008398182009113953,503.9491319426534,57.3204345703125,0.2278783768415451,0.8405528664588928,0.8766275644302368,0.8766275644302368,-0.18974539906244914
S-causvid,P11,3,A person is sweeping floor,general,81,0.8979597689583898,0.06537225649226457,0.8691917365416885,0.9679618159153293,2.9060002207756037,0.7781426282695874,0.00011399886433309803,10.947147977352142,0.0,0.9562391638755798,0.9887728691101074,0.9824564456939697,0.009547616765485146,151.87932238250391,91.20597076416016,0.2331749051809311,0.7304798364639282,0.7064381837844849,0.5553070902824402,-0.10620508698585773
S-causvid,P09,1,a cow chewing cud while resting in a tranquil barn,general,81,0.8537968557327986,0.1971524177817628,0.7980779179371893,0.9347387236668732,2.0265050530433655,0.647333426540029,0.000390439864304426,6.614030575752258,0.0,0.9768304228782654,0.9854804277420044,0.9791990518569946,0.010425215610302985,329.34836163293477,87.72554016113281,0.20382361114025116,0.5121191740036011,0.613027423620224,0.4677303433418274,-0.004967877247085362
S-causvid,P19,3,two dogs playing tug-of-war with a rope toy in a backyard,multi,81,0.9490255363285541,0.047468626534100625,0.9374930948019028,0.9878470821571859,2.0098462522029865,0.4262604603276586,0.00012410243225531304,10.312073910236359,0.0,0.9631456732749939,0.9762699007987976,0.9638980031013489,0.020827748940791934,746.4628935223265,103.44792175292969,0.30678799748420715,0.7395378351211548,0.6226067543029785,0.6216191053390503,0.6587230154104211
S-causvid,P08,1,"In a still frame, a stop sign",general,81,0.07941659558564425,0.05129801008151844,0.054518399736844005,0.6864775914558021,0.14803913235664368,-0.13708762211377692,0.00014188111939006376,0.2655466962605715,0.0,0.9954914450645447,0.9952730536460876,0.9966039657592773,0.0032327230321243404,391.0529832243427,62.470970153808594,0.1599636673927307,0.5896331071853638,0.5642529129981995,0.5642529129981995,-0.8699126716414796
S-causvid,P17,0,"a red race car drifting around a tight corner on a wet track, tires smoking",fast,81,13.157803988456726,5.816216736659408,11.937965086102485,0.9072915350680149,23.59035835266113,0.052004311395652224,0.018189648382394806,51.499305438995364,1.0,0.9327793121337891,0.9614782333374023,0.9422263503074646,0.029829254699870945,1398.5124896478303,80.0877456665039,0.25400495529174805,0.8168543577194214,0.7150230407714844,0.6312543153762817,-0.10312134520225547
S-causvid,P22,2,a basketball player dribbling past two defenders and dunking the ball,multi,81,5.634642276167869,4.273966596275568,3.3483075529336928,0.594235941624841,8.737643480300903,-0.484545063011516,0.009948294248897583,15.580957412719727,1.0,0.9497560858726501,0.9548694491386414,0.9332364797592163,0.03197172782383859,1771.941045402188,102.78020477294922,0.1893678456544876,0.7202428579330444,0.6675421595573425,0.6483054757118225,0.3947446093482898
S-causvid,P26,1,exactly four red apples rolling across a wooden table,count,81,0.37254689522087575,0.07878395803272724,0.34702220689505336,0.931483471915232,0.5318765759468078,-0.31860367925412886,0.00022655452148683252,2.0126382052898406,0.0,0.9704381823539734,0.9942185282707214,0.9934332966804504,0.004519101759069599,269.0269292074713,123.93830108642578,0.24705100059509277,0.4773002564907074,0.6099847952524821,0.5695922374725342,-0.6708337202036461
S-causvid,P22,1,a basketball player dribbling past two defenders and dunking the ball,multi,81,8.473305368423462,5.939094909280539,6.144591741263866,0.7251704911983639,13.7271089553833,-0.11512598525448309,0.012182163436955306,19.845921182632445,1.0,0.958278477191925,0.9354743361473083,0.9336170554161072,0.040971860731951894,1512.14261399605,92.99126434326172,0.1861378401517868,0.6975715160369873,0.6426145633061727,0.6301392316818237,0.441412321767499
S-causvid,P00,2,a horse taking a peaceful walk,general,81,4.131346955895424,2.9862362284213306,2.835060776770115,0.6862314206007484,5.979594779014587,0.6146768385884221,0.002052398973319214,8.878251433372498,0.0,0.9841433763504028,0.9838846325874329,0.974795937538147,0.011106267798459158,445.87508452266894,109.54767608642578,0.21845166385173798,0.5452045798301697,0.7386455237865448,0.6494805812835693,-0.5172825074676282
S-causvid,P07,2,A tranquil tableau of a picturesque barn was painted a warm shade of red and nestled in a picturesque meadow,general,81,0.03570181760005653,0.02339552034973167,0.023040543601382524,0.645342444943226,0.05878717117011547,0.12433726377551753,4.902167809177627e-05,0.08732419796288013,0.0,0.9933854937553406,0.989646852016449,0.988688051700592,0.00628232560120523,1921.9289010943996,135.15487670898438,0.305182546377182,0.8253597617149353,0.710978627204895,0.5852638483047485,-0.18227543109533162
S-causvid,P04,2,a dog running happily,general,81,6.532050290703774,5.98175410926342,3.4745875842869283,0.5319290112176339,10.695147371292114,0.035829962564114616,0.013488511834293605,20.925965118408204,1.0,0.9671215415000916,0.9819890260696411,0.9557682871818542,0.026968588086310773,194.40087515286933,95.4883804321289,0.25754454731941223,0.5879881381988525,0.7138727605342865,0.6784539222717285,0.1528507231949887
S-causvid,P26,2,exactly four red apples rolling across a wooden table,count,81,0.3208698837086558,0.06858810671838,0.3005437971558422,0.9366502615697901,0.48878272026777264,0.12812130052268245,0.00010662535256642514,2.334523069858551,0.0,0.9752516150474548,0.9929668307304382,0.9939994215965271,0.004363323425059207,145.68336971787818,124.1548080444336,0.2545836567878723,0.4648464024066925,0.6162000497182211,0.5827888250350952,-0.6842086915305599
S-causvid,P01,2,a person drinking coffee in a cafe,general,81,0.3440088044386357,0.07446392928250134,0.3102441251743585,0.901846753119793,1.6489364683628074,0.8354352291252479,0.00016019257494690465,2.338128699362278,0.0,0.9776211977005005,0.9835077524185181,0.9929143786430359,0.004679501938517206,110.12583537110673,72.1813735961914,0.22765591740608215,0.5473102331161499,0.5809118151664734,0.5227921009063721,-0.6240843602818824
S-causvid,P18,0,a flock of hundreds of starlings swirling in a murmuration at dusk,fast,81,0.536004014313221,0.3669203879311681,0.3577565893530846,0.6674500793830731,1.0526307523250578,-0.022440330525622883,0.0005494055362305517,1.908272236585617,0.0,0.9413720965385437,0.9820982217788696,0.9888530969619751,0.008789382391842081,377.17982196456444,48.64702224731445,0.2767108678817749,0.6674413681030273,0.6806136171023051,0.6176853775978088,-0.0693199141141081
S-causvid,P15,3,"a cheetah sprinting at full speed across the savanna, dust flying behind it",fast,81,40.427527368068695,31.52859239578247,28.936773663759233,0.715769052223699,68.03418388366698,-0.5009108138820827,0.03366303269431228,87.96613597869873,1.0,0.9441770911216736,0.9644261598587036,0.9062005281448364,0.07782835005782544,2290.2912915625375,61.75334548950195,0.27996349334716797,0.7731953859329224,0.745739201704661,0.717771589756012,0.24888011258188358
S-causvid,P24,1,a panda playing a violin on a stage under spotlights,rare,81,2.609469447284937,1.0166869416832924,2.0671239964663983,0.7921622559922719,4.519329047203064,-0.12745902106367815,0.0020382642283038876,21.70916705131531,1.0,0.9850616455078125,0.9866914749145508,0.9683536887168884,0.016561895760241897,1395.3491469477333,62.7606201171875,0.2895814776420593,0.537420392036438,0.6179224252700806,0.46787434816360474,0.08117363336563077
S-causvid,P25,3,a giraffe wearing sunglasses roller-skating down a boardwalk,rare,81,0.8906796503812074,0.47486739717423915,0.7270408038049936,0.8162755118726597,1.3649856567382812,-0.3347497638800367,0.0008443734293905436,2.3464420229196548,0.0,0.9476052522659302,0.973876416683197,0.9778814315795898,0.01202764343470335,858.3367649295859,86.71581268310547,0.29993936419487,0.6251528263092041,0.6978629231452942,0.6564428210258484,0.1268620470458961
S-causvid,P15,0,"a cheetah sprinting at full speed across the savanna, dust flying behind it",fast,81,50.39044318199158,42.72494537830353,26.609863233566283,0.5280735993804964,76.19426460266112,-0.5914188492960453,0.061326454789377746,88.639972114563,1.0,0.9364013671875,0.9660776257514954,0.9197850823402405,0.06717157824896276,1779.853135504641,56.958309173583984,0.28633907437324524,0.7917137742042542,0.7730869650840759,0.7436552047729492,-0.020207926311305968
S-causvid,P11,0,A person is sweeping floor,general,81,1.1896174358204008,0.0657335521071218,1.15758262174204,0.9730705131042562,3.834312212467192,0.8184577653246433,0.00021235124665963667,14.611846625804901,1.0,0.9524162411689758,0.969394862651825,0.9812065958976746,0.010783353782608173,171.54316286464672,98.62468719482422,0.24012842774391174,0.7607130408287048,0.699746310710907,0.5440477132797241,-0.06531887815537729
S-causvid,P19,0,two dogs playing tug-of-war with a rope toy in a backyard,multi,81,1.230289632640779,0.46250026994384824,1.1360525723546744,0.923401789962567,2.9596327662467945,0.6051972917677694,0.0007436424514253304,8.09289836883545,0.0,0.975314736366272,0.9650875926017761,0.9653381109237671,0.017640293401200324,574.6765823363343,103.6169662475586,0.3035787343978882,0.6984447240829468,0.6006292104721069,0.5927789211273193,0.4164222666207076
S-causvid,P00,1,a horse taking a peaceful walk,general,81,6.65517949461937,5.31772678643465,4.055972680449486,0.6094459321920253,9.485685920715332,0.4366382846150768,0.013367295038187876,14.268458795547485,1.0,0.9836848378181458,0.972862184047699,0.9648999571800232,0.022162356041371824,568.0089159816271,95.58397674560547,0.2150237262248993,0.6128824949264526,0.7510517239570618,0.6737176179885864,-0.05258593953062096
S-causvid,P20,1,a chef tossing vegetables in a flaming wok while a second cook plates dishes beside him,multi,81,1.0162474125623704,0.17402211555163377,0.9815204039216041,0.9658272443907657,2.0878073930740353,0.20945488891177197,0.000541635065377477,12.95289342403412,1.0,0.9641897082328796,0.9750362634658813,0.9700613021850586,0.02286932071438059,393.684143378565,94.36746215820312,0.2531643211841583,0.7689566612243652,0.7077349623044332,0.6364921927452087,0.7330589971459696
S-causvid,P27,2,five yellow rubber ducks floating down a small stream,count,81,0.5994071627035737,0.5268495600670576,0.3254018473438919,0.5428718986344758,1.1012739360332486,0.15722950793419785,0.0007298447280390974,2.463395220041275,0.0,0.975892186164856,0.9732294082641602,0.978681206703186,0.014179412781959399,1006.2850294884274,84.4505386352539,0.25032472610473633,0.745046079158783,0.6016783714294434,0.5851076245307922,0.38601618446850594
S-causvid,P22,0,a basketball player dribbling past two defenders and dunking the ball,multi,81,5.792173212766647,4.0015519939363005,4.079472704231739,0.7043076665822812,10.49120659828186,0.12816355719182312,0.009162520088830206,15.225369358062744,1.0,0.9583978652954102,0.955855667591095,0.9443686008453369,0.029648950521368532,1156.20140728327,130.54783630371094,0.1744268238544464,0.7096176147460938,0.6063412229220072,0.6051431894302368,0.3060554008755245
S-causvid,P03,2,a boat sailing smoothly on a calm lake,general,81,0.12452611960470676,0.09287318906281143,0.07340759043581783,0.5894907925987493,0.2503176361322403,0.2406043783236136,0.00023514113022429228,0.5322797000408173,0.0,0.9785175323486328,0.9774433374404907,0.9832075834274292,0.01193512910977006,1830.147291552224,56.3630256652832,0.23938427865505219,0.7270224690437317,0.7856837809085846,0.7317205667495728,0.4128774807381568
S-causvid,P09,0,a cow chewing cud while resting in a tranquil barn,general,81,0.6791657172143459,0.3191155676729977,0.5280202133581042,0.777453017020356,1.3564749658107755,0.2178489241595708,0.0003448993501933728,3.9504725873470306,0.0,0.9870892763137817,0.9895103573799133,0.9830127954483032,0.009609939454821869,396.9055336740929,91.49520874023438,0.20502278208732605,0.4670581817626953,0.6214376240968704,0.4647950828075409,-0.030455196209976165
S-causvid,P20,3,a chef tossing vegetables in a flaming wok while a second cook plates dishes beside him,multi,81,1.114184557646513,0.18898332382086663,1.0762997180223466,0.965996831170391,1.7963832020759578,-0.1538114913953102,0.0005908905950946064,17.419348120689392,1.0,0.9638832211494446,0.9796218872070312,0.9705552458763123,0.022483902773819862,387.9019298586552,102.93049621582031,0.2509574890136719,0.7014428377151489,0.713054339090983,0.6270889043807983,0.6892483531274332
S-causvid,P13,0,a bear climbing a tree,general,81,1.67715376727283,0.781311178766191,1.2644872918725014,0.7539478863531751,3.728089559078215,0.5592465412397035,0.0017010066136208478,11.71834602355957,1.0,0.9710122346878052,0.972379207611084,0.9476932883262634,0.024983766733203083,2865.184334452107,85.2962875366211,0.25690123438835144,0.6578559875488281,0.7460768520832062,0.6871684789657593,0.6612022618311433
S-causvid,P06,0,A person is reading book,general,81,0.22717314674519,0.13061405257321895,0.14894725158810615,0.6556522990055418,0.6117954552173613,0.624045848986455,0.000251595948668637,2.1554926335811615,0.0,0.974439263343811,0.9947271347045898,0.9942402243614197,0.004788233984436374,131.848152506535,37.61931610107422,0.22147855162620544,0.7680211067199707,0.689412534236908,0.689412534236908,-0.5497052258286059
S-causvid,P10,1,an airplane taking off,general,81,0.9809380188584328,0.8510285288095474,0.29384424136951565,0.2995540351850584,1.2461635291576385,0.4281113428080046,0.00197583887638757,2.2871398121118545,0.0,0.9903365969657898,0.9918832182884216,0.9763506650924683,0.013553287531249226,1365.9601752724293,46.254676818847656,0.2237054407596588,0.6954729557037354,0.6791958808898926,0.6498444080352783,0.219910080157657
S-causvid,P13,3,a bear climbing a tree,general,81,1.1430547200143337,0.6231932301074267,0.801037734374404,0.7007862524535192,2.0069828271865844,0.24935246141927556,0.0010424598937788688,6.022513157129287,0.0,0.9424549341201782,0.9671810269355774,0.9579800367355347,0.021929492661729454,1627.1968711610396,105.05297088623047,0.26995664834976196,0.6972191333770752,0.7746672332286835,0.7379695177078247,0.6566145415750646
S-causvid,P16,2,a surfer riding a large barreling wave and getting wiped out by the whitewater,fast,81,7.472372969985008,4.9041289448738095,5.3638573586940765,0.7178250687451659,11.642033720016478,0.17417210158326274,0.009483828727388755,23.39388999938965,1.0,0.8922816514968872,0.9798228144645691,0.9619938135147095,0.02686438641976565,512.0420351853357,77.82310485839844,0.22459788620471954,0.5793224573135376,0.6253135800361633,0.317903995513916,0.08247107914139429
S-causvid,P12,2,a motorcycle turning a corner,general,81,2.8223085567355155,1.8722061030566692,1.9037412278354169,0.6745331047376035,4.225670456886291,-0.03378555050643044,0.00471391696628416,5.902215969562531,0.0,0.9578235745429993,0.965467095375061,0.9547815918922424,0.020062845502980053,2775.3343870065096,68.22151947021484,0.2068208009004593,0.6374204158782959,0.7741036415100098,0.7166200876235962,0.2405376333694691
S-causvid,P09,3,a cow chewing cud while resting in a tranquil barn,general,81,0.40398147981613874,0.08423797208815813,0.36711337794549764,0.9087358890231552,0.881800189614296,0.2888488783636297,0.00015470142727735947,3.8773157358169557,0.0,0.9879179000854492,0.9918698668479919,0.9849879145622253,0.008891791303176433,402.5021956435224,75.05817413330078,0.20388174057006836,0.4937079846858978,0.6034290641546249,0.450632780790329,-0.00692883317131443
S-causvid,P18,2,a flock of hundreds of starlings swirling in a murmuration at dusk,fast,81,2.184730227664113,1.9736383076757193,0.8837785803712904,0.4045250826190713,4.212853956222533,0.08559892800279291,0.0022867991938255727,5.881401586532593,0.0,0.9452921152114868,0.9730501174926758,0.9855822920799255,0.011453266238095238,326.27467767783173,59.4373893737793,0.27826282382011414,0.6623594164848328,0.757412850856781,0.6756495237350464,-0.2168523780803877
S-causvid,P27,0,five yellow rubber ducks floating down a small stream,count,81,0.25820827127899976,0.18991780518554152,0.22621867163106799,0.8761059217995107,0.45765608251094814,0.09504626338936799,0.0006003091559705354,1.536441820859909,0.0,0.9862527847290039,0.9874393343925476,0.9857164025306702,0.01157629931694828,888.9085965572806,79.04071807861328,0.26330822706222534,0.7197113037109375,0.5827757120132446,0.5252074003219604,0.31885090966207397
S-causvid,P06,2,A person is reading book,general,81,0.17280512037687004,0.06128466152586043,0.14482806648593397,0.8380957003726535,0.642626044154167,0.79008868724426,9.153949782216841e-05,2.7099116519093513,0.0,0.9770415425300598,0.9954760670661926,0.9946938753128052,0.004363507515517995,114.46741985603558,44.19480514526367,0.22730353474617004,0.6990635395050049,0.6808251142501831,0.6808251142501831,-0.6169520493323457
S-causvid,P10,3,an airplane taking off,general,81,1.4193492863327264,1.1854986473917961,0.49442665837705135,0.3483471720392122,1.9908974230289458,0.21793882756301955,0.002803865914756898,4.024697148799897,0.0,0.9887363314628601,0.987203061580658,0.970413863658905,0.013959454826544971,1427.6598443608461,50.790000915527344,0.22311308979988098,0.7222516536712646,0.7088518738746643,0.6978495121002197,0.13640846560668418
S-causvid,P03,0,a boat sailing smoothly on a calm lake,general,81,0.7454693119972944,0.537266144901514,0.4468117577955127,0.5993689495137592,0.9935191780328749,0.38105797448569706,0.0017217865803104359,1.5643351316452025,0.0,0.9795917868614197,0.9756243824958801,0.9791132807731628,0.013115861790720374,1654.6873961254328,60.29173278808594,0.23745468258857727,0.7755864858627319,0.789726197719574,0.7589960098266602,0.25864781059937325
S-causvid,P18,3,a flock of hundreds of starlings swirling in a murmuration at dusk,fast,81,2.1268961653113365,0.9764746384695172,1.7010662533342837,0.7997877288464393,3.6991516113281246,0.7428066518780917,0.00158135459296318,5.038454473018646,0.0,0.9443218111991882,0.9800876975059509,0.9837912917137146,0.011757064564153551,389.3137820699411,26.96935272216797,0.3034427762031555,0.7144361138343811,0.7994143962860107,0.7707409858703613,-0.18031446120557426
S-causvid,P16,1,a surfer riding a large barreling wave and getting wiped out by the whitewater,fast,81,8.695865744352341,5.534878508746624,6.634903311729431,0.7629950534877467,13.455674505233764,0.05787929992694865,0.012085779884364456,28.442053699493407,1.0,0.9293570518493652,0.9762576222419739,0.96537184715271,0.02803369234316051,349.9637185567649,82.24177551269531,0.2210613489151001,0.6021579504013062,0.6204683581988016,0.3216043710708618,0.048817006801850304
S-causvid,P01,1,a person drinking coffee in a cafe,general,81,0.4849276482127607,0.19954031514935194,0.42244158321991565,0.8711417334835845,1.6944166898727406,0.8975164285798833,0.0010058981645670428,2.765502944588661,0.0,0.9657095074653625,0.984439492225647,0.9902181029319763,0.006676743121352047,138.51634833985094,68.17676544189453,0.23540765047073364,0.5193910598754883,0.5534697771072388,0.5031096935272217,-0.32507927295714456
S-causvid,P21,1,three children chasing each other around a fountain in a city square,multi,81,1.0232483610510825,0.32800237234914675,0.8357068426907063,0.8167186557852014,2.5895427584648116,0.7648574543598523,0.00016713496163447416,8.518371093273164,0.0,0.9489473700523376,0.9521961212158203,0.9584965109825134,0.0307675002142787,1108.8786186141592,93.82109069824219,0.29049229621887207,0.7110960483551025,0.6953050494194031,0.611510157585144,1.0277508011667322
S-causvid,P12,3,a motorcycle turning a corner,general,81,2.675598572194576,1.6508801080286504,2.197470549494028,0.8213002320416811,4.338830661773682,-0.26483049981414136,0.0053096640811418185,7.402589809894562,0.0,0.9355648159980774,0.9542165994644165,0.9525863528251648,0.024346697435248643,3095.301593279094,62.911659240722656,0.20598949491977692,0.6595041155815125,0.7797529697418213,0.7386188507080078,0.45618205682089297
S-causvid,P28,0,"two cats sitting side by side on a windowsill, one black and one white, watching birds outside",count,81,0.29107490442693235,0.2442325229756534,0.1068710837746039,0.36715881372939735,0.5820572912693024,0.6570454455618804,0.00014160083999286143,0.9154419161379337,0.0,0.9859834909439087,0.9927404522895813,0.9893853664398193,0.007108481408795342,811.6773760064445,58.4235725402832,0.32327690720558167,0.6904388666152954,0.5251518785953522,0.44407758116722107,-0.1833441123835584
S-causvid,P12,0,a motorcycle turning a corner,general,81,1.3402462873607874,1.086246195808053,0.8595821818336844,0.6413608816372777,1.7516509056091307,0.36906112981555417,0.0004024100514470774,5.673510700464249,0.0,0.963229775428772,0.9748417139053345,0.9703888297080994,0.013063098664861172,1813.4256646379501,67.29765319824219,0.2160319983959198,0.7082532644271851,0.7791904807090759,0.7380866408348083,0.08884097678830294
S-causvid,P17,3,"a red race car drifting around a tight corner on a wet track, tires smoking",fast,81,7.890656280517578,6.094923685491085,5.110264900326729,0.6476348824506958,13.307423257827757,-0.3571123723017239,0.01575890225940384,20.73320083618164,1.0,0.952314555644989,0.9767597317695618,0.9538024067878723,0.023934326448943465,1358.7091158977153,74.99602508544922,0.24241803586483002,0.8281075954437256,0.748635729153951,0.6975576877593994,-0.06025603613700836
S-causvid,P09,2,a cow chewing cud while resting in a tranquil barn,general,81,0.8657571638002992,0.13216438449453563,0.8296814603731036,0.9583293523114645,1.6419175088405609,0.28025824510245934,0.00021217826517272442,6.298902404308319,0.0,0.9849676489830017,0.9826275110244751,0.9777481555938721,0.011112791008781642,357.3549430411205,92.17902374267578,0.20255079865455627,0.4269900619983673,0.5680784285068512,0.37632328271865845,0.055259787883008116
S-causvid,P02,0,a bird soaring gracefully in the sky,general,81,0.4781475684605539,0.3374399430351332,0.23030438926070929,0.48165864012141,0.9536977142095565,0.04451174440672752,0.0006881646271267528,3.03104881644249,0.0,0.9257156252861023,0.9821060299873352,0.9899332523345947,0.006801302105304785,309.6628948741895,37.30162048339844,0.24236300587654114,0.8175730109214783,0.8530373573303223,0.8530373573303223,-0.30401103210308467
S-causvid,P23,0,"an astronaut riding a horse on the moon, with the Earth visible in the sky",rare,81,1.6407563924789428,0.5078532665967941,1.479104533046484,0.9014766837721054,2.137107813358307,0.015207255262152454,0.0008759639665186115,10.382364392280579,0.0,0.9425064325332642,0.9888729453086853,0.9724354147911072,0.014707795600406826,1182.075751840458,16.859846115112305,0.29822343587875366,0.4819576144218445,0.6414079467455546,0.5327414274215698,0.13912044283036096
S-causvid,P15,2,"a cheetah sprinting at full speed across the savanna, dust flying behind it",fast,81,30.699775171279907,25.988131499290468,16.488491010665893,0.537088313565332,50.0666841506958,-0.4109827673757161,0.03788812733255327,56.220135593414305,1.0,0.9457451105117798,0.966526448726654,0.9158651828765869,0.058230786584317684,1955.9811478207014,53.97433853149414,0.28262507915496826,0.795845091342926,0.7567743460337321,0.7269808053970337,0.11009819656326458
S-causvid,P25,2,a giraffe wearing sunglasses roller-skating down a boardwalk,rare,81,2.1098027624189855,1.957388922572136,0.975249269977212,0.4622464360661887,2.7497297406196592,0.059660906011685104,0.008037371683167293,6.041801178455353,0.0,0.9257104992866516,0.9661195874214172,0.9656795859336853,0.01708606934407726,777.7854623258141,89.98393249511719,0.29052844643592834,0.6067357063293457,0.6608402530352274,0.6166606545448303,0.1965671363486603
S-causvid,P12,1,a motorcycle turning a corner,general,81,15.540261352062226,12.068871355056762,11.095600366592407,0.7139905437387933,23.880288887023926,-0.3691381268047868,0.03303551250719465,39.04825201034546,1.0,0.9348966479301453,0.9512285590171814,0.9470769166946411,0.03746667101513594,2174.3776645418257,58.8336296081543,0.22141310572624207,0.6826175451278687,0.7710809707641602,0.7283409833908081,0.036905794469634934
S-causvid,P29,0,a full glass of water tipping over on a table and spilling across the surface,physics,81,0.8143409118056297,0.22579133338294924,0.759359310567379,0.9324821669606339,1.2530600607395173,0.0007807952603475562,0.0007749080261419295,5.464723348617554,0.0,0.9128789901733398,0.9669761657714844,0.9646249413490295,0.022081588266883046,1863.9066926783582,49.41763687133789,0.24885442852973938,0.4661145806312561,0.590160479148229,0.37649258971214294,0.7576607047292043
S-causvid,P17,2,"a red race car drifting around a tight corner on a wet track, tires smoking",fast,81,15.057381780445576,7.595717296749354,12.827876361832022,0.8519326730865258,39.318930053710936,0.4299138991210569,0.021177652462210973,80.06216230392457,1.0,0.926043689250946,0.9583296179771423,0.9364194869995117,0.04138957967516035,1548.6100996932478,89.25867462158203,0.24055469036102295,0.8192654252052307,0.7447540163993835,0.6897525787353516,0.1532310091653195
S-causvid,P28,2,"two cats sitting side by side on a windowsill, one black and one white, watching birds outside",count,81,0.680807140097022,0.07009274403098971,0.6634609216824174,0.9745196665654843,1.3218009054660793,0.1119223435691983,0.0002205995092026569,4.176688301563263,0.0,0.9750035405158997,0.9882352948188782,0.9911283254623413,0.007579621879267506,731.5446732576102,55.694515228271484,0.3277376592159271,0.678651750087738,0.5167776445547739,0.4450904428958893,-0.2683142968990353
S-causvid,P14,1,A tranquil tableau of a bunch of grapes,general,81,0.04563310723751783,0.03458807688439265,0.02556077658664435,0.5601243923455064,0.07203326672315598,0.14109089243959325,8.144047901623708e-05,0.11956726294010878,0.0,0.9949344992637634,0.9978531002998352,0.9962717890739441,0.0034384609301923775,195.18631758943397,116.07970428466797,0.2571839690208435,0.8057563304901123,0.7613245844841003,0.7613245844841003,-0.7902552622244796
S-causvid,P14,0,A tranquil tableau of a bunch of grapes,general,81,0.03657359613571316,0.026891724055167286,0.022735641116742044,0.6216238460263377,0.06279084868729114,-0.05106724275326744,5.1195281940863424e-05,0.08855472598224878,0.0,0.9955348372459412,0.9981150031089783,0.9963899850845337,0.003256730383145623,161.50906980155492,105.95734405517578,0.24813374876976013,0.8006057739257812,0.7729326486587524,0.7729326486587524,-0.839619736288487
S-causvid,P21,2,three children chasing each other around a fountain in a city square,multi,81,1.6985620081424713,1.1107831073924899,1.4344556696712971,0.8445113091447819,2.4939814686775206,0.10153460528925623,0.0005324621731006118,9.333221602439881,0.0,0.952457845211029,0.9543806314468384,0.9556130170822144,0.031049468042328953,1169.221194822221,82.04539489746094,0.2917308807373047,0.7073317766189575,0.6883127689361572,0.5929402112960815,0.8740469936284483
S-causvid,P06,3,A person is reading book,general,81,0.1908695348072797,0.059014020627364515,0.16946717919781804,0.8878645379651058,0.5218275547027588,0.6174257979005918,0.0001579704568030138,2.2435064256191253,0.0,0.9848522543907166,0.9965078234672546,0.992785632610321,0.005185543390689417,220.94522667797676,33.62248229980469,0.22077088057994843,0.6787029504776001,0.6043688654899597,0.6043688654899597,-0.4530313494804439
S-causvid,P18,1,a flock of hundreds of starlings swirling in a murmuration at dusk,fast,81,1.454664346203208,1.066035603173077,0.8831494219601155,0.607115185815903,2.6972573161125184,0.3045274911198901,0.001801709988831135,3.708582103252411,0.0,0.9289167523384094,0.976034939289093,0.9811208844184875,0.013285180559614673,597.1115327181537,47.6341438293457,0.2824350595474243,0.7074453830718994,0.6853793462117513,0.5510967969894409,0.07871165072930175
S-causvid,P14,3,A tranquil tableau of a bunch of grapes,general,81,0.04077983545139432,0.029600709630176424,0.026144147105515003,0.641089051171489,0.0575814340263605,0.1678881477315857,0.00011883428157943854,0.10981284771114588,0.0,0.9953011870384216,0.9978010058403015,0.9962690472602844,0.0033936943393200634,241.88010471619995,95.01766967773438,0.2466743439435959,0.7958316802978516,0.7883886694908142,0.7883886694908142,-0.8007261750243773
S-causvid,P05,1,A person is playing guitar,general,81,2.480959039926529,0.942526332102716,2.1422420594841243,0.8634730205277971,4.76532618999481,0.2702386209290242,0.0013491761525074252,18.10854289531708,1.0,0.9860315322875977,0.9800960421562195,0.9471450448036194,0.02499116227263585,1695.1094988564164,105.77603149414062,0.22428888082504272,0.7378656268119812,0.6304023861885071,0.6304023861885071,0.5130661454958076
S-causvid,P19,1,two dogs playing tug-of-war with a rope toy in a backyard,multi,81,1.4416679579764604,0.3283013613661751,1.3940375259146094,0.9669609088838905,3.175971341133117,0.48322699912406153,0.001028704174586892,12.9580974817276,1.0,0.9570735096931458,0.961254894733429,0.9589768052101135,0.022595467732753605,601.3117570654485,106.2505874633789,0.3097594082355499,0.7532494068145752,0.6577053070068359,0.6419358849525452,0.612781993720279
S-causvid,P27,3,five yellow rubber ducks floating down a small stream,count,81,0.09844630903098732,0.04123158998700092,0.07821720454376191,0.7945083041238052,0.22513827607035636,0.3557423395563929,0.00016008923326040758,1.3599675334990025,0.0,0.9915938377380371,0.9907175302505493,0.9879196882247925,0.010551498143468053,800.921307928211,73.02053833007812,0.2493799924850464,0.7079967260360718,0.5925675829251608,0.5548681020736694,0.30293593780626527
S-causvid,P29,1,a full glass of water tipping over on a table and spilling across the surface,physics,81,1.0752962585538626,0.2419733631890267,1.042636013031006,0.9696258450739642,1.8344414055347436,0.21197352619721274,0.0006185059277868277,8.742938530445098,0.0,0.9284101724624634,0.9643848538398743,0.9621399641036987,0.024298977758735418,1119.705637474581,42.139060974121094,0.2516096830368042,0.4737780690193176,0.6118083794911703,0.43382859230041504,0.777375380381089
S-causvid,P13,2,a bear climbing a tree,general,81,1.2163569938391448,0.4489824877586216,0.981864663027227,0.8072168456986949,1.9574194431304928,0.313343691003319,0.0007840032616513781,7.73919825553894,0.0,0.9640932083129883,0.9706578254699707,0.9588291645050049,0.021175535640213638,2520.4058317748877,93.63916015625,0.2651444971561432,0.6849099397659302,0.7559592425823212,0.7227665781974792,0.6026164172622828
S-causvid,P04,0,a dog running happily,general,81,4.908742520213127,3.6072296522557736,3.5820185363292696,0.7297220809315672,7.035619378089903,-0.05151009721007713,0.008151700152666308,22.096314883232118,1.0,0.9671720862388611,0.9864334464073181,0.9607670903205872,0.021419640665408225,240.62581264400606,89.93046569824219,0.2509762644767761,0.6391291618347168,0.732856810092926,0.6697354316711426,0.05972321481247267
S-causvid,P07,3,A tranquil tableau of a picturesque barn was painted a warm shade of red and nestled in a picturesque meadow,general,81,0.044289021636359394,0.031089782412163914,0.02604722895193845,0.588106033584668,0.07717830687761307,-0.16456669855988837,6.041747718654733e-05,0.09829442463815212,0.0,0.9962015151977539,0.9943260550498962,0.9901250004768372,0.005816070025321096,1540.2360168297992,131.98866271972656,0.3150125741958618,0.8330228924751282,0.6850338578224182,0.5338299870491028,-0.2640461410130506
S-causvid,P00,3,a horse taking a peaceful walk,general,81,0.4171446178108454,0.04596481776679866,0.40893727163784205,0.9803225880303377,0.8306323945522305,0.8241501501997734,9.803376954948817e-05,3.645819643139839,0.0,0.9892368316650391,0.9868764281272888,0.9840612411499023,0.009334471635520458,522.4891853175794,106.3119125366211,0.2368868887424469,0.6384238004684448,0.7716577053070068,0.7160877585411072,0.036375786862199
S-causvid,P10,2,an airplane taking off,general,81,1.175196472927928,1.0790536031126976,0.3672600006684661,0.3125091817577362,1.8092660903930662,-0.025699826904119212,0.0014451680333877448,3.0526212215423585,0.0,0.9874733090400696,0.9908403754234314,0.982028603553772,0.009819670708384364,1175.689345331721,57.78271484375,0.2325206696987152,0.7496706247329712,0.731711745262146,0.7291363477706909,-0.15519013646564872
S-causvid,P08,3,"In a still frame, a stop sign",general,81,0.06513087758794427,0.03776917438954115,0.04784070288296789,0.7345205551363235,0.10559411644935603,-0.027668511873000533,9.976431496738769e-05,0.22432503812015056,0.0,0.9977436065673828,0.9938753247261047,0.9971569776535034,0.002772671218554024,409.23221576480984,115.61447143554688,0.19056740403175354,0.6746558547019958,0.5822390913963318,0.5822390913963318,-1.0158429555554847
S-causvid,P01,3,a person drinking coffee in a cafe,general,81,0.4290194253437221,0.04576212833053432,0.4106181891169399,0.9571063866900074,1.5748794496059417,0.8250996206120466,0.00010922603175913536,5.234033209085465,0.0,0.9711419939994812,0.9900609850883484,0.9909399747848511,0.0067274100234499205,179.85189327667365,73.98170471191406,0.23148836195468903,0.5092689990997314,0.5272942185401917,0.48699235916137695,-0.29582411567955624
S-causvid,P29,2,a full glass of water tipping over on a table and spilling across the surface,physics,81,0.48340044766664503,0.10631372504867613,0.4462808292359114,0.9232095422760668,1.1053023993968958,0.6900970239303262,0.00028184470052110554,4.5754922211170195,0.0,0.9228237271308899,0.9570242166519165,0.9744729399681091,0.018213059939444064,1339.7914199289444,53.903709411621094,0.2532297372817993,0.4683697521686554,0.6119205355644226,0.4346323013305664,0.6789162059401876
S-causvid,P11,1,A person is sweeping floor,general,81,0.8925734508316964,0.06895883408142253,0.8588312757201493,0.9621956744559454,2.9472376465797416,0.6597571097764141,0.00018354457233726862,11.95594346523285,1.0,0.9544939398765564,0.9879565238952637,0.9860209822654724,0.008149894935195334,217.3783847772558,99.14363098144531,0.2337384819984436,0.7177796363830566,0.6726218461990356,0.5251600742340088,-0.26286697191300057
S-causvid,P17,1,"a red race car drifting around a tight corner on a wet track, tires smoking",fast,81,12.907474833726884,5.111103481799364,11.732485935091972,0.9089682666254006,24.149721431732168,0.10878866172449876,0.015036952415539418,73.03686351776123,1.0,0.9159137606620789,0.9507595300674438,0.9316743612289429,0.03371052250731736,1267.9387490810034,78.84904479980469,0.2502899467945099,0.8255846500396729,0.7567062973976135,0.7052227854728699,0.02928061501926793
S-causvid,P04,1,a dog running happily,general,81,13.722578459978104,12.17115780711174,8.032074582576751,0.5853181324985067,20.731993293762205,-0.5365857972374223,0.030503136641345917,38.426996326446535,1.0,0.9714447855949402,0.9797280430793762,0.9429137706756592,0.040233450522646305,307.7289961984978,91.75389862060547,0.23415607213974,0.5899856090545654,0.6972938179969788,0.6483525037765503,0.17396513012895554
S-causvid,P26,3,exactly four red apples rolling across a wooden table,count,81,0.22803084729239345,0.10005603991448879,0.1679287173319608,0.7364265970999853,0.3133054330945015,-0.13213577106919883,0.0002844115130528735,1.2082275927066803,0.0,0.9822484254837036,0.9912296533584595,0.9945025444030762,0.003931839633150957,229.85862847571462,115.7005615234375,0.2404927760362625,0.4850592613220215,0.6197760105133057,0.5652967691421509,-0.7471089783671907
S-causvid,P23,1,"an astronaut riding a horse on the moon, with the Earth visible in the sky",rare,81,1.675050001591444,0.6217424890026451,1.473819614946842,0.8798655166598423,2.324295389652252,-0.2925306622235379,0.0017652640781307127,11.549498224258423,1.0,0.9436196684837341,0.9863533973693848,0.9685691595077515,0.0173514308873564,1243.3507110201044,20.144264221191406,0.30190759897232056,0.5529975891113281,0.6740918954213461,0.5815098285675049,0.2971129898304534
S-causvid,P07,0,A tranquil tableau of a picturesque barn was painted a warm shade of red and nestled in a picturesque meadow,general,81,0.4877137692645192,0.16375443446449936,0.45112574435770514,0.9249786407699098,0.750081193447113,0.06006730599051021,0.00038286034507564184,3.6519415378570557,0.0,0.9930940866470337,0.9916203618049622,0.9803177118301392,0.009767638595076279,1183.7589024561628,131.58168029785156,0.30271369218826294,0.8207861185073853,0.6849790215492249,0.5507940053939819,0.054258028531158686
S-causvid,P21,0,three children chasing each other around a fountain in a city square,multi,81,1.4184315234422684,0.4083991082385182,1.2634122729301454,0.8907101691831502,2.3348453402519227,0.11337583947007954,0.0006884828788315644,10.224860656261445,0.0,0.9558626413345337,0.9595407843589783,0.9550610780715942,0.03254398093558848,945.8855520356708,96.4372329711914,0.32271575927734375,0.7531193494796753,0.7276432315508524,0.6562798619270325,0.9830174477257034
S-causvid,P16,0,a surfer riding a large barreling wave and getting wiped out by the whitewater,fast,81,3.692215420305729,1.9912188045680523,2.868083234131336,0.7767917444811776,6.004736042022705,0.2623539142708264,0.0032777248205093203,15.226563596725464,1.0,0.9117885828018188,0.9669218063354492,0.9671333432197571,0.024986309185624122,717.5139630077456,71.72595977783203,0.21833747625350952,0.5919693112373352,0.6057949960231781,0.3159206211566925,0.3440631140564667
S-causvid,P05,2,A person is playing guitar,general,81,2.288689573854208,0.7997087460942567,1.9712712358683349,0.861309631973827,4.862384724617003,0.12977773782041707,0.001323624113774713,18.657914304733275,1.0,0.9904792904853821,0.9880887866020203,0.9544030427932739,0.022033132310025395,1500.6789930615898,99.65599822998047,0.2343464195728302,0.7356599569320679,0.641284704208374,0.641284704208374,0.41921846123270035
S-causvid,P08,0,"In a still frame, a stop sign",general,81,0.05383001833688468,0.03612005108734593,0.03563335940707475,0.6619484547751718,0.09806628525257109,-0.005730286867663164,7.447694000575211e-05,0.15000985004007816,0.0,0.9873040318489075,0.9860270619392395,0.9966869354248047,0.0031109354124055242,765.4753002994812,115.8477783203125,0.1480448842048645,0.6602100133895874,0.6158238649368286,0.6158238649368286,-0.8947396873505182
S-causvid,P02,1,a bird soaring gracefully in the sky,general,81,0.5007315038237721,0.35301840470638124,0.2501410079188645,0.49955017101685734,1.2710525572299958,0.10745595513511288,0.0007902848405137774,3.474552720785141,0.0,0.9286799430847168,0.9716235995292664,0.988456130027771,0.007724180514924228,319.79610008579795,39.088165283203125,0.24364051222801208,0.828493595123291,0.8556796312332153,0.8556796312332153,-0.185359190808426
S-causvid,P22,3,a basketball player dribbling past two defenders and dunking the ball,multi,81,1.8243937477469445,0.27123757581575775,1.8087981227785348,0.9914510689160496,3.2539532899856565,0.113297368261423,0.0005928117160721059,13.190592718124389,1.0,0.9661858677864075,0.9609028100967407,0.94782954454422,0.028069845179561525,1716.8721909972128,97.9940414428711,0.2101363241672516,0.6856586933135986,0.606763501962026,0.6042472124099731,0.7473994116752394
S-causvid,P20,0,a chef tossing vegetables in a flaming wok while a second cook plates dishes beside him,multi,81,1.1851073957979679,0.22714000755222513,1.0807861572131514,0.9119724077943324,2.2392258644104004,0.2463671170763123,0.0005534662514946831,14.708637905120849,1.0,0.9600330591201782,0.9825569987297058,0.9703118205070496,0.022300127299968154,589.8509303293091,88.63156127929688,0.2509223222732544,0.7614200115203857,0.7361715237299601,0.6530957221984863,0.6623876443454035
S-sf,P23,2,"an astronaut riding a horse on the moon, with the Earth visible in the sky",rare,81,0.2566370775923133,0.2177452347241342,0.09431638335809112,0.3675073638445772,0.3767606645822525,0.4824884832052941,0.0004540302331406565,0.49195633754134177,0.0,0.974679172039032,0.9914636611938477,0.9890868067741394,0.007031764398561791,1052.2451985675984,52.12602615356445,0.29440557956695557,0.5729891061782837,0.6779649257659912,0.6090457439422607,-0.17890904610314973
S-sf,P07,1,A tranquil tableau of a picturesque barn was painted a warm shade of red and nestled in a picturesque meadow,general,81,0.8294987931847573,0.6004038762301207,0.5629480364033952,0.6786596464865036,1.4409763634204864,0.7847103205690368,0.0011394772128824116,4.742403531074524,0.0,0.9944228529930115,0.9955774545669556,0.9821829795837402,0.008642708166735246,955.3118712895978,91.23663330078125,0.29424867033958435,0.7895640134811401,0.6937482357025146,0.5995004177093506,-0.18500055866955556
S-sf,P21,3,three children chasing each other around a fountain in a city square,multi,81,0.5609150191769003,0.06077377919573337,0.5324947715736925,0.9493306544446461,1.2815000236034393,0.8892262861875521,0.000135510173208786,8.106254947185516,0.0,0.959682285785675,0.9733999371528625,0.9758723378181458,0.016348473820835353,1033.9130902753209,40.48979187011719,0.29736626148223877,0.6711790561676025,0.7161773641904196,0.6342207789421082,0.5421224239796247
S-sf,P24,2,a panda playing a violin on a stage under spotlights,rare,81,0.9110652204602957,0.18900496629066765,0.8800379041582346,0.9659428528846292,1.4644367277622221,0.6004204529047809,0.00040273487941249185,8.863479316234589,0.0,0.9849929809570312,0.9957337379455566,0.9732946157455444,0.012994105753023177,479.0348580013876,54.29755783081055,0.31617021560668945,0.5939809679985046,0.6503143906593323,0.5580519437789917,0.19808114773829733
S-sf,P05,3,A person is playing guitar,general,81,1.1539907168596983,0.47838365021161733,0.9306918833404779,0.8064978888003846,1.9410981178283688,0.14852441402120073,0.000894646190477033,9.033780813217163,0.0,0.9945120215415955,0.9943462610244751,0.9779043793678284,0.012262614094652236,474.9070668524796,61.87226486206055,0.22666805982589722,0.7242934703826904,0.6266435384750366,0.6266435384750366,0.0724955976792705
S-sf,P29,3,a full glass of water tipping over on a table and spilling across the surface,physics,81,0.6539991430938243,0.25627016988582907,0.5707740986719727,0.872743079186281,1.1433365762233734,0.7623550660885096,0.0009077793949472835,6.438890290260315,0.0,0.9402033090591431,0.9688100814819336,0.9778480529785156,0.014619832520838826,737.4745121856952,25.613325119018555,0.2600048780441284,0.5111981630325317,0.6419925689697266,0.5211509466171265,0.39762742054022304
S-sf,P24,0,a panda playing a violin on a stage under spotlights,rare,81,1.3244255308061839,0.680335846543312,0.945469563268125,0.7138709028220794,2.4520510554313657,0.8414939512730543,0.0008932163422286976,11.249665653705597,0.0,0.9781498312950134,0.9922592043876648,0.9764267206192017,0.011139302141964435,463.2025448935271,55.6764030456543,0.3156735897064209,0.6410837173461914,0.6695943276087443,0.5920155048370361,-0.06662273240586547
S-sf,P08,2,"In a still frame, a stop sign",general,81,0.26554391444660724,0.22987853214144707,0.07824105550535024,0.29464339646045856,0.6726273506879806,0.7102427113935125,0.00028134736078300193,0.5075945153832435,0.0,0.994942307472229,0.9802317023277283,0.9895538687705994,0.00623518256470561,899.9474014530099,101.32184600830078,0.16027849912643433,0.6582721471786499,0.5914192199707031,0.5914192199707031,-0.3031135797964781
S-sf,P25,0,a giraffe wearing sunglasses roller-skating down a boardwalk,rare,81,4.615081492066383,2.705514526646584,3.6707613691687584,0.7953836958448799,9.16237506866455,0.6293965558415584,0.014814712346742453,26.92714672088623,1.0,0.906387984752655,0.9745228886604309,0.9493293762207031,0.02632197275524959,673.9077631554959,68.12158966064453,0.32000240683555603,0.7314541935920715,0.7577817837397257,0.689867377281189,0.29462958823558605
S-sf,P23,3,"an astronaut riding a horse on the moon, with the Earth visible in the sky",rare,81,0.3367038516327739,0.14833013204624876,0.28188204653561116,0.8371784521924411,0.4773024961352348,0.6031912675377018,0.0007288714009973773,2.0548358500003814,0.0,0.9733125567436218,0.9932279586791992,0.9878795146942139,0.007740512653253972,849.4283189874328,42.808204650878906,0.30497199296951294,0.4356772005558014,0.6025489270687103,0.49720504879951477,-0.11781149934239465
S-sf,P06,1,A person is reading book,general,81,0.8253929283469915,0.37750819106586275,0.637301262281835,0.7721177008875655,1.9468815505504604,0.44288429900088805,0.0011526817615504115,10.624192893505096,0.0,0.9527916312217712,0.9929208159446716,0.9831839799880981,0.010068882681662217,279.4050525059346,50.03628158569336,0.2151258885860443,0.7827037572860718,0.731148362159729,0.731148362159729,-0.03101298508325634
S-sf,P28,3,"two cats sitting side by side on a windowsill, one black and one white, watching birds outside",count,81,0.38634706987068057,0.0966493661981076,0.33355568246915934,0.8633553742893241,0.7541264921426771,0.5904042742338772,0.00020643402779114696,8.505345141887664,0.0,0.9842213988304138,0.9911991357803345,0.9870344996452332,0.010778684428078122,564.9097869141646,45.6015510559082,0.31152963638305664,0.7114306688308716,0.5289569695790609,0.4520745277404785,0.19263927916374435
S-sf,P11,2,A person is sweeping floor,general,81,5.855540288984775,0.06914943067822606,5.830637619644404,0.9957469910788231,16.53046360015869,0.38049609938456663,0.0001573510760181307,77.52814407348633,1.0,0.9276466369628906,0.9530048370361328,0.9567634463310242,0.025541745766531676,251.64313504071592,60.36898422241211,0.24869465827941895,0.7554765343666077,0.661440372467041,0.5116287469863892,0.1516984510118169
S-sf,P19,2,two dogs playing tug-of-war with a rope toy in a backyard,multi,81,2.173704667761922,0.57435662294738,1.8588536385446788,0.8551542493140668,4.195887732505798,0.37239159347543827,0.000765308935012854,19.021445178985594,1.0,0.9647440314292908,0.9785708785057068,0.9554041028022766,0.021949422487523407,406.72190967919715,76.52300262451172,0.29481539130210876,0.6914899945259094,0.5528700053691864,0.543075442314148,0.4355323582592536
S-sf,P13,1,a bear climbing a tree,general,81,2.7411428090184926,1.6680829526856542,1.6342086679302157,0.5961776476497117,6.508505702018737,0.9410309822558021,0.002313624148564486,11.93689980506897,1.0,0.9237655997276306,0.9670678973197937,0.9371359348297119,0.021790244278963655,1377.5267356450397,64.04055786132812,0.24212154746055603,0.6706699132919312,0.7286374270915985,0.6943886876106262,0.33526056407552085
S-sf,P03,3,a boat sailing smoothly on a calm lake,general,81,0.3313095553778112,0.13927724397508429,0.2509424531832337,0.7574236591921154,0.6029209017753601,0.3338570197647736,0.0003907912853946982,2.145791766047478,0.0,0.9626396298408508,0.9873153567314148,0.9820635318756104,0.011283652606653049,1113.8348795458055,48.134334564208984,0.2790858745574951,0.7648871541023254,0.821690708398819,0.799895167350769,0.26132108225351214
S-sf,P01,0,a person drinking coffee in a cafe,general,81,0.7307585576549173,0.11056079905247315,0.6733099522069097,0.9213837098041259,2.4176370501518227,0.6406607301747048,0.00036246227765559527,13.392162668704987,1.0,0.9690960049629211,0.9873668551445007,0.9872203469276428,0.007558907588827424,140.77540278394775,60.50563049316406,0.2353488802909851,0.4981873631477356,0.6004341542720795,0.5337909460067749,-0.28760692759618856
S-sf,P27,1,five yellow rubber ducks floating down a small stream,count,81,0.1801686083432287,0.11828384251566604,0.10600568817462772,0.5883660909818019,0.4156465962529182,0.12044565897999898,0.00031484116334468126,1.2851717740297317,0.0,0.9901050925254822,0.9906255006790161,0.9794932007789612,0.016034385922830553,618.5247421392228,64.97168731689453,0.25605177879333496,0.6977629661560059,0.5692522327105204,0.5413901209831238,0.6808020881476535
S-sf,P14,2,A tranquil tableau of a bunch of grapes,general,81,0.1235674348194152,0.09199660365702585,0.05996607161359861,0.4852863249521121,0.41080795526504515,0.8438306835247859,0.00021794390582954292,0.3627790085971355,0.0,0.9956188201904297,0.998937726020813,0.9959120154380798,0.0032140120238182135,444.86080839281306,81.15496826171875,0.2554002106189728,0.7815461158752441,0.781505823135376,0.781505823135376,-0.8983791107900663
S-sf,P03,1,a boat sailing smoothly on a calm lake,general,81,0.9198923010379076,0.6784730389714241,0.5410705261863769,0.5881883535578438,1.3681173384189607,-0.13056558446820132,0.001115070714331523,4.632552856206894,0.0,0.9799043536186218,0.9815568923950195,0.9837479591369629,0.008865680417511613,539.2237014014083,52.89338684082031,0.26358768343925476,0.7779428362846375,0.8113056421279907,0.7964428663253784,-0.18679643531026446
S-sf,P24,3,a panda playing a violin on a stage under spotlights,rare,81,0.7260101834312082,0.2830564572010189,0.6330874197185039,0.8720078067206397,1.3435482740402216,0.789973095671729,0.0005171433236682788,7.532136178016662,0.0,0.9835150837898254,0.9956621527671814,0.9826053380966187,0.009061181562719867,553.1573832483222,53.39408874511719,0.3210245370864868,0.7003469467163086,0.7163309454917908,0.6317269206047058,-0.10480285807996204
S-sf,P02,2,a bird soaring gracefully in the sky,general,81,2.6071133833378553,1.4831186721101404,1.5716705290600657,0.602839115577229,4.240257549285888,0.7379414181412107,0.0023904588832010633,21.98326368331909,1.0,0.8880777359008789,0.9711355566978455,0.9650049209594727,0.018955555674619973,171.91983654654982,53.776981353759766,0.23657184839248657,0.8171751499176025,0.8791708946228027,0.8791708946228027,0.21652759601743066
S-sf,P10,0,an airplane taking off,general,81,3.3090243116021156,1.0755191559903323,3.1858807399868967,0.962785243381654,6.349257683753967,0.7979012350947006,0.0018263384472447797,24.159535622596742,1.0,0.9683914184570312,0.9793466925621033,0.9769154787063599,0.011226730025373399,412.2582832394651,33.55552291870117,0.21421541273593903,0.6794953942298889,0.6837668120861053,0.666389524936676,-0.4077551322471198
S-sf,P20,2,a chef tossing vegetables in a flaming wok while a second cook plates dishes beside him,multi,81,1.4825181487947703,0.25260953227989374,1.384738054126501,0.9340439583881521,3.074741530418396,-0.007175606149542932,0.0005788160897282069,20.5538822889328,1.0,0.9703108072280884,0.9791914224624634,0.9676426649093628,0.02251960919238627,330.6243812694283,69.94241333007812,0.28357475996017456,0.708479106426239,0.7308323979377747,0.6692690253257751,0.600039109075678
S-sf,P16,3,a surfer riding a large barreling wave and getting wiped out by the whitewater,fast,81,12.823348408937454,10.20703770518303,6.329541762173176,0.49359504762162165,22.190136623382564,0.7744329386388484,0.005179131892509759,24.83101921081543,1.0,0.8747228980064392,0.9663333892822266,0.9479443430900574,0.032368814060464504,332.7619278047707,60.35198974609375,0.23470480740070343,0.5661123991012573,0.6377184391021729,0.36983251571655273,-0.007902623282134869
S-sf,P28,1,"two cats sitting side by side on a windowsill, one black and one white, watching birds outside",count,81,0.27208678363822403,0.07517149280756712,0.22665193064603956,0.8330103160655045,0.8515933692455286,0.6780636561799721,0.00014217305681540893,5.325408637523651,0.0,0.984470546245575,0.9899947047233582,0.9900319576263428,0.007972999251796864,670.2842624802475,66.00991821289062,0.3114210367202759,0.7305779457092285,0.5398582220077515,0.4488598108291626,-0.060210932831740394
S-sf,P00,0,a horse taking a peaceful walk,general,81,1.59817601069808,0.9599311312660574,1.2060739181935787,0.7546560300393562,2.643851375579834,0.6835093701836291,0.0014682731678476557,4.974834382534027,0.0,0.9770854115486145,0.9821349382400513,0.9741068482398987,0.010857546259649098,249.80055670723445,63.7144660949707,0.1928018480539322,0.5922552347183228,0.7288943529129028,0.6562879085540771,-0.15518275756681188
S-sf,P04,3,a dog running happily,general,81,3.729589980840683,2.065667676925659,3.1278579354286196,0.8386597756957178,6.989311170578001,0.17384383326149885,0.005771578651911113,17.87333025932312,1.0,0.9340206384658813,0.9682416915893555,0.9573471546173096,0.023493790160864593,92.3864993953466,41.19810485839844,0.24191948771476746,0.6449390649795532,0.7459921836853027,0.6809713244438171,0.2779885298400555
S-sf,P25,1,a giraffe wearing sunglasses roller-skating down a boardwalk,rare,81,10.235055232048035,8.545393842458726,7.168199342489243,0.7003575925693656,15.618700456619262,0.7364452326597873,0.019209287042031065,36.6984760761261,1.0,0.9002496004104614,0.9585403800010681,0.9322123527526855,0.036732389801181854,520.213991770857,66.47505187988281,0.24788618087768555,0.7257544994354248,0.7228085597356161,0.6895548105239868,0.23576363112109533
S-sf,P15,1,"a cheetah sprinting at full speed across the savanna, dust flying behind it",fast,81,39.327482509613034,33.77410893440246,19.569252097606658,0.49759736324911913,57.57618675231933,-0.40794795872471606,0.047075609280727806,67.2514877319336,1.0,0.9643800854682922,0.9803706407546997,0.9116057753562927,0.05400099232792854,732.7967113470687,45.34121322631836,0.2890097200870514,0.7572640180587769,0.7823577125867208,0.7638479471206665,-0.10140290755275227
S-sf,P26,0,exactly four red apples rolling across a wooden table,count,81,0.8834706204012036,0.1500277770217508,0.8499139307066799,0.9620161090411885,1.292683482170105,0.6930296213999427,0.0001138080307441669,7.26510580778122,0.0,0.9685239791870117,0.981860339641571,0.9891736507415771,0.006970524185453542,170.60578875887586,93.60629272460938,0.2596336007118225,0.406482994556427,0.5710907975832621,0.5065733194351196,-0.4164351103993438
S-sf,P05,0,A person is playing guitar,general,81,1.2439619854092598,0.5350636306218803,1.0741665218025447,0.8635036045297982,2.5923023462295522,0.37093745208606926,0.0008977646454013666,12.055305743217469,1.0,0.9925692677497864,0.9934134483337402,0.9734017848968506,0.012638156994944439,458.7904596708309,70.2737808227539,0.22114506363868713,0.7184860706329346,0.6041629910469055,0.6041629910469055,0.07952446352793796
S-sf,P02,3,a bird soaring gracefully in the sky,general,81,0.7734134070575237,0.5143705234397202,0.4001335272565484,0.5173598055651268,1.2052769541740413,0.4560729810148386,0.0014415555539017077,5.530769330263138,0.0,0.9320187568664551,0.9668235778808594,0.9834921956062317,0.00931470085051842,565.635302585309,61.714908599853516,0.23636314272880554,0.7243779897689819,0.7619731426239014,0.7619731426239014,-0.09252863804637279
S-sf,P11,3,A person is sweeping floor,general,81,3.243994630128145,0.08242376032285392,3.2179390508681536,0.9919677514303673,6.605295848846433,0.7401927825213661,0.00022532982809480017,44.60754714012146,1.0,0.9247297644615173,0.9721269011497498,0.9634736776351929,0.021431807678891347,205.98242694429146,58.4339599609375,0.2440306544303894,0.7133116722106934,0.6947973370552063,0.545852780342102,0.2473779397705287
S-sf,P09,1,a cow chewing cud while resting in a tranquil barn,general,81,0.606554513052106,0.2740919389529154,0.47680367194116113,0.7860841451130318,0.9279807150363921,0.7110273681699447,0.0004506544449213834,3.035209584236145,0.0,0.9863240122795105,0.9934051632881165,0.9831099510192871,0.008121855807257817,438.08324387243147,69.831787109375,0.19657433032989502,0.43204379081726074,0.6158637702465057,0.4738214612007141,-0.1736843885240571
S-sf,P19,3,two dogs playing tug-of-war with a rope toy in a backyard,multi,81,0.8113496161997318,0.17669777375413104,0.7111673440784216,0.876522837203777,1.1725826501846313,0.5991727371678229,0.0002564082696153491,8.902189898490906,0.0,0.9764403700828552,0.986308217048645,0.9693546295166016,0.018285290920175612,535.1748500468041,76.43721771240234,0.3129606544971466,0.71413654088974,0.5608117282390594,0.5600083470344543,0.5699557597077423
S-sf,P08,1,"In a still frame, a stop sign",general,81,0.8283349567558617,0.05404623812064528,0.800492964615114,0.9663868362665392,3.1950401544570886,0.747729821260778,0.00010023964289302967,20.444528672099114,1.0,0.9694805145263672,0.978587806224823,0.99154132604599,0.005998974561225623,471.844350490287,90.27510070800781,0.17267562448978424,0.5460014939308167,0.5595411658287048,0.5595411658287048,-0.5497172502314713
S-sf,P17,0,"a red race car drifting around a tight corner on a wet track, tires smoking",fast,81,43.840124094486235,26.889003713428973,35.40344064235687,0.8075579293182619,88.11008605957029,0.785817422764397,0.0320033849493484,132.18692436218262,1.0,0.8456469774246216,0.9334670901298523,0.9217498898506165,0.04397554062306881,395.1625139867695,82.26333618164062,0.22020947933197021,0.841612696647644,0.8298116525014242,0.7727429866790771,-0.3667332405567838
S-sf,P22,2,a basketball player dribbling past two defenders and dunking the ball,multi,81,2.14417472332716,0.18187026265077294,2.0742673866450785,0.9673961719081478,4.8363477945327755,0.8820185126576421,0.00019125941557831538,16.346849393844604,1.0,0.9390355944633484,0.9479470252990723,0.9589628577232361,0.022825434035621584,1374.0472888300033,50.16899490356445,0.23249343037605286,0.6447953581809998,0.6890395283699036,0.563870370388031,0.4799500914571797
S-sf,P26,1,exactly four red apples rolling across a wooden table,count,81,0.4349883522838354,0.09113134262152016,0.3872742626816034,0.8903074538452211,0.6828470170497893,-0.2436063913607001,0.00010791656369519842,6.2785727143287655,0.0,0.986820638179779,0.9979786276817322,0.9935699105262756,0.005049458690336905,487.85023707559674,80.10003662109375,0.2231573760509491,0.48983234167099,0.5937542915344238,0.5136772394180298,-0.5850403830882058
S-sf,P22,1,a basketball player dribbling past two defenders and dunking the ball,multi,81,3.7815335504710674,2.3351353464648126,2.307089348137379,0.6100934203681898,8.972262239456168,0.29291617124842284,0.0027110649751193707,16.47047839164734,1.0,0.9154348373413086,0.9454094767570496,0.9398244023323059,0.02826565968571231,931.7769005566772,86.04474639892578,0.24242077767848969,0.71165531873703,0.7106913526852926,0.6435068249702454,0.4567177356697498
S-sf,P00,2,a horse taking a peaceful walk,general,81,1.3491170667111874,0.9824100349098444,0.8314044486731291,0.6162577384349209,2.098731410503387,0.8212718147137691,0.0013864017919331673,3.117823964357376,0.0,0.9884878396987915,0.9898774027824402,0.9780927896499634,0.009471901948563755,313.98539152235793,83.82974243164062,0.21142417192459106,0.6194766759872437,0.7222955524921417,0.6372669339179993,-0.23473052343369716
S-sf,P07,2,A tranquil tableau of a picturesque barn was painted a warm shade of red and nestled in a picturesque meadow,general,81,0.40410668107215314,0.3914634587243199,0.09783331048674881,0.24209713170307384,0.8719934612512589,0.8081675788006911,0.0005181820641496415,1.5257176622748374,0.0,0.9961784482002258,0.9965276718139648,0.9798812866210938,0.009868437837576493,1472.234474063815,118.15851593017578,0.2938311696052551,0.7856149673461914,0.6741131544113159,0.5036511421203613,0.09722266693651438
S-sf,P04,2,a dog running happily,general,81,3.6332668915390967,2.114695851504803,2.923320032656193,0.8045979872455369,5.0156262636184685,0.38023113692984506,0.01002837399719283,18.367153382301332,1.0,0.9208483695983887,0.9725141525268555,0.9549925327301025,0.02675645804265514,101.09733192750723,59.55465316772461,0.24251559376716614,0.5745722651481628,0.709227442741394,0.6169673204421997,0.41965567525284575
S-sf,P26,2,exactly four red apples rolling across a wooden table,count,81,0.10158228892832995,0.046122886572266,0.0789126225747168,0.7768268128273739,0.2765589356422424,0.789825963542805,0.00015931471647263608,1.033898487687111,0.0,0.9972139596939087,0.9983839392662048,0.9968737363815308,0.0025947298461687753,116.95753318471536,80.62916564941406,0.2661893963813782,0.43597233295440674,0.5730974674224854,0.5237637758255005,-1.101170659686149
S-sf,P01,2,a person drinking coffee in a cafe,general,81,0.411658484628424,0.05924760205671191,0.38993800822645425,0.9472343594328303,1.024444544315338,0.646654194333995,0.00015500491305147078,4.572972965240479,0.0,0.9677683711051941,0.9799745678901672,0.9904795289039612,0.005789921572431922,218.61448840772962,41.543060302734375,0.2960730195045471,0.5078511834144592,0.578978031873703,0.5529956221580505,-0.4389612425311098
S-sf,P18,0,a flock of hundreds of starlings swirling in a murmuration at dusk,fast,81,1.6795798897743226,1.0735854277387262,1.0135088060051203,0.6034295889978247,2.928982603549957,0.6573181027217996,0.0012972460246601259,10.030473828315735,0.0,0.974819004535675,0.9810604453086853,0.9694184064865112,0.02457356103695929,338.73198791523737,43.85691452026367,0.24891790747642517,0.6744811534881592,0.7971815466880798,0.7553809881210327,0.6441356598332852
S-sf,P15,3,"a cheetah sprinting at full speed across the savanna, dust flying behind it",fast,81,13.16908940076828,13.012696701288224,5.952634045481682,0.45201558075221415,17.006466007232664,0.3950394102130938,0.007991325269904337,33.29990339279175,1.0,0.964857280254364,0.9810449481010437,0.9309301376342773,0.035294736619107425,821.5472159811798,62.3997802734375,0.2745431959629059,0.7690575122833252,0.7701391577720642,0.7613635063171387,0.06466723685251763
S-sf,P24,1,a panda playing a violin on a stage under spotlights,rare,81,0.8549107613041997,0.10963095689658076,0.8264830376952886,0.9667465990109412,1.6809275507926937,0.5876310617698929,0.00021175229705931996,11.856363427639007,1.0,0.9805564880371094,0.9903632998466492,0.9768796563148499,0.011568671610439197,530.2523988301721,68.0053939819336,0.3231174945831299,0.6729617118835449,0.6891852815945944,0.6046995520591736,0.09875631621793879
S-sf,P25,3,a giraffe wearing sunglasses roller-skating down a boardwalk,rare,81,4.247276224195957,3.7447642788290976,2.2989500768482687,0.5412762001386613,5.334775471687316,0.2512738793770555,0.0028806379212255708,14.70108392238617,1.0,0.9101590514183044,0.9643191695213318,0.9588391780853271,0.019460779416840525,906.6770008153214,69.48186492919922,0.33813896775245667,0.716445803642273,0.7443777124087015,0.716487467288971,0.03094012806280011
S-sf,P15,0,"a cheetah sprinting at full speed across the savanna, dust flying behind it",fast,81,35.34198355674744,29.740645706653595,18.255919921398164,0.516550503610946,48.33038444519043,-0.45295044947429847,0.044056145125068724,59.66952209472656,1.0,0.9643021821975708,0.9798986315727234,0.9313377737998962,0.04736939379945397,628.3074237554572,77.29016876220703,0.2849712371826172,0.7375369071960449,0.7817888259887695,0.749309778213501,-0.1735973978595764
S-sf,P11,0,A person is sweeping floor,general,81,1.605463967844844,0.32690479839220643,1.4192794008180498,0.8840301278720972,3.9867025732994077,0.5547640767407627,0.0007908742377367162,35.3024653673172,1.0,0.9352210164070129,0.9692088961601257,0.974208414554596,0.016954895202070476,445.0325845014186,39.535125732421875,0.2272019237279892,0.7842571139335632,0.6498447358608246,0.48752927780151367,0.288896796956406
S-sf,P19,0,two dogs playing tug-of-war with a rope toy in a backyard,multi,81,1.6466894708573818,0.7200337314978242,1.553070092573762,0.9431463411366713,3.166055643558502,0.20129050770898185,0.0015633732282367419,11.334875082969665,1.0,0.9697832465171814,0.9809465408325195,0.9661349654197693,0.01765631316229701,267.4255071119051,55.07119369506836,0.32111138105392456,0.6851169466972351,0.49460911750793457,0.45322710275650024,0.32055608472461383
S-sf,P00,1,a horse taking a peaceful walk,general,81,3.5140404507517813,2.5670886974781753,2.4406221702694895,0.6945342576273116,5.776645374298096,0.5658188808191518,0.003511407423138735,10.447737312316894,0.0,0.9716569185256958,0.971400260925293,0.956479549407959,0.014936481916811318,333.21914531341855,56.306663513183594,0.21141113340854645,0.6491034030914307,0.7438273429870605,0.6703411936759949,-0.14854577367461186
S-sf,P20,1,a chef tossing vegetables in a flaming wok while a second cook plates dishes beside him,multi,81,3.055475616455078,0.47621610374189915,2.9715928554534914,0.9725464235105462,5.218047332763671,0.24309127642057748,0.001557830510319036,39.05866737365723,1.0,0.9636062979698181,0.9851142764091492,0.9439226984977722,0.038778963452205065,511.5665195884933,77.71821594238281,0.2690696120262146,0.7401925325393677,0.7300260464350382,0.6485944986343384,0.8660461742051857
S-sf,P27,2,five yellow rubber ducks floating down a small stream,count,81,0.5212066566571594,0.13075957425171508,0.4708576021715999,0.9033973238066246,0.8595463007688521,0.6062292294747524,0.0004019338500597769,5.961472451686859,0.0,0.9868723154067993,0.990694522857666,0.9788942337036133,0.015293811447918415,490.9218631717003,71.88973236083984,0.24619874358177185,0.686042308807373,0.5655250151952108,0.5247398614883423,0.49000822524898613
S-sf,P22,0,a basketball player dribbling past two defenders and dunking the ball,multi,81,4.5463742688298225,1.7602941488847137,3.620439884066582,0.7963354694647623,9.827352333068847,0.2975465842101101,0.002087177702742338,27.627165174484254,1.0,0.9189058542251587,0.9125915765762329,0.9289832711219788,0.03515219632536173,1225.548944654031,91.35325622558594,0.23211264610290527,0.632036030292511,0.6991010109583536,0.6711345911026001,0.5908633701668045
S-sf,P03,2,a boat sailing smoothly on a calm lake,general,81,0.5754526913166046,0.21289131108205767,0.5054124558344484,0.8782851921204885,0.7980780959129333,0.2395251159407342,0.0003799224433805648,4.328469932079315,0.0,0.9835315942764282,0.9866837859153748,0.9849987626075745,0.009754134685499594,620.4459511755016,47.899715423583984,0.2262020707130432,0.6804236769676208,0.8043315708637238,0.7698488831520081,0.020479531704594933
S-sf,P09,0,a cow chewing cud while resting in a tranquil barn,general,81,0.4050692410208285,0.19343135161325337,0.31917728343978524,0.787955399131316,0.9257265150547023,0.5157149277218875,0.00032385842005169254,3.5650332480669022,0.0,0.9927350878715515,0.9973278045654297,0.9875335097312927,0.007166592017165385,311.13906915558084,80.86624145507812,0.2045578956604004,0.43715745210647583,0.634756863117218,0.4893062710762024,-0.22303789723784728
S-sf,P20,3,a chef tossing vegetables in a flaming wok while a second cook plates dishes beside him,multi,81,1.5982426971197128,0.08911180678987876,1.5544730298221112,0.9726132708194106,3.254815661907196,0.47228586293616004,0.0001516025164733037,20.586156940460206,1.0,0.9552896618843079,0.9521350264549255,0.9715185761451721,0.01879769240040332,416.74351457127426,58.3313102722168,0.2627968490123749,0.7496641874313354,0.6539422273635864,0.5894474983215332,0.39363760285914395
S-sf,P13,0,a bear climbing a tree,general,81,2.94796328805387,2.160888245329261,1.405306390300393,0.4767040075740269,6.438063359260556,0.6665670728067096,0.003392295501043918,12.109691715240478,1.0,0.9240018725395203,0.9715696573257446,0.9284108877182007,0.023333247541449963,1023.5443503139011,55.242794036865234,0.25948116183280945,0.7079465985298157,0.7690253853797913,0.7311134338378906,0.37325423939110314
S-sf,P06,0,A person is reading book,general,81,0.3756673350464553,0.17038408149965106,0.277989141875878,0.739985556252703,0.9166986197233199,0.5391998445271218,0.0004229049475725333,5.219702127575874,0.0,0.9722036719322205,0.9955232739448547,0.9916002750396729,0.005921055376529693,315.9423174542826,38.54124450683594,0.22161614894866943,0.8013253211975098,0.7295734882354736,0.7295734882354736,-0.40196846916480045
S-sf,P10,1,an airplane taking off,general,81,3.234448281675577,2.6155951540917157,2.79823145121336,0.8651338164634201,6.971742534637451,0.9373119134004742,0.0029189510340074777,13.750685691833496,1.0,0.9829425811767578,0.9793481826782227,0.9791220426559448,0.01161994663416408,465.35837089212527,44.537681579589844,0.21446658670902252,0.7177664041519165,0.7084635496139526,0.6957968473434448,-0.36346256759849194
S-sf,P13,3,a bear climbing a tree,general,81,2.1669277913868426,0.99895747769624,1.540877334587276,0.7110881265281951,3.583955156803129,0.7923954930656057,0.0017731478071709716,11.505438613891602,1.0,0.9433650970458984,0.9672520756721497,0.9423057436943054,0.025052351667545734,1668.9545648649892,65.10263061523438,0.2651212215423584,0.6887603998184204,0.7725298404693604,0.7320464849472046,0.5689620616286981
S-sf,P16,2,a surfer riding a large barreling wave and getting wiped out by the whitewater,fast,81,4.832347951829433,3.222388544678688,3.4033650681376457,0.7042879357562118,7.384463620185851,0.6965121509505627,0.0035082043264992534,16.783704829216003,1.0,0.8496145606040955,0.9678888320922852,0.9390554428100586,0.030428652348928154,461.5955311986871,46.924354553222656,0.22743335366249084,0.6287434101104736,0.6493439674377441,0.38642680644989014,0.4181427650581657
S-sf,P12,2,a motorcycle turning a corner,general,81,6.825656834244728,4.26303743571043,4.916749800741672,0.7203334711672842,12.863838577270508,0.8795361293321453,0.00925095219281502,31.71930468082428,1.0,0.9072433710098267,0.923394501209259,0.9292557239532471,0.028273057006299496,1439.4029072609476,69.87627410888672,0.2156020998954773,0.6666203141212463,0.7284860014915466,0.6903365850448608,0.17846671017755833
S-sf,P09,3,a cow chewing cud while resting in a tranquil barn,general,81,0.41543131140060724,0.2856747083365917,0.21303341197781264,0.5127993324823055,0.8242443233728407,0.42844676896320477,0.0004426683930432773,1.4233069583773612,0.0,0.9928855895996094,0.9910381436347961,0.9860962629318237,0.00791623982368037,635.9589799278654,54.53269958496094,0.21205437183380127,0.4281384348869324,0.5783195495605469,0.42728590965270996,-0.12771897323060255
S-sf,P18,2,a flock of hundreds of starlings swirling in a murmuration at dusk,fast,81,2.3003326550126078,0.5549425953067839,2.1090381294488907,0.9168400961543691,2.9920460700988762,0.10735848540572158,0.0014263047529311733,19.877172923088075,1.0,0.980922520160675,0.9861404299736023,0.9507290720939636,0.03781675323843956,468.97907952042607,50.8104133605957,0.25422364473342896,0.7460073232650757,0.7842885851860046,0.7621815800666809,0.9574064347837776
S-sf,P27,0,five yellow rubber ducks floating down a small stream,count,81,0.43423964492976663,0.08579164059628966,0.3830607758834958,0.8821393859744553,0.6539011627435684,0.2334430888882732,0.00027766302005147734,5.8533873677253725,0.0,0.9945187568664551,0.9965484738349915,0.9825683236122131,0.01438580199610442,483.03578837047854,54.81822204589844,0.24926137924194336,0.7461881637573242,0.5765812794367472,0.5492787957191467,0.4620868502259281
S-sf,P06,2,A person is reading book,general,81,0.434293938241899,0.1216587316710502,0.3844321629963815,0.8851868376652728,1.0944892704486844,0.743350791889921,0.0002465469216531346,6.886146432161331,0.0,0.9764354825019836,0.9968605041503906,0.9846622347831726,0.009220496466150507,735.9800483707734,32.37113571166992,0.22868864238262177,0.7651886343955994,0.6919108033180237,0.6919108033180237,0.017291522275230342
S-sf,P10,3,an airplane taking off,general,81,5.64162972420454,4.331703932583332,3.6440225787460805,0.6459165367048871,10.297778272628785,0.8728380195445734,0.005963890407292638,11.431970715522766,1.0,0.9777494668960571,0.9752363562583923,0.9797199368476868,0.011923776665935294,466.99311478159626,68.20420837402344,0.19158604741096497,0.6955246329307556,0.7147420346736908,0.7048314809799194,-0.5921154555756702
S-sf,P03,0,a boat sailing smoothly on a calm lake,general,81,0.8589242488145828,0.5265739543829113,0.7050759010948241,0.8208815634048611,1.7111936450004577,0.4801342014319719,0.0021901970862927556,4.163205569982528,0.0,0.9822923541069031,0.9738608598709106,0.9756983518600464,0.012672345573082566,663.2170928505458,72.19713592529297,0.252999871969223,0.7420104742050171,0.7980055510997772,0.776771068572998,0.18864826252565425
S-sf,P18,3,a flock of hundreds of starlings swirling in a murmuration at dusk,fast,81,1.628768952563405,0.6807496338617056,1.4150181520730256,0.8687648920868348,3.310472536087036,0.8544631312320768,0.001523297115522837,17.37239556312561,1.0,0.972101628780365,0.9796388745307922,0.9619852304458618,0.03221873955335468,881.6732394040731,53.438621520996094,0.24506351351737976,0.7293712496757507,0.755830725034078,0.7417138814926147,0.9258262269003117
S-sf,P16,1,a surfer riding a large barreling wave and getting wiped out by the whitewater,fast,81,11.930673313140868,10.131871819496155,5.043367260694504,0.422722733713346,16.21643199920654,0.6356858046949178,0.014817127127025742,21.533596229553222,1.0,0.8690891265869141,0.9729390144348145,0.9497132301330566,0.029571090964600442,316.4958054267602,39.38639831542969,0.20750807225704193,0.5826280117034912,0.6325358351071676,0.3429654836654663,-0.060557607674398994
S-sf,P01,1,a person drinking coffee in a cafe,general,81,0.9556012894958258,0.39345082861837,0.8482928002253175,0.8877048637805958,2.198020040988922,0.8769951327131364,0.0012608790053945996,4.757133537530899,0.0,0.9787502288818359,0.9901301264762878,0.985245943069458,0.0072940625890623775,147.32137895460644,65.49774932861328,0.25056183338165283,0.43260812759399414,0.5769892632961273,0.5070785284042358,-0.3923175875794458
S-sf,P21,1,three children chasing each other around a fountain in a city square,multi,81,1.5492854736745358,0.35323066138662396,1.3261218104511499,0.8559564889932249,3.4450608491897583,0.4954360797147666,0.00047613056510726893,16.81049826145172,1.0,0.947766900062561,0.9560462832450867,0.962168276309967,0.02399423284223303,681.2583851463403,87.8963623046875,0.3118499219417572,0.7367996573448181,0.701195220152537,0.6377694606781006,0.6484594879939478
S-sf,P12,3,a motorcycle turning a corner,general,81,4.447437929362058,2.278086260985583,3.4594645142555236,0.7778554285290096,8.70846939086914,0.7883607192491752,0.005072113445385185,15.831963610649108,1.0,0.8795921206474304,0.9591661691665649,0.9373248815536499,0.026683241431601345,1687.6559777193913,74.16619873046875,0.19623973965644836,0.6045593023300171,0.7844114303588867,0.7369276285171509,0.3253965797841456
S-sf,P28,0,"two cats sitting side by side on a windowsill, one black and one white, watching birds outside",count,81,0.11226514836307615,0.06257133582257665,0.0800393192563206,0.7129425959949044,0.24459766075015063,0.68139517382484,0.00010505139251790752,1.0608238823711873,0.0,0.991537868976593,0.9952619671821594,0.9946272373199463,0.004336641184636392,531.3040192510456,52.63553237915039,0.3403831720352173,0.6889975070953369,0.5133172869682312,0.4402416944503784,-0.5931638005287851
S-sf,P12,0,a motorcycle turning a corner,general,81,7.874782346189022,4.3907428635284305,7.150665289163589,0.9080459708931716,29.063641357421876,0.9618519491051284,0.010398338116374362,33.120067024230956,1.0,0.9458492398262024,0.960484504699707,0.9564180970191956,0.02137973295757547,886.1942293573187,68.89440155029297,0.208867147564888,0.7283206582069397,0.7842323780059814,0.7780689001083374,-0.17211101484165914
S-sf,P17,3,"a red race car drifting around a tight corner on a wet track, tires smoking",fast,81,33.71288436055183,20.117682948708534,29.976719208061695,0.8891769092875716,66.98941574096679,0.9630863947994313,0.03660376651678234,92.60720653533936,1.0,0.8818656802177429,0.9365335702896118,0.9369947910308838,0.03499541237251833,498.138793933821,60.535884857177734,0.25143712759017944,0.8320777416229248,0.7655928532282511,0.6854116916656494,-0.45042124554680685
S-sf,P09,2,a cow chewing cud while resting in a tranquil barn,general,81,0.27580701117403805,0.15018294150941075,0.18466436020098626,0.6695395083519199,0.503284254670143,0.6261340169403308,0.0002348938111708776,2.231172177195549,0.0,0.9931241273880005,0.995384693145752,0.9881624579429626,0.007450169313233346,541.951391669265,81.79719543457031,0.18307924270629883,0.4803365468978882,0.5632217079401016,0.40437445044517517,-0.12967704134736202
S-sf,P02,0,a bird soaring gracefully in the sky,general,81,10.989571648836137,9.71842156946659,4.482011513411999,0.4078422024796999,20.734766578674318,-0.28321902674984595,0.0112196134054102,24.481468868255615,1.0,0.8893248438835144,0.9482967257499695,0.9796263575553894,0.013596299034543336,60.2210786132625,32.60737991333008,0.230772465467453,0.8239367008209229,0.8604323863983154,0.8604323863983154,-0.7947975489336532
S-sf,P23,0,"an astronaut riding a horse on the moon, with the Earth visible in the sky",rare,81,1.0796217303723097,0.4361787164118141,0.98527005687356,0.9126058845887656,1.4478449940681457,0.18508413455696573,0.0012548997080557456,6.552576637268066,0.0,0.9685832858085632,0.9907588958740234,0.9777514934539795,0.012335130700375885,822.6961564641931,15.631811141967773,0.3000999391078949,0.4224666655063629,0.5583420395851135,0.4574117660522461,0.09825526378559069
S-sf,P15,2,"a cheetah sprinting at full speed across the savanna, dust flying behind it",fast,81,26.77542725801468,21.884901428222655,15.86339003443718,0.5924607398086638,43.223932075500485,-0.10262758014718293,0.03131711855530739,49.683398723602295,1.0,0.9609533548355103,0.9778751730918884,0.9280731678009033,0.04454771801829338,579.2991887922442,53.3045539855957,0.2900390923023224,0.7916353940963745,0.7751849293708801,0.7378342747688293,-0.08303566259718309
S-sf,P25,2,a giraffe wearing sunglasses roller-skating down a boardwalk,rare,81,3.1142987996339797,1.782515924423933,2.5742842093110085,0.8266012827710297,4.108900189399719,0.4757169266788206,0.01024171824210498,12.22083044052124,1.0,0.855251133441925,0.9353981018066406,0.9562047123908997,0.019836103438865393,840.1684445859454,71.55065155029297,0.27226245403289795,0.7394595146179199,0.767765740553538,0.7593504786491394,0.1875554135666313
S-sf,P12,1,a motorcycle turning a corner,general,81,16.22950068116188,11.330390143394471,11.691335439682007,0.7203755031648647,23.2048508644104,0.8186327462551652,0.031141210056375712,36.284423446655275,1.0,0.901881217956543,0.9458033442497253,0.9236913323402405,0.03190924567170441,913.0389130170968,51.51395034790039,0.206338033080101,0.6893028020858765,0.7723743915557861,0.7425389289855957,-0.1467258545900374
S-sf,P29,0,a full glass of water tipping over on a table and spilling across the surface,physics,81,1.6114025115966797,0.7673651088029146,1.5340026017278432,0.9519667734916732,3.7403367519378663,0.8457998052626764,0.002511374871573935,12.038399946689605,1.0,0.8631472587585449,0.9471401572227478,0.9707304835319519,0.017127239366527647,420.3249590682205,31.967500686645508,0.27221179008483887,0.4837275743484497,0.620593378941218,0.4878194034099579,0.2977226567954636
S-sf,P17,2,"a red race car drifting around a tight corner on a wet track, tires smoking",fast,81,45.9409192442894,31.240050748735666,34.34038411602378,0.7474901228233972,86.42004089355468,0.8972722090017043,0.052205110467912166,122.04274120330811,1.0,0.8855127692222595,0.9276429414749146,0.9011924266815186,0.04812138448469341,565.0959963334213,77.92131042480469,0.24304066598415375,0.8431093692779541,0.8229297598203024,0.7586551308631897,-0.3025270097668442
S-sf,P28,2,"two cats sitting side by side on a windowsill, one black and one white, watching birds outside",count,81,0.1540436477633193,0.0738342466414906,0.10825163517147303,0.7027289603582684,0.42267925441265086,0.8271204868500168,0.00019642630682028538,2.0046371057629586,0.0,0.9788886904716492,0.9945899248123169,0.9944976568222046,0.004033163940766827,566.9921141216328,31.550004959106445,0.3051745295524597,0.7255169153213501,0.536602258682251,0.4591292142868042,-0.6865414133835914
S-sf,P14,1,A tranquil tableau of a bunch of grapes,general,81,0.0541863557882607,0.04597913734614849,0.02485331241041422,0.458655198226124,0.08507705666124814,0.3456349669047953,0.0001660304958022607,0.11435168366879225,0.0,0.9981582760810852,0.9992849230766296,0.9964253902435303,0.002977552605443634,413.18668863574896,106.00371551513672,0.2641904354095459,0.7976102828979492,0.7742146253585815,0.7742146253585815,-0.9387381887002118
S-sf,P14,0,A tranquil tableau of a bunch of grapes,general,81,0.10934135590214282,0.06933279397781007,0.0626438036793843,0.5729143401249565,0.23956766128540036,0.5438161344680243,0.00016022780281446102,0.8909931354224682,0.0,0.9956995248794556,0.9984886050224304,0.9951133728027344,0.0038208385929465296,460.2227235952745,91.71505737304688,0.26198911666870117,0.796905517578125,0.7753547430038452,0.7753547430038452,-0.7182748248543263
S-sf,P21,2,three children chasing each other around a fountain in a city square,multi,81,2.004873239248991,0.9757348937913776,1.4229283176362515,0.7097344510592686,3.7339326262474053,0.3715194261907907,0.0009441916278774443,11.60453908443451,1.0,0.9479779601097107,0.9685365557670593,0.9589943289756775,0.022947619028855115,366.324839212703,67.40666961669922,0.295369029045105,0.6924782991409302,0.67013551791509,0.5577508211135864,0.5109075841722932
S-sf,P06,3,A person is reading book,general,81,0.28760003414936364,0.2458158555207774,0.08971165549010038,0.3119309210950516,0.6379224866628646,0.2819604887791045,0.000513565813639616,0.767713512480259,0.0,0.9889411926269531,0.9921079874038696,0.9877403974533081,0.007564663785160519,1039.1495724396345,34.85813903808594,0.2239498347043991,0.7486900091171265,0.6507599353790283,0.6507599353790283,-0.11962968901076643
S-sf,P18,1,a flock of hundreds of starlings swirling in a murmuration at dusk,fast,81,3.9142028868198393,1.7055028872564435,3.3143848553299904,0.8467583578081871,6.113149070739746,-0.5408042223178299,0.002484317133712466,28.794114446640016,1.0,0.965826153755188,0.9757103323936462,0.9395117163658142,0.046223223116248845,401.2718055421547,41.99205017089844,0.2752588093280792,0.7635146975517273,0.7922298113505045,0.7623003721237183,0.933066338669196
S-sf,P14,3,A tranquil tableau of a bunch of grapes,general,81,0.06392227297183126,0.05190281507675536,0.02666928592370823,0.41720776618338123,0.17458184584975223,0.5561216172509849,0.00011296805194547233,0.14380212388932706,0.0,0.9975614547729492,0.9985538721084595,0.9964548349380493,0.0028437273227609693,299.74313860375554,88.23548126220703,0.2604846954345703,0.8021928668022156,0.7866668701171875,0.7866668701171875,-0.9899056734515597
S-sf,P05,1,A person is playing guitar,general,81,1.9370277866721153,1.0928952172398567,1.496117601171136,0.7723775771765992,3.896368336677551,0.6810899126057656,0.0015697578723120388,12.125072336196899,1.0,0.9785599112510681,0.9899439215660095,0.9633535742759705,0.015012284112162887,364.4500183688015,90.78793334960938,0.22763840854167938,0.69968581199646,0.5993881225585938,0.5993881225585938,0.09949606183352522
S-sf,P19,1,two dogs playing tug-of-war with a rope toy in a backyard,multi,81,1.797118929028511,0.4931739256251603,1.5868424572050572,0.8829919648506008,3.274625301361084,0.2018708512341768,0.0010514653053178336,14.68062596321106,1.0,0.966016948223114,0.978789746761322,0.9494984149932861,0.02763311315793544,367.47187841896704,71.50907135009766,0.31500810384750366,0.6633799076080322,0.5295351147651672,0.5174351930618286,0.7372048549465084
S-sf,P27,3,five yellow rubber ducks floating down a small stream,count,81,0.39880060255527494,0.17314172899350525,0.3082772876136005,0.7730091495077994,0.5828144162893294,0.30478462650307586,0.00017949919283637427,4.027950322628021,0.0,0.9876901507377625,0.9950746893882751,0.9834623336791992,0.012933785776840522,640.8512938865024,63.8284912109375,0.26066356897354126,0.7131701707839966,0.5778595805168152,0.5235801935195923,0.3698404761870808
S-sf,P29,1,a full glass of water tipping over on a table and spilling across the surface,physics,81,1.3121423598378896,0.2846715931314975,1.274082213640213,0.9709931495576986,2.1768616437911987,0.14337090684361173,0.000920412632353873,10.257192766666412,0.0,0.8757217526435852,0.9518505334854126,0.9693087935447693,0.02004933650023304,409.3850065737555,43.1295051574707,0.2708810865879059,0.4912535548210144,0.6154161393642426,0.47139450907707214,0.5240492463172113
S-sf,P13,2,a bear climbing a tree,general,81,1.2844554830342532,0.7946016179397702,0.726752981543541,0.5658058417259437,3.0087286472320547,0.6905691512425967,0.0010033521311470395,6.49539407491684,0.0,0.9588721394538879,0.9880184531211853,0.9562479257583618,0.019221662578638644,1728.7088026734205,60.321632385253906,0.2560879588127136,0.7074229717254639,0.7775883376598358,0.7429808378219604,0.4887037889792576
S-sf,P04,0,a dog running happily,general,81,4.634596595168114,2.7308387413620947,4.113538315892219,0.8875718401487251,6.851998472213744,0.4418595107977784,0.009291113891231361,16.490515327453615,1.0,0.9644409418106079,0.9832274317741394,0.9585078358650208,0.017460022296290845,72.35150252709738,66.60623168945312,0.2475927174091339,0.5627878904342651,0.6896596848964691,0.5839554071426392,-0.11780278037718661
S-sf,P07,3,A tranquil tableau of a picturesque barn was painted a warm shade of red and nestled in a picturesque meadow,general,81,0.3064763086847961,0.29324984855484215,0.09312782473862172,0.3038653175932228,0.5331306308507919,0.5998106167531682,0.00019653533416885693,1.0239187091588975,0.0,0.9962329268455505,0.9972397685050964,0.9835706353187561,0.009095997412805446,1137.8933012973057,121.70862579345703,0.2845793068408966,0.7941008806228638,0.6787837445735931,0.528960108757019,0.056466881187340334
S-sf,P00,3,a horse taking a peaceful walk,general,81,1.2192139934748412,1.0153104910627007,0.48916850592941047,0.40121595333670296,1.9836884081363675,0.46986976722928747,0.0013243074276942934,2.542599046230316,0.0,0.9749056100845337,0.9883929491043091,0.9746509194374084,0.010623766609933227,475.3887962740967,74.87708282470703,0.2280425727367401,0.5599250197410583,0.7350001037120819,0.6595715284347534,-0.08781787699867127
S-sf,P10,2,an airplane taking off,general,81,4.5521995514631275,3.837851531803608,2.317020672559738,0.5089891463184815,6.772315979003906,0.6583485365414214,0.006283233489375562,7.326931953430176,0.0,0.9854634404182434,0.9898059964179993,0.9838315844535828,0.008382993401028216,380.1239232939594,48.99089431762695,0.23156437277793884,0.6624361276626587,0.682968407869339,0.6282536387443542,-0.8431212947713425
S-sf,P08,3,"In a still frame, a stop sign",general,81,0.08475534154567868,0.06892781889764592,0.03376927144126966,0.3984276671860596,0.22008454874157898,0.5351544196700243,0.00011775333227319607,0.20113768111914396,0.0,0.9960924983024597,0.993966281414032,0.9938845038414001,0.004131904392852448,836.4615995869556,121.18628692626953,0.19101199507713318,0.4998028576374054,0.6035535335540771,0.6035535335540771,-0.6273556381246772
S-sf,P01,3,a person drinking coffee in a cafe,general,81,0.29272389570251106,0.10384909141575918,0.2310557432938367,0.7893272717352092,0.7034978747367858,0.9370500968800793,0.0002071889832677698,3.718870720267296,0.0,0.9556390643119812,0.9880356192588806,0.9895952343940735,0.006241709605092183,412.50640152402315,46.455299377441406,0.2687934637069702,0.43268120288848877,0.5605945587158203,0.5091782808303833,-0.3140807003752055
S-sf,P29,2,a full glass of water tipping over on a table and spilling across the surface,physics,81,1.4014350064098835,0.6706910538487136,1.2873368162661791,0.9185840883052542,1.9859176993370053,0.6482338569107503,0.0041222207339160375,7.750003409385681,0.0,0.8436042666435242,0.9419013857841492,0.9529353380203247,0.026090031652711333,751.2868393681804,40.30332565307617,0.2687346935272217,0.431024968624115,0.5734915534655253,0.4020478129386902,0.7659731123508782
S-sf,P11,1,A person is sweeping floor,general,81,1.7238481981679796,0.09605550918495283,1.687753176409751,0.9790608007959226,4.479915285110473,0.6152661598037608,0.00023557907979920856,26.51472141742706,1.0,0.9571817517280579,0.9819406867027283,0.9720391631126404,0.018149722332600503,312.379649695343,62.85269546508789,0.23160205781459808,0.7712206244468689,0.6676806509494781,0.5191287994384766,0.33187075937376953
S-sf,P17,1,"a red race car drifting around a tight corner on a wet track, tires smoking",fast,81,48.36863528490066,41.029406023025516,23.524254113435745,0.4863534703536672,81.21963996887206,0.8149849407997944,0.05388873467454687,82.72885160446167,1.0,0.878177285194397,0.9285001754760742,0.9217609167098999,0.03634435716085136,582.0134052002974,57.57447814941406,0.25050419569015503,0.8549875020980835,0.8307874997456869,0.7654922008514404,-0.6117155550576441
S-sf,P04,1,a dog running happily,general,81,12.548508286476135,10.328325566649436,8.611686128377915,0.6862716464384307,25.882900714874268,0.4641259765886335,0.015988481690874322,40.04737038612366,1.0,0.9397425651550293,0.9716314673423767,0.9344770312309265,0.033520284842234106,93.63653571853901,60.84487533569336,0.26234883069992065,0.5992236137390137,0.717239260673523,0.6474277973175049,0.0384051694214409
S-sf,P26,3,exactly four red apples rolling across a wooden table,count,81,0.1581210821401328,0.11056803449755534,0.08834611801430584,0.5587209377625746,0.28069608658552164,0.2024942216592506,0.00018832643005453064,0.9302834302186966,0.0,0.9876710176467896,0.9978732466697693,0.9963010549545288,0.003047600649006199,221.1412578899804,80.33707427978516,0.23873548209667206,0.4968969225883484,0.612047036488851,0.5263123512268066,-0.968651733047559
S-sf,P23,1,"an astronaut riding a horse on the moon, with the Earth visible in the sky",rare,81,0.3727594858035445,0.11366783361881971,0.3559466142207384,0.9548936321762724,0.5977590590715408,0.8042801552830455,0.0001545482972460377,2.379167938232422,0.0,0.9631895422935486,0.9903913736343384,0.9844301342964172,0.007849782746052369,1051.3091811948912,35.499942779541016,0.30110982060432434,0.5813183188438416,0.6950437823931376,0.6035279035568237,-0.11884254457826238
S-sf,P07,0,A tranquil tableau of a picturesque barn was painted a warm shade of red and nestled in a picturesque meadow,general,81,1.6297893904149532,0.5251810310408473,1.5164534233510494,0.9304591757747157,2.850160813331604,0.8618311110431263,0.0011915249709318232,11.989828419685363,1.0,0.9855880737304688,0.9912346005439758,0.97578364610672,0.013180199090857058,810.7571673651046,87.50988006591797,0.28167903423309326,0.8347188830375671,0.7105417847633362,0.5620143413543701,0.03181902396922798
S-sf,P21,0,three children chasing each other around a fountain in a city square,multi,81,2.3288440473377703,1.523055374994874,1.8474311448633671,0.7932821236755387,3.9212485671043384,0.6453887733698968,0.0065465047300676815,10.42890625,0.0,0.9385671615600586,0.9519060254096985,0.9521621465682983,0.026485136756673456,563.2137075624603,82.72335815429688,0.3190547525882721,0.7949042916297913,0.7508472800254822,0.6513687372207642,0.5963862690241446
S-sf,P16,0,a surfer riding a large barreling wave and getting wiped out by the whitewater,fast,81,23.34827548265457,20.41618710756302,8.757058745622635,0.37506232000157486,35.79925384521484,0.6821869210458963,0.026507842168211938,40.82992458343506,1.0,0.8853716254234314,0.9695002436637878,0.9394139647483826,0.046925252815708515,480.49111204510433,28.793668746948242,0.2012740522623062,0.5361737608909607,0.6325003703435262,0.34188711643218994,0.04340825716819463
S-sf,P05,2,A person is playing guitar,general,81,0.9539451964199543,0.3704243106767535,0.7688207460567356,0.8059372205078521,1.9679067552089688,0.044114680682265386,0.0005306525919422711,8.282935106754303,0.0,0.9958810806274414,0.9920493364334106,0.9817663431167603,0.010492254688870162,410.6110492659814,59.732826232910156,0.23431122303009033,0.568626880645752,0.6159430742263794,0.6159430742263794,-0.028303750358890767
S-sf,P08,0,"In a still frame, a stop sign",general,81,2.0241856690030544,0.08339214576408267,1.9663781022187323,0.9714410890707061,4.409427309036254,0.8823592383739514,9.722072664999359e-05,40.675859212875366,1.0,0.9822463989257812,0.9540091753005981,0.9881290197372437,0.010380607916158625,1131.019763915287,78.5934829711914,0.13511019945144653,0.6252931356430054,0.5247519612312317,0.5247519612312317,-0.2859362409035464
S-sf,P02,1,a bird soaring gracefully in the sky,general,81,2.5495932538062336,2.1280086781829595,0.9842688714154064,0.38604921937912784,5.090806412696836,0.14777473159997642,0.0014671961422209278,8.384911966323852,0.0,0.9262847900390625,0.976087749004364,0.9843231439590454,0.009376923134550453,125.6652380476968,33.74184799194336,0.23037707805633545,0.8073151707649231,0.8834037780761719,0.8834037780761719,-0.4781761612919846
S-sf,P22,3,a basketball player dribbling past two defenders and dunking the ball,multi,81,1.0278431493788958,0.4670364290243015,0.75451133325696,0.7340717303424795,1.7221381366252895,0.7700424725994361,0.0006492909537882952,7.396195638179779,0.0,0.9430038332939148,0.9639137387275696,0.9627118110656738,0.020609297684859484,1250.4095999931778,68.52112579345703,0.24835115671157837,0.6677075028419495,0.6776585380236307,0.5669823288917542,0.6257677642799866
S-sf,P20,0,a chef tossing vegetables in a flaming wok while a second cook plates dishes beside him,multi,81,1.104624728113413,0.15614532341714948,1.039671777933836,0.9411982280274138,1.9752401530742645,0.728498977804203,0.00027241620121003506,17.241654562950135,1.0,0.961888313293457,0.9710466265678406,0.9716060757637024,0.02026862060884014,338.49122339186164,62.12428283691406,0.26806724071502686,0.6882419586181641,0.6857453187306722,0.6321369409561157,0.5880896276995347
T-few,P23,2,"an astronaut riding a horse on the moon, with the Earth visible in the sky",rare,81,0.20483782468363643,0.10732072372920812,0.1381270161829889,0.6743204878094733,0.3075346902012825,-0.08939046160018381,0.00022634499318883173,1.4027458518743514,0.0,0.9446892142295837,0.9771122336387634,0.9942593574523926,0.0034188192890724166,250.02874616004578,55.85311508178711,0.22732633352279663,0.5322577953338623,0.5775777796904246,0.48329517245292664,-0.8761036613945903
T-few,P07,1,A tranquil tableau of a picturesque barn was painted a warm shade of red and nestled in a picturesque meadow,general,81,0.10536649108398706,0.08913598875515163,0.0407028041779995,0.38629375872256294,0.28550433814525605,-0.24327910319858997,0.00017152397917925556,0.24687903076410295,0.0,0.9195772409439087,0.9571100473403931,0.9764634966850281,0.012073560251155867,3148.2230478205174,95.06416320800781,0.17316389083862305,0.6788927316665649,0.6914616823196411,0.6897642612457275,0.43412364127138936
T-few,P21,3,three children chasing each other around a fountain in a city square,multi,81,0.2471467811614275,0.12568310995120555,0.1783285138197243,0.7215460846207109,0.6222081840038299,-0.21620331976529686,0.0002041234217585952,1.7815473169088363,0.0,0.9438421130180359,0.9598329663276672,0.9679608941078186,0.018157531006727366,2402.7991496482255,41.41464614868164,0.2611502408981323,0.617989182472229,0.6526351769765218,0.5237328410148621,0.7739373040273252
T-few,P24,2,a panda playing a violin on a stage under spotlights,rare,81,2.062709986045957,1.1850382235832513,1.399629624001682,0.6785388905523085,4.536665606498716,-0.09919554710910723,0.0041804099898399725,14.822751832008361,1.0,0.8579072952270508,0.928026020526886,0.9864802956581116,0.01210869142669253,10.426921857906594,13.1012601852417,0.2677038311958313,0.6466084718704224,0.6612124840418497,0.5815834999084473,-0.13912217061355392
T-few,P05,3,A person is playing guitar,general,81,1.4233385115861892,1.1949174573644996,0.5936313265003264,0.41706937920860176,2.8785252690315244,0.12286542587248306,0.0020781948420335538,4.48482449054718,0.0,0.9674873352050781,0.983116090297699,0.9877552390098572,0.00898786775651388,56.68210112476949,54.040260314941406,0.2445105016231537,0.6113924384117126,0.6846307516098022,0.6846307516098022,-0.3047647282599417
T-few,P29,3,a full glass of water tipping over on a table and spilling across the surface,physics,81,0.34878609962761403,0.2563609066884965,0.18383494270965456,0.5270692147327919,0.6791947394609451,0.07276992309778718,0.0004483004756821174,1.36040391176939,0.0,0.8382827639579773,0.9543963670730591,0.992117702960968,0.0058348278340417895,105.98650034643316,42.60028839111328,0.2540297508239746,0.6010043621063232,0.6824873089790344,0.5474980473518372,-0.40547953148267357
T-few,P24,0,a panda playing a violin on a stage under spotlights,rare,81,0.32423915308900175,0.2795035704039037,0.10451112920418382,0.32232630107195953,0.7244498103857039,-0.12909660778709714,0.0002660553919213271,0.698016694188118,0.0,0.9291203618049622,0.9735224843025208,0.9963458776473999,0.0029938249732367694,22.847700136479745,13.760623931884766,0.1421935111284256,0.6276236176490784,0.6659758488337199,0.5914243459701538,-1.062226309440538
T-few,P08,2,"In a still frame, a stop sign",general,81,0.039753774798009546,0.029914489947259426,0.022885274223517625,0.5756610203376992,0.08510536365211008,-0.22981598458558458,6.463438994614989e-05,0.11393478065729142,0.0,0.9820052981376648,0.9657707214355469,0.9874347448348999,0.00647720554843545,987.1966927293016,34.043418884277344,0.1950385868549347,0.6946960687637329,0.655582070350647,0.655582070350647,-0.15393872928718455
T-few,P25,0,a giraffe wearing sunglasses roller-skating down a boardwalk,rare,81,3.092122508212924,2.027533474564552,1.9081757232546805,0.6171085075309622,5.312070608139038,0.013827674191233076,0.007578498090151697,9.47374540567398,0.0,0.8788666725158691,0.9440507888793945,0.9699233174324036,0.019457124941982328,290.46649889806463,37.91215515136719,0.175887793302536,0.6908334493637085,0.712252120176951,0.7023361921310425,0.1713214909444254
T-few,P23,3,"an astronaut riding a horse on the moon, with the Earth visible in the sky",rare,81,0.08859500805847347,0.0558505283202976,0.05709488636348396,0.6444408457523422,0.13628050982952117,-0.1271782157366513,0.00019343490946539533,0.4456725910305977,0.0,0.9587721824645996,0.9889804124832153,0.9930618405342102,0.004134966665878892,547.338542867272,29.199098587036133,0.22792774438858032,0.3989846706390381,0.5379504164059957,0.4204174876213074,-0.6286125419265058
T-few,P06,1,A person is reading book,general,81,0.06066099398303777,0.0485065680812113,0.03015762452268973,0.4971419919220322,0.11854056455194949,-0.244275728835213,0.00012111640418766001,0.15977270193398,0.0,0.9681482315063477,0.9597010016441345,0.997969925403595,0.0018826781335519627,31.343366273612954,35.540260314941406,0.21550141274929047,0.7387935519218445,0.7585060596466064,0.7585060596466064,-1.4004109541603356
T-few,P28,3,"two cats sitting side by side on a windowsill, one black and one white, watching birds outside",count,81,0.031045156286563725,0.02102396548143588,0.02097934528719634,0.6757469457266071,0.06784050837159156,-0.24005973408109632,5.3375046587689215e-05,0.09983168076723814,0.0,0.971439778804779,0.9828625917434692,0.994252622127533,0.0032798456246382556,203.27954629588095,22.348251342773438,0.2820167541503906,0.7235024571418762,0.55958092212677,0.5403721332550049,-0.8295260444388175
T-few,P11,2,A person is sweeping floor,general,81,1.0705017623491586,0.390907897381112,0.8188089718576521,0.76488263333466,2.40405352115631,0.04755685333302164,0.0005541661223901429,11.61702253818512,1.0,0.8563079237937927,0.9403282403945923,0.9881413578987122,0.010777024371782318,9.3181481389055,17.179420471191406,0.2213853895664215,0.7412344217300415,0.778562605381012,0.7705519199371338,-0.0342831744313008
T-few,P19,2,two dogs playing tug-of-war with a rope toy in a backyard,multi,81,0.7008529290556907,0.25886355331167576,0.5436999280937016,0.7757678248679669,1.120108962059021,0.4850095541206285,0.00019859637970967014,8.781312656402587,0.0,0.8940068483352661,0.9412221908569336,0.9683146476745605,0.01991873050574213,940.3842346999476,80.818115234375,0.28169193863868713,0.7085883021354675,0.568417102098465,0.4999290108680725,0.6910986697239263
T-few,P13,1,a bear climbing a tree,general,81,0.30511613059788945,0.2574370102141984,0.1020801549544558,0.33456054976141647,0.7570975184440611,0.0509838263598055,0.0004319733452575747,0.6326820708811283,0.0,0.9704155325889587,0.9675549864768982,0.9595747590065002,0.024114048294723033,4323.301400915695,105.21797180175781,0.1743674874305725,0.3739752471446991,0.489051952958107,0.4593409597873688,1.031947417448427
T-few,P03,3,a boat sailing smoothly on a calm lake,general,81,0.24325672485865651,0.22339216517284513,0.11528222090564669,0.473909804807353,0.44864646792411805,0.24341072385731524,0.0002260899570330821,0.8388836540281772,0.0,0.8947415351867676,0.9770666360855103,0.9931096434593201,0.005925479967845604,257.1977476905154,87.51445770263672,0.1828838288784027,0.4720507562160492,0.5545721054077148,0.5409024953842163,-0.3440065902450966
T-few,P01,0,a person drinking coffee in a cafe,general,81,0.304707521898672,0.265123071661219,0.10421873619779945,0.34202763857210544,0.49406575262546537,0.571080752717395,0.000383410694325903,0.6914894729852676,0.0,0.9223958849906921,0.9679080843925476,0.9963664412498474,0.0031447852175915613,11.371528116706722,34.66240692138672,0.21447931230068207,0.7121849656105042,0.6837127804756165,0.6797807216644287,-1.004648082399922
T-few,P27,1,five yellow rubber ducks floating down a small stream,count,81,0.5031802631914616,0.2157135520596057,0.33738960614427926,0.6705130552842182,0.797563037276268,-0.3015540319633634,0.0002087343972789313,3.6933031916618346,0.0,0.9620561003684998,0.9792242050170898,0.9763463139533997,0.016635969432536514,4083.989303695367,45.25124740600586,0.27602148056030273,0.6476975679397583,0.6357343594233195,0.6303412914276123,0.5808611929748677
T-few,P14,2,A tranquil tableau of a bunch of grapes,general,81,0.025343049503862857,0.019489322436857037,0.0141156907659024,0.5569627207266515,0.046823841519653776,-0.019524555627020802,4.3063962965561584e-05,0.07363290973007679,0.0,0.9939403533935547,0.9877527356147766,0.9894530177116394,0.006076223484706133,506.9971490722749,54.43389892578125,0.15433767437934875,0.6612801551818848,0.8038352727890015,0.8038352727890015,-0.20994407604052778
T-few,P03,1,a boat sailing smoothly on a calm lake,general,81,0.44411795027554035,0.40693649211898447,0.12708345069549978,0.2861473274595796,1.007486343383789,-0.0559330451343729,0.0003274520085142285,1.2372024103999137,0.0,0.964722752571106,0.9770002365112305,0.9805000424385071,0.01116324209724553,1693.22369392486,80.97869110107422,0.1881682127714157,0.48044073581695557,0.5634119808673859,0.53761225938797,0.20461116953234448
T-few,P24,3,a panda playing a violin on a stage under spotlights,rare,81,0.5462732152082026,0.45527419066056607,0.1960104933939874,0.35881337236333133,1.4903764843940732,0.058679166902973534,0.0004885099934654136,1.2529553830623628,0.0,0.9332035183906555,0.9562700390815735,0.9936777949333191,0.005997758978628554,15.052905666080752,64.8937759399414,0.2067117989063263,0.5193723440170288,0.6136221885681152,0.5412361025810242,-0.45519260935408923
T-few,P02,2,a bird soaring gracefully in the sky,general,81,2.3229302344843745,1.8610562477260828,1.0160675761289895,0.4374075138537314,3.9998694300651545,0.044367950237541566,0.004127684736158699,6.620166540145874,0.0,0.8732299208641052,0.9247879385948181,0.988660991191864,0.010502233629813418,19.541500411305783,31.606895446777344,0.20219746232032776,0.6392642259597778,0.7030966281890869,0.7030966281890869,-0.3275467710109261
T-few,P10,0,an airplane taking off,general,81,0.7860403500963002,0.6398962147999555,0.30093972124159335,0.38285482208375465,1.8712292850017538,0.25890006240804947,0.001023876493854914,2.9592710733413696,0.0,0.8944947123527527,0.9373966455459595,0.9946325421333313,0.004405714722815901,20.596343140844105,24.715425491333008,0.22350625693798065,0.5983136892318726,0.6136521100997925,0.571251392364502,-0.8451114616750015
T-few,P20,2,a chef tossing vegetables in a flaming wok while a second cook plates dishes beside him,multi,81,0.4837542509660125,0.3691053179558367,0.23935736436396837,0.4947902144441737,1.0077672183513642,0.045827031990617335,0.0009182792478895863,2.7280152946710587,0.0,0.9422194361686707,0.9548529982566833,0.983709990978241,0.01559389817994088,33.2681392578765,39.915348052978516,0.24965611100196838,0.6052409410476685,0.727006196975708,0.6581965088844299,0.5235313847767218
T-few,P16,3,a surfer riding a large barreling wave and getting wiped out by the whitewater,fast,81,0.5371219740249217,0.4352562899701297,0.22115339245647192,0.411736982313869,1.1993934035301204,-0.34299881442728114,0.000749475999009519,1.215983660519123,0.0,0.8695436716079712,0.9615165591239929,0.9887022972106934,0.009455659665400162,49.96172734056513,114.70354461669922,0.20873507857322693,0.5662302374839783,0.5911051034927368,0.3824859857559204,0.00332976649163097
T-few,P28,1,"two cats sitting side by side on a windowsill, one black and one white, watching birds outside",count,81,0.08315880878362805,0.06663832464255393,0.03997985329478979,0.48075932207603583,0.18590085282921787,-0.20632267725701445,0.0002525133144445135,0.220761957205832,0.0,0.9657413363456726,0.9801498651504517,0.997157096862793,0.002308575554343406,52.24768926007213,19.60320281982422,0.28207093477249146,0.6713556051254272,0.5831128358840942,0.5494963526725769,-1.208439600781558
T-few,P00,0,a horse taking a peaceful walk,general,81,1.8690064828842878,1.6859322121366858,0.5599564349744469,0.29960095938744535,2.6430294036865236,-0.1582320817070185,0.006130972373648546,3.9968581676483153,0.0,0.8779622912406921,0.9557247161865234,0.9697304964065552,0.012910101655870676,572.2376204876995,44.53017044067383,0.2323879599571228,0.5618069171905518,0.6055940687656403,0.46564215421676636,-0.038104594280278015
T-few,P04,3,a dog running happily,general,81,10.491411876678466,9.62640613615513,2.600682654231787,0.24788678939639172,16.63772563934326,0.38481418095560826,0.02595222030649893,20.843214368820192,1.0,0.8863703608512878,0.9508917927742004,0.9807338714599609,0.016165779938455672,19.92539065935837,38.66963195800781,0.2594061493873596,0.6203620433807373,0.7399058938026428,0.7313458919525146,-0.5977187140836593
T-few,P25,1,a giraffe wearing sunglasses roller-skating down a boardwalk,rare,81,5.663873298466205,4.052587521076203,4.5881278067827225,0.8100687912556961,9.103438234329223,0.20082929967054142,0.01260665531444829,18.169372749328613,1.0,0.9075431823730469,0.9388129115104675,0.9630817770957947,0.02558940809685737,413.256768471571,40.549800872802734,0.2346028983592987,0.6492817401885986,0.6367212533950806,0.5814310312271118,0.16959360909011068
T-few,P15,1,"a cheetah sprinting at full speed across the savanna, dust flying behind it",fast,81,0.9156745785847307,0.727043682988733,0.3862560664303601,0.42182632742849596,2.266045355796814,-0.2981746548900064,0.0011640764876574394,3.133273312449455,0.0,0.823560893535614,0.9459177851676941,0.9372655153274536,0.0622830061474815,20.610273606979394,72.46385955810547,0.20514751970767975,0.5348989963531494,0.6228194236755371,0.5362979769706726,1.7638510918751535
T-few,P26,0,exactly four red apples rolling across a wooden table,count,81,0.07014265726320446,0.05366875655017793,0.03730769350659102,0.5318755103772108,0.1320222809910774,-0.24169146388639928,7.042705996695986e-05,0.17357270121574403,0.0,0.958626925945282,0.9800590872764587,0.9974298477172852,0.002327510609757155,22.575502878485093,106.54780578613281,0.23879660665988922,0.4863533675670624,0.6203604737917582,0.5645618438720703,-1.1934397738289029
T-few,P05,0,A person is playing guitar,general,81,1.8258816190063953,1.4349391244351863,0.7712842926383019,0.4224172378934291,4.938404345512389,0.30803509011107616,0.002825780826242408,7.221327698230743,0.0,0.9118108749389648,0.9668934941291809,0.9867731928825378,0.011074832902522758,30.27701002675273,38.260433197021484,0.18057045340538025,0.6068789958953857,0.6785433292388916,0.6785433292388916,-0.1828643080259429
T-few,P02,3,a bird soaring gracefully in the sky,general,81,1.0277897449210287,0.8776630498468876,0.39315927438437936,0.38252852180974656,2.838001227378843,-0.17996068068459314,0.0025299285826804407,3.022185778617859,0.0,0.8685230612754822,0.9721886515617371,0.9946887493133545,0.0051445780438371,2.036407100161495,11.936990737915039,0.21459567546844482,0.6511014699935913,0.6403276324272156,0.6403276324272156,-0.7618704718908207
T-few,P11,3,A person is sweeping floor,general,81,0.7309815099462866,0.5044176509138196,0.41253408142365516,0.5643556115370921,1.4217300832271575,0.078407480537463,0.0008287390124678496,3.6733394145965574,0.0,0.8815333247184753,0.9744969606399536,0.994712769985199,0.003984070967999287,19.12114915689863,27.620328903198242,0.20656192302703857,0.6921043395996094,0.6783697009086609,0.5942174196243286,-0.9279835942400974
T-few,P09,1,a cow chewing cud while resting in a tranquil barn,general,81,0.10351077083032578,0.0834069180651568,0.044844931946136056,0.43323509574234687,0.3456626743078231,-0.20171839931741847,0.00015620197533507962,0.25965605564415456,0.0,0.9337782263755798,0.9749574661254883,0.9806709885597229,0.009134913701564074,2420.7948403070386,39.61658477783203,0.17683926224708557,0.600433886051178,0.5225974321365356,0.46437615156173706,0.15618597364312592
T-few,P19,3,two dogs playing tug-of-war with a rope toy in a backyard,multi,81,0.1953040212392807,0.1279989512055181,0.11325181963620708,0.5798715205455727,0.5720912963151932,-0.26234318155663694,0.00020599500329581132,1.426813018321991,0.0,0.9068543314933777,0.9643883109092712,0.9785038232803345,0.013675301393959671,753.2367048583312,52.70895004272461,0.24577845633029938,0.6261800527572632,0.5313258767127991,0.4629957675933838,0.5144644299624384
T-few,P08,1,"In a still frame, a stop sign",general,81,0.08893422719556839,0.07217716007726267,0.040707658021710814,0.4577225392610147,0.24037595763802527,-0.31871330841439677,0.00013392823921094533,0.22802907824516297,0.0,0.964870274066925,0.9773435592651367,0.9956239461898804,0.002894521312555298,138.66935214146926,23.180315017700195,0.2192540019750595,0.5608148574829102,0.5865703821182251,0.5865703821182251,-0.9853445905763412
T-few,P17,0,"a red race car drifting around a tight corner on a wet track, tires smoking",fast,81,381.24876108169553,317.68025279045105,143.33865480422975,0.3759714628883557,597.4334411621094,-0.21298740704279845,0.35722688902169464,663.6700393676758,1.0,0.8009729385375977,0.8584681749343872,0.8867046236991882,0.12293774895370006,101.66439309340467,14.823434829711914,0.19190090894699097,0.6402198076248169,0.6042555173238119,0.5350817441940308,-0.5502089747421
T-few,P22,2,a basketball player dribbling past two defenders and dunking the ball,multi,81,3.1287942353636025,1.6512551784515381,2.184355817735195,0.6981459806145951,5.588764333724974,0.31531896920799146,0.0022763003069485423,23.42565131187439,1.0,0.854167640209198,0.9166914224624634,0.9577482342720032,0.0314413987332955,202.52510667287203,32.19356918334961,0.21213383972644806,0.5772141814231873,0.6858541170756022,0.6390531063079834,0.6461702817490513
T-few,P26,1,exactly four red apples rolling across a wooden table,count,81,0.1179262179415673,0.09568259809166194,0.04984056199900806,0.4226383261555781,0.21738226339220998,-0.1272892915670405,0.00016369501495319127,0.268235519528389,0.0,0.8790799975395203,0.9635015726089478,0.9953374266624451,0.0034424284007400275,130.35522348784403,95.8861312866211,0.2604196071624756,0.5210494995117188,0.6305749813715616,0.607708215713501,-0.8268969916918385
T-few,P22,1,a basketball player dribbling past two defenders and dunking the ball,multi,81,1.98686658218503,1.3616360243409873,1.2102487264201045,0.6091239986356566,3.3115868091583245,0.4650114782612143,0.0024307293771926195,7.262779414653778,0.0,0.9108463525772095,0.9213247299194336,0.972400426864624,0.016687929222825915,344.26407036482834,37.731998443603516,0.20249047875404358,0.48806849122047424,0.6500433286031088,0.5721285939216614,0.19579338402833635
T-few,P00,2,a horse taking a peaceful walk,general,81,2.5095879271626473,2.056877395324409,1.1490467252209782,0.4578625259237558,4.569803380966186,0.022572803356432244,0.0014386193470272701,7.104944574832916,0.0,0.8877871632575989,0.9618558883666992,0.9528270363807678,0.02158753974363208,854.262131113757,70.70088195800781,0.21217745542526245,0.6075053215026855,0.6830528974533081,0.596951961517334,0.36203590473108793
T-few,P07,2,A tranquil tableau of a picturesque barn was painted a warm shade of red and nestled in a picturesque meadow,general,81,0.07673346849624067,0.05969181880354881,0.038886844809167084,0.5067715404984163,0.18303945809602737,-0.23067783420676038,0.00012509054881775227,0.2004957091063261,0.0,0.9624547958374023,0.9794783592224121,0.9745587110519409,0.013995561754563823,4126.385623672222,112.95596313476562,0.23900024592876434,0.7188608646392822,0.6698790192604065,0.6515020132064819,0.5966719501097808
T-few,P04,2,a dog running happily,general,81,19.258905708789825,17.455770140886308,7.661908462643623,0.39783714509332474,29.50826721191406,-0.15339167066518966,0.011093953900126508,64.44374446868896,1.0,0.7754730582237244,0.9284172058105469,0.9530653953552246,0.040562897664494814,10.973784385391058,36.6935920715332,0.23013824224472046,0.6277876496315002,0.7201321423053741,0.6779888868331909,0.0016565375983526032
T-few,P26,2,exactly four red apples rolling across a wooden table,count,81,0.08494376256130635,0.06846398643683642,0.04047364022117108,0.4764701083478859,0.17411252483725548,-0.2576417902505694,0.00011274636494817969,0.20731065794825554,0.0,0.9669964909553528,0.943764328956604,0.994592010974884,0.00337224167160457,181.53993980722802,98.49234008789062,0.2390575408935547,0.5204653143882751,0.6501750548680624,0.6240817308425903,-0.8305600289029709
T-few,P01,2,a person drinking coffee in a cafe,general,81,0.31066281129606066,0.18002850674092769,0.22190280677750707,0.7142859860366392,1.0337614059448241,0.6629042659030383,0.00045048799242977113,2.380269456654787,0.0,0.9187016487121582,0.9433490633964539,0.9951133131980896,0.004490455414634198,17.312824991970903,34.65077209472656,0.25049757957458496,0.6856650114059448,0.7477094829082489,0.7050890922546387,-0.6511094203102479
T-few,P18,0,a flock of hundreds of starlings swirling in a murmuration at dusk,fast,81,1.2085597097873688,1.0174006830900908,0.42586713982746005,0.35237546312620577,1.7801828801631925,0.1627657172965756,0.001613891678789514,2.0073278486728667,0.0,0.9511171579360962,0.96641606092453,0.9852370023727417,0.011902116180863231,81.20689448052232,49.80008316040039,0.17156502604484558,0.6851317882537842,0.6383760174115499,0.5918501615524292,0.028515296388895273
T-few,P15,3,"a cheetah sprinting at full speed across the savanna, dust flying behind it",fast,81,12.702035519480706,10.907624846324325,8.483763027191163,0.6679057341852142,28.434859085083,-0.01961224602968588,0.01568567056528991,74.85265970230103,1.0,0.8747860193252563,0.9294272661209106,0.9698482155799866,0.02636365022044629,53.515031925003875,69.84140014648438,0.30848655104637146,0.640372097492218,0.6953739921251932,0.5792350769042969,-0.20812155181266023
T-few,P24,1,a panda playing a violin on a stage under spotlights,rare,81,0.1566368962172419,0.11599241824587807,0.0804264593636617,0.5134546703316153,0.3312437251210213,0.1275696681127679,0.00025372534587404517,0.6246382713317871,0.0,0.9157302975654602,0.9607008099555969,0.9962229132652283,0.0032801656707306392,22.499008270543555,61.68039321899414,0.30894890427589417,0.594041109085083,0.6294245521227518,0.5296021699905396,-0.8944106940054555
T-few,P25,3,a giraffe wearing sunglasses roller-skating down a boardwalk,rare,81,2.9841303408145903,2.1155755389481783,1.7926534298807382,0.6007287297855296,4.677753376960754,-0.18139571649912437,0.009956525373854674,9.15427998304367,0.0,0.9111995697021484,0.9484522938728333,0.9803277254104614,0.011554976494517177,190.14855357371312,45.33131790161133,0.27195632457733154,0.6255910992622375,0.6273930867513021,0.5849426984786987,-0.334620611983806
T-few,P15,0,"a cheetah sprinting at full speed across the savanna, dust flying behind it",fast,81,14.987166671920567,12.34857796477154,5.390439799614251,0.35967034716730306,37.998922348022454,-0.05616941337477614,0.013218299753225438,38.12861546278,1.0,0.6929689645767212,0.954766571521759,0.9388489723205566,0.061291449889540675,3.7081510705151572,70.18433380126953,0.1688161939382553,0.4965722858905792,0.6039177576700846,0.5093386173248291,0.5483118851108348
T-few,P11,0,A person is sweeping floor,general,81,0.6878473410382867,0.6023657202720643,0.233609805861488,0.339624001286186,2.054306888580322,0.8126547117088982,0.0009719081863067913,2.176735284924507,0.0,0.8220582008361816,0.9574519395828247,0.9948604106903076,0.0038732389250071718,16.425101552607174,16.359329223632812,0.21077091991901398,0.6369690895080566,0.7139641642570496,0.649873673915863,-0.9419233265809872
T-few,P19,0,two dogs playing tug-of-war with a rope toy in a backyard,multi,81,0.8955097805708647,0.7044050445780158,0.3960445130709559,0.44225543864305894,1.361303126811981,0.28996925092124676,0.0009694153291093244,2.2273114681243897,0.0,0.9107603430747986,0.9417988061904907,0.9653480052947998,0.01833904256345704,1061.5608246422319,62.50728988647461,0.2531374990940094,0.6645923256874084,0.5912116765975952,0.5739861726760864,0.5472156405980062
T-few,P00,1,a horse taking a peaceful walk,general,81,1.7772258263081313,1.409921360015869,0.7419084010645747,0.41745284849529074,3.0978165268898,0.1937001878226042,0.0011516839773321407,3.8354438841342926,0.0,0.9346135258674622,0.9571609497070312,0.953013002872467,0.02027823233511299,1637.8816664380513,59.14088439941406,0.25077947974205017,0.6000866889953613,0.6667451858520508,0.5423406362533569,0.4317862485438333
T-few,P20,1,a chef tossing vegetables in a flaming wok while a second cook plates dishes beside him,multi,81,0.34487203527241944,0.08543801971245557,0.3101813294459134,0.8994073114498424,1.200914418697357,0.49191925063950837,0.0002761015783107723,4.828715798258782,0.0,0.9640032052993774,0.9665269255638123,0.9761548638343811,0.02317711440846324,55.21157970116635,89.32263946533203,0.259310781955719,0.5621539354324341,0.7317946553230286,0.6643248796463013,0.9753557823211323
T-few,P27,2,five yellow rubber ducks floating down a small stream,count,81,0.645493941474706,0.5308289700187743,0.23955139932222663,0.3711127445475319,1.2357542216777802,-0.24817549777582396,0.00031502779963830105,3.0372670173645018,0.0,0.9571901559829712,0.9679716229438782,0.9210566878318787,0.039416941604577004,17133.68861116205,47.38239669799805,0.2690815329551697,0.7025541067123413,0.6641882260640463,0.6352688074111938,1.3923157011785792
T-few,P22,0,a basketball player dribbling past two defenders and dunking the ball,multi,81,1.4821172636002302,1.0288826670497655,0.8754324270412326,0.5906630047960612,2.8751398682594287,0.3040026080280908,0.0015951029386997106,8.413227844238282,0.0,0.8817214965820312,0.9184429049491882,0.9740564227104187,0.019279418978840113,232.74570371089686,35.12860107421875,0.21427392959594727,0.6020272970199585,0.7211483319600424,0.6928228139877319,0.44478957554672194
T-few,P03,2,a boat sailing smoothly on a calm lake,general,81,1.1555976368486882,1.0473212065175175,0.3232386119198054,0.27971529353935165,1.8995710194110869,0.18733267945946086,0.0009461110503252712,3.1547481656074523,0.0,0.9638253450393677,0.9795417785644531,0.9776104688644409,0.012461485958192497,908.3057483331902,59.393917083740234,0.24306990206241608,0.6349759697914124,0.7100978195667267,0.6719236969947815,0.0881603340196424
T-few,P09,0,a cow chewing cud while resting in a tranquil barn,general,81,0.042126468138303605,0.024626147696108092,0.02843236532062292,0.6749127487861377,0.086184211820364,0.59727348593684,5.615696302427864e-05,0.3902590496465564,0.0,0.9577202200889587,0.9720592498779297,0.989829421043396,0.006593414628878236,487.3330003502046,36.97650146484375,0.21742460131645203,0.5816032886505127,0.5468805432319641,0.5364537239074707,-0.13744788003763464
T-few,P20,3,a chef tossing vegetables in a flaming wok while a second cook plates dishes beside him,multi,81,1.0667469545267523,0.6132707874756307,0.6238971236161888,0.584858982825959,2.3462051630020135,0.4992004546969591,0.0016666785617871938,12.604531198740005,1.0,0.9301677942276001,0.9593997001647949,0.9793785214424133,0.014570938213728369,529.8845775836817,34.3073844909668,0.21933385729789734,0.6201337575912476,0.6637006402015686,0.5866111516952515,0.26833134584329077
T-few,P13,0,a bear climbing a tree,general,81,0.2065967760514468,0.18454690559301526,0.07705169867258518,0.3729551215178514,0.4498506382107734,0.36974389388823964,0.00044300092195044273,0.6261132322251797,0.0,0.9313589930534363,0.958302915096283,0.9494237899780273,0.030911091167945416,4926.394990102747,52.168174743652344,0.21281924843788147,0.4753384590148926,0.40192753076553345,0.33804649114608765,1.3246312936403508
T-few,P06,0,A person is reading book,general,81,0.14339356729760766,0.11842364843469114,0.06217804251937196,0.433615050354905,0.371486610174179,-0.028591775552846904,0.00012600884457469874,0.3369782637804747,0.0,0.9282180070877075,0.9547687768936157,0.997194230556488,0.0023294955084566028,20.473814427136727,27.374921798706055,0.23282137513160706,0.7050321698188782,0.7158052921295166,0.7158052921295166,-1.230018124917886
T-few,P10,1,an airplane taking off,general,81,1.058622492849827,0.8889713436365128,0.5114152465946973,0.4830945563261226,1.9776897132396696,-0.027447049492623377,0.0009217619501214358,5.335782939195633,0.0,0.8590113520622253,0.9130023121833801,0.9854998588562012,0.009459587244782597,102.88996879207733,26.874889373779297,0.23405033349990845,0.5952777862548828,0.6380171477794647,0.5890350937843323,-0.1614050826125979
T-few,P13,3,a bear climbing a tree,general,81,0.037718877790030095,0.028086554416222497,0.02157068558735773,0.5718652034726149,0.08225697539746758,-0.014644299950191793,5.073175321399503e-05,0.10556090828031302,0.0,0.9697009921073914,0.9855678677558899,0.9678431153297424,0.02000410482287407,5034.899545582187,107.87382507324219,0.14097042381763458,0.45116370916366577,0.5760209858417511,0.5737515091896057,0.9747127106088582
T-few,P16,2,a surfer riding a large barreling wave and getting wiped out by the whitewater,fast,81,5.026753973215818,3.549387476965785,2.994366831332445,0.595685854450317,10.813928747177123,0.06966298272170403,0.014151872054935666,27.92325735092163,1.0,0.8571063876152039,0.9366526007652283,0.9725342988967896,0.025982651731465013,18.534129814659586,114.41645812988281,0.2258031964302063,0.5714734792709351,0.6126673420270284,0.3783603310585022,0.24165591121746566
T-few,P12,2,a motorcycle turning a corner,general,81,3.655402046442032,2.825661977566779,1.745376077108085,0.4774784216495464,7.4066163301467896,0.5159011160978589,0.003559009125092416,8.477271246910096,0.0,0.8707438707351685,0.9562234878540039,0.9633442163467407,0.0265714077046141,368.5100490928013,14.505393028259277,0.18033330142498016,0.5614054203033447,0.5846363306045532,0.5253005027770996,0.4100213617074995
T-few,P09,3,a cow chewing cud while resting in a tranquil barn,general,81,0.02469527944922447,0.018307431181892753,0.0156867679907009,0.6351874995159851,0.05918848197907208,-0.20745846207674917,4.9009799124632994e-05,0.08187208948656917,0.0,0.9813368916511536,0.9722160696983337,0.9780768752098083,0.010002445575082675,3091.9977096853204,40.200809478759766,0.21316488087177277,0.6210834980010986,0.5841280817985535,0.5424606800079346,0.28879485883576894
T-few,P18,2,a flock of hundreds of starlings swirling in a murmuration at dusk,fast,81,4.922944366931915,4.201945868134499,1.4818544916808605,0.30100973730780684,6.194019150733948,-0.1703842731715101,0.008078920762636698,6.3004130005836485,0.0,0.9551973342895508,0.9542404413223267,0.9030742049217224,0.04726553182117641,1745.3196024469764,100.1969985961914,0.16960835456848145,0.5324782729148865,0.6073379913965861,0.5800528526306152,0.8498135311748172
T-few,P27,0,five yellow rubber ducks floating down a small stream,count,81,0.6354893835261464,0.5784744065254926,0.2899059131741524,0.4561924471076195,1.0289950788021087,-0.12607582883819854,0.0027281768661850947,2.080866500735283,0.0,0.960326611995697,0.9740773439407349,0.9596326947212219,0.018331430805847048,4123.257653181016,35.90184020996094,0.16814258694648743,0.5889319777488708,0.5806926886240641,0.5534197092056274,0.6302140278467809
T-few,P06,2,A person is reading book,general,81,0.31107590785250067,0.155032153474167,0.23496086201630534,0.7553143807373632,0.8134046882390974,0.6834652805538614,0.00032699795360713324,3.390448711812496,0.0,0.851902186870575,0.9395293593406677,0.9958440661430359,0.0036513246508548037,13.0706433541885,25.621461868286133,0.2171585112810135,0.7297151684761047,0.7507569789886475,0.7507569789886475,-0.8581005164137698
T-few,P10,3,an airplane taking off,general,81,0.7022740056738257,0.5306405582465231,0.33260114435106514,0.4736052709606797,2.0156176805496213,-0.17618572684163947,0.0013921139636295266,2.588026675581932,0.0,0.9009467959403992,0.9550866484642029,0.9937373995780945,0.0051211710320785645,20.033746417741185,31.911582946777344,0.24718789756298065,0.5749466419219971,0.6187469661235809,0.537731409072876,-0.6675058236417453
T-few,P03,0,a boat sailing smoothly on a calm lake,general,81,0.3881751524284482,0.34868942787870766,0.10926944406237453,0.2814944797066481,0.6750175744295119,0.005708375545651978,0.0005200031422191387,0.9412196606397629,0.0,0.8846414685249329,0.9675129055976868,0.991526186466217,0.00672956814232748,355.7959617668209,54.32210922241211,0.2512362599372864,0.6726990938186646,0.7149142920970917,0.6744113564491272,-0.27910943732672333
T-few,P18,3,a flock of hundreds of starlings swirling in a murmuration at dusk,fast,81,0.7452701203525066,0.6387040203437209,0.2451007694005966,0.3288746373060399,1.4478355586528777,0.13546884142906282,0.0009174211766548978,2.0456987857818603,0.0,0.9325564503669739,0.9479290843009949,0.9914538264274597,0.006587704364210367,42.470444200479086,49.46672058105469,0.2454627901315689,0.7071070671081543,0.7562436461448669,0.733741819858551,-0.4298295088243247
T-few,P16,1,a surfer riding a large barreling wave and getting wiped out by the whitewater,fast,81,0.7813257792964577,0.6279332488775253,0.31998685635626317,0.4095429272811997,1.6210658311843869,0.21143550102251332,0.00082659520182915,1.651910635828972,0.0,0.9284759759902954,0.9646008610725403,0.9901406764984131,0.007684296218212694,64.78967882850408,89.45169067382812,0.23235416412353516,0.6219208836555481,0.6433919668197632,0.4329186677932739,-0.28743770301132443
T-few,P01,1,a person drinking coffee in a cafe,general,81,0.08109932723455131,0.06421332664322107,0.03896954453084618,0.4805103241833027,0.18559641465544702,0.001116772360437672,0.00014234917753128685,0.21538332998752593,0.0,0.9703893661499023,0.9844217300415039,0.9973510503768921,0.0024714259154279715,14.170879136218646,44.48095703125,0.23515565693378448,0.5329768657684326,0.570742666721344,0.5162861347198486,-1.1392276035112454
T-few,P21,1,three children chasing each other around a fountain in a city square,multi,81,0.7349306739866733,0.44249732717871665,0.5248287801165133,0.7141191469807711,1.399046766757965,-0.08529178672303481,0.00043783521041405036,3.5755336403846742,0.0,0.9200983047485352,0.936208188533783,0.9345415830612183,0.03632117444649339,4126.02500797515,46.52217102050781,0.26137346029281616,0.6526403427124023,0.6325984398523966,0.5210500955581665,1.2806013747753355
T-few,P12,3,a motorcycle turning a corner,general,81,1.8004647590219975,0.9523468017578125,1.4795878047589213,0.8217805850207475,4.421862864494323,-0.29501177671610823,0.0016661650069124789,6.082386773824692,0.0,0.8738793730735779,0.9318521618843079,0.9614436626434326,0.02074443274177611,1334.0108354060817,42.004276275634766,0.17823150753974915,0.5142781734466553,0.6086987555027008,0.5178951025009155,0.4498041363890857
T-few,P28,0,"two cats sitting side by side on a windowsill, one black and one white, watching birds outside",count,81,0.05145089053548872,0.03717166915885173,0.031000520184170453,0.6025146959913548,0.12503736279904842,-0.23548495385283397,8.62939274782093e-05,0.16150210592895747,0.0,0.9537846446037292,0.9764847755432129,0.9959907531738281,0.002648075620527379,106.12555556008371,15.992242813110352,0.259736031293869,0.7351558208465576,0.6466462214787801,0.6309053897857666,-1.0544960273021067
T-few,P12,0,a motorcycle turning a corner,general,81,3.7700317624956368,2.651877897977829,2.1888992754742502,0.5806048417534895,7.066866731643676,0.13296253525990936,0.004102311733004171,8.753717768192292,0.0,0.8823550343513489,0.9345819354057312,0.9653781056404114,0.02085713215637952,533.2265692887102,14.534337997436523,0.16558809578418732,0.5267608761787415,0.6137382388114929,0.5392545461654663,0.15414017320632434
T-few,P17,3,"a red race car drifting around a tight corner on a wet track, tires smoking",fast,81,240.84531310796737,193.52401017844676,97.46343339681626,0.40467232571161776,557.5206665039062,-0.0941594831919883,0.28301295583078173,524.8186019897461,1.0,0.7626511454582214,0.8810329437255859,0.8917913436889648,0.10794889023527503,89.32802908001857,39.00986862182617,0.23747506737709045,0.7820480465888977,0.7394942045211792,0.6819640398025513,-0.42143054122238555
T-few,P09,2,a cow chewing cud while resting in a tranquil barn,general,81,0.06472454350441695,0.03268313850858249,0.04630320061696693,0.7153775481824598,0.1397944927215576,0.533846687353373,8.417603694397258e-05,0.9299816489219666,0.0,0.9570437669754028,0.9818835258483887,0.9859886765480042,0.007719588157488033,1252.5841938233682,49.17379379272461,0.2690127193927765,0.6456409096717834,0.618544340133667,0.5631756782531738,0.008091510699870241
T-few,P02,0,a bird soaring gracefully in the sky,general,81,0.43332716161385176,0.352773980749771,0.1940595803083852,0.44783514550645787,0.9957465052604673,-0.19183988422764425,0.0006845298774805997,1.288395695388317,0.0,0.7646052241325378,0.864423930644989,0.9980795979499817,0.001876403347705491,1.0058387249674026,22.016071319580078,0.2221192717552185,0.6371430158615112,0.7145445346832275,0.7145445346832275,-1.5739749922818191
T-few,P23,0,"an astronaut riding a horse on the moon, with the Earth visible in the sky",rare,81,0.1251970031298697,0.07767692278139293,0.07126729658339173,0.569236687501039,0.20536443367600438,-0.018969878934270455,0.00021934681851689674,0.86892906203866,0.0,0.9805471301078796,0.9845342636108398,0.9954056739807129,0.0027766195125877857,159.91280663261438,41.14122009277344,0.21748648583889008,0.4973587095737457,0.551607072353363,0.4497753381729126,-1.0454352859347198
T-few,P15,2,"a cheetah sprinting at full speed across the savanna, dust flying behind it",fast,81,38.31758713722229,33.95026163160801,15.652263988554477,0.4084877141144912,155.07718353271483,0.33019654297368245,0.118551041232422,138.0831781387329,1.0,0.7133342623710632,0.8887123465538025,0.955712080001831,0.04266678353305906,13.604251222288017,72.16104888916016,0.2583456337451935,0.6202740669250488,0.6645180980364481,0.5982241630554199,-0.3226419644246761
T-few,P25,2,a giraffe wearing sunglasses roller-skating down a boardwalk,rare,81,9.171327686309814,7.696965888142586,5.061659891158342,0.5519003913483073,30.294778919219972,0.3254321613214402,0.010066206286865054,44.649705743789674,1.0,0.8513116240501404,0.9379822015762329,0.9620734453201294,0.02965973091777414,153.78794657070566,29.48469352722168,0.22521626949310303,0.5693215131759644,0.6202532251675924,0.5825889706611633,0.0781336140411022
T-few,P12,1,a motorcycle turning a corner,general,81,44.90783045291901,47.02345296144485,14.257958716154098,0.31749381466130294,55.7332218170166,0.46060982331079114,0.01806870608124882,114.44865436553955,1.0,0.9404687881469727,0.9447556734085083,0.9377927184104919,0.06417866554111243,999.4170209836365,41.61829376220703,0.24755078554153442,0.7114145755767822,0.7277302443981171,0.6613297462463379,-0.002006910473964396
T-few,P29,0,a full glass of water tipping over on a table and spilling across the surface,physics,81,0.7556017216295003,0.508522536046803,0.4932585691101849,0.6528014722425095,1.5295652925968168,0.3521278133663952,0.0016232627696808777,3.447944128513336,0.0,0.7874072194099426,0.94749516248703,0.9906772971153259,0.007137395354220644,41.827625831076304,9.48592472076416,0.2234925776720047,0.678629457950592,0.6974304914474487,0.5694730281829834,-0.353035037932413
T-few,P17,2,"a red race car drifting around a tight corner on a wet track, tires smoking",fast,81,151.8034403949976,125.66073217540979,62.337500946223734,0.41064616436474244,558.9241485595703,0.24517620744066412,0.2086669241427444,423.0219333648682,1.0,0.7740168571472168,0.8822900056838989,0.8602858185768127,0.15170848183333874,82.06266597073922,41.080162048339844,0.22219876945018768,0.7127467393875122,0.700133482615153,0.6239289045333862,0.17844326596614057
T-few,P28,2,"two cats sitting side by side on a windowsill, one black and one white, watching birds outside",count,81,0.06285127236042172,0.04734627911821008,0.03521102403756231,0.5602187910668891,0.11116291619837282,0.01414473598254725,9.286580170737579e-05,0.27001474779099227,0.0,0.9265926480293274,0.9695684313774109,0.9967188835144043,0.002380205011286307,53.444515617415455,13.53741455078125,0.2856065630912781,0.7316321134567261,0.6451248923937479,0.6318744421005249,-1.1671968373702146
T-few,P14,1,A tranquil tableau of a bunch of grapes,general,81,0.08809422114863992,0.07074300263775513,0.03916939269984141,0.4446256242861607,0.27801074385643004,-0.2496019535484305,0.00010180638479155846,0.22131064478307963,0.0,0.9455806612968445,0.9895705580711365,0.9947416186332703,0.0038780395552748814,108.80979101767964,87.24938201904297,0.19656360149383545,0.6663892269134521,0.7233114242553711,0.7233114242553711,-0.6924859004160577
T-few,P14,0,A tranquil tableau of a bunch of grapes,general,81,0.03535228957189247,0.024339431658154352,0.022615765582304447,0.6397075309304469,0.06323879845440386,-0.1086992144277961,5.753350416739522e-05,0.10644858833402396,0.0,0.9844722747802734,0.9856395721435547,0.9951264262199402,0.003549802892666776,108.02569097201835,56.704227447509766,0.1862105429172516,0.7123242020606995,0.7478077411651611,0.7478077411651611,-0.7528102580736729
T-few,P21,2,three children chasing each other around a fountain in a city square,multi,81,2.3521235562860965,1.7817495187744499,1.2379726823419333,0.5263210568647091,3.7216002941131587,0.49527967040558835,0.0016083014768810244,11.722352623939514,1.0,0.8862079977989197,0.9304426312446594,0.9289328455924988,0.04131941869854927,3429.282541952846,30.124492645263672,0.3066560626029968,0.7284939289093018,0.7023700674374899,0.6511260271072388,1.0371817756450197
T-few,P06,3,A person is reading book,general,81,0.38392238821834324,0.33579694842919705,0.16706422613933683,0.43514990559607375,0.7970965176820755,-0.296474851641005,0.0008258994535026432,1.1954080507159233,0.0,0.9299083948135376,0.9374136328697205,0.9957552552223206,0.003109121417219285,20.647334993479824,48.005577087402344,0.2154366374015808,0.7393394708633423,0.7719027996063232,0.7719027996063232,-1.0493726164450337
T-few,P18,1,a flock of hundreds of starlings swirling in a murmuration at dusk,fast,81,2.5271086782217025,2.211282968521118,0.7382100913673639,0.29211636429125376,3.25501457452774,-0.17429155720577952,0.0033416989346733315,4.452792137861252,0.0,0.9669708609580994,0.9603747725486755,0.9097675681114197,0.03386210659518838,3415.377839810904,38.534488677978516,0.20564576983451843,0.6707355976104736,0.7202358245849609,0.6780068278312683,0.809384120158092
T-few,P14,3,A tranquil tableau of a bunch of grapes,general,81,0.02681648903526366,0.01631063671084121,0.019741391378920524,0.7361386949002414,0.0491858197376132,-0.0579740270315308,4.043135557765254e-05,0.08328210823237896,0.0,0.9937347769737244,0.9856355786323547,0.9924232363700867,0.0047115484470850785,511.2631750038639,109.84246063232422,0.2541798949241638,0.7008408308029175,0.7644816637039185,0.7644816637039185,-0.4650749930570033
T-few,P05,1,A person is playing guitar,general,81,0.8857608586549759,0.4216277891304344,0.6611173548735678,0.7463827307685957,1.7906832516193387,0.27286343430974147,0.0008172476581421506,8.479066455364228,0.0,0.9839562773704529,0.9692390561103821,0.981452465057373,0.014243050670484082,126.204357228542,61.423667907714844,0.2479306161403656,0.6310769319534302,0.6934704184532166,0.6934704184532166,0.2973833162804187
T-few,P19,1,two dogs playing tug-of-war with a rope toy in a backyard,multi,81,0.17214141250588,0.052576983682229184,0.14096626518294214,0.8188932822010209,0.3231813505291938,0.4617403536028029,0.00012453121515818567,3.028238809108734,0.0,0.9142991900444031,0.9394380450248718,0.9733434915542603,0.014750079740770161,2014.7951655309396,65.79154205322266,0.2999207377433777,0.7239106297492981,0.5674886405467987,0.5591334700584412,0.6011789012628617
T-few,P27,3,five yellow rubber ducks floating down a small stream,count,81,0.31797609832137824,0.07449438686016947,0.2753012857399881,0.8657896659643776,0.46420215368270873,-0.3189427725927873,0.00013450082274175658,3.51820222735405,0.0,0.9739500880241394,0.9821136593818665,0.979490339756012,0.013033513334812596,1819.724580008503,63.510311126708984,0.2701341509819031,0.708952784538269,0.6571205059687296,0.6078107357025146,0.4111687583066388
T-few,P29,1,a full glass of water tipping over on a table and spilling across the surface,physics,81,0.14184160940349103,0.08159597344929352,0.1014522506389767,0.7152452360093127,0.2652581915259361,0.2024053798819287,0.0003147698370867147,0.5828332237899303,0.0,0.8707739114761353,0.9465274214744568,0.9949606657028198,0.004122665821341798,209.4891954885843,20.15694236755371,0.2617986798286438,0.6355541348457336,0.6800271272659302,0.5196707844734192,-0.6585886322758432
T-few,P13,2,a bear climbing a tree,general,81,0.1380971558392048,0.11364313654485159,0.05820642332546413,0.4214858842375639,0.3407943844795227,-0.0009373883632016218,0.0003448329397201633,0.3489471685141325,0.0,0.9615598917007446,0.9550186991691589,0.9325575828552246,0.04005330007057637,13291.21548994472,68.4638671875,0.13730166852474213,0.39091232419013977,0.4938419461250305,0.477267861366272,1.6167618448636638
T-few,P04,0,a dog running happily,general,81,27.731127429008485,26.015847206115723,5.112137988209724,0.1843465548579015,44.132700538635255,0.43638964862938456,0.013714594446355477,60.24651660919189,1.0,0.7611247301101685,0.9219345450401306,0.9702344536781311,0.02154512205161154,9.941765323510053,24.0794734954834,0.22847232222557068,0.5403170585632324,0.7220726907253265,0.7220239043235779,-0.8285483015805197
T-few,P07,3,A tranquil tableau of a picturesque barn was painted a warm shade of red and nestled in a picturesque meadow,general,81,0.07616457249969244,0.057924601482227445,0.03854870379436761,0.5061171672348852,0.23865717872977257,-0.326106079478865,8.928082654620084e-05,0.1936177272349596,0.0,0.9564332365989685,0.9859437346458435,0.9885486364364624,0.006475430537830107,1138.652719090154,88.20159149169922,0.20668412744998932,0.6800835728645325,0.6164396107196808,0.5584177374839783,-0.17367146635896624
T-few,P00,3,a horse taking a peaceful walk,general,81,0.447500224551186,0.3673549069557339,0.1694101225119084,0.37856907024514963,1.2484841227531427,-0.010123169314217889,0.0006100641624698256,1.1202005222439766,0.0,0.9258826375007629,0.9648081064224243,0.9788642525672913,0.01281590603175573,555.3224602250763,46.52830505371094,0.2524932026863098,0.5748575329780579,0.6749857068061829,0.5856326818466187,0.3413377148910932
T-few,P10,2,an airplane taking off,general,81,3.0631281372159718,2.70508779771626,1.0605104804039,0.346218012005782,5.244788980484008,-0.03553029948623971,0.0016496808732881618,10.56488471031189,0.0,0.8876526951789856,0.9423476457595825,0.9848823547363281,0.011218044348061085,61.23884356478565,38.242984771728516,0.22321917116641998,0.5647330284118652,0.6045199036598206,0.5420783758163452,-0.3753105794929912
T-few,P08,3,"In a still frame, a stop sign",general,81,0.03648731952998787,0.024600856541655957,0.02328739792574197,0.6382151391379715,0.0843856632709503,-0.3043411623465032,4.550556295441765e-05,0.10262213461101055,0.0,0.9503224492073059,0.9844309687614441,0.9948458671569824,0.00330233832646627,114.54802111263561,86.37802124023438,0.2046421766281128,0.5273923873901367,0.5690454840660095,0.5690454840660095,-0.8256698598841812
T-few,P01,3,a person drinking coffee in a cafe,general,81,0.47077649710699915,0.3631224687211215,0.20280363853089511,0.43078447839405026,0.8955929994583128,-0.1866372285444039,0.0003843020854901624,2.0358035787940025,0.0,0.9449888467788696,0.9752882122993469,0.995175838470459,0.0035499383229762316,26.054465644836487,48.0875244140625,0.18850290775299072,0.5129545331001282,0.5494681596755981,0.5414237380027771,-0.9512340160922079
T-few,P29,2,a full glass of water tipping over on a table and spilling across the surface,physics,81,1.978580329567194,1.1698837059549987,1.2758128115907312,0.6448119127202164,4.560969638824459,0.07734486858737463,0.0019065846279772813,11.455913311243057,1.0,0.8824119567871094,0.9421600699424744,0.9810192584991455,0.017359134973958135,32.12555058887399,10.285394668579102,0.23439209163188934,0.5497357845306396,0.5978849331537882,0.43057358264923096,0.23679485174454662
T-few,P11,1,A person is sweeping floor,general,81,0.44285289756953716,0.23360966709442438,0.32228055950254203,0.7277356285476462,1.2967013120651245,0.660353821827895,0.0005085170651454973,5.953679096698761,0.0,0.8513984084129333,0.9368066191673279,0.9918740391731262,0.007447656069416553,17.587157626192795,28.88984489440918,0.22220498323440552,0.7315104007720947,0.6963135004043579,0.6330807209014893,-0.19957575169358144
T-few,P17,1,"a red race car drifting around a tight corner on a wet track, tires smoking",fast,81,82.67601903751492,63.62848676890135,47.72531230933964,0.5772570122229383,218.35215301513668,-0.18385702097897294,0.10144666947071528,316.5742259979248,1.0,0.8269718289375305,0.9394758343696594,0.9031256437301636,0.10456707002595067,73.42340789769962,18.84596061706543,0.1643829196691513,0.5972800254821777,0.5784550905227661,0.5394464731216431,0.14676185450158297
T-few,P04,1,a dog running happily,general,81,29.837816393375398,25.71614178419113,9.061516004800797,0.3036923205653989,44.40523433685303,-0.4290687180211571,0.031167956499848513,43.36874122619629,1.0,0.8639978766441345,0.9364174008369446,0.9716084599494934,0.02406020719790831,18.643127605698826,35.48149108886719,0.23738431930541992,0.5927901268005371,0.70708167552948,0.6869715452194214,-0.7581470801142594
T-few,P26,3,exactly four red apples rolling across a wooden table,count,81,0.08448637982364744,0.06159822316840291,0.04811107267159968,0.5694468543352048,0.17231351509690285,-0.20146432410876983,8.905685101581184e-05,0.21134717874228953,0.0,0.9352967143058777,0.9739908576011658,0.99773770570755,0.0022052234839065933,14.743577698723135,101.5398178100586,0.2471892535686493,0.5308552980422974,0.6316188971201578,0.5664404630661011,-1.2549136260780402
T-few,P23,1,"an astronaut riding a horse on the moon, with the Earth visible in the sky",rare,81,0.06714916459750384,0.05304074696032331,0.03349398595746607,0.49879231358892506,0.1241319302469492,-0.2710332823647455,9.004666197256483e-05,0.1668975019827485,0.0,0.9796897768974304,0.9871101379394531,0.9876571297645569,0.005742725703748874,2467.0068487416556,36.5671501159668,0.2482934296131134,0.5926419496536255,0.6643461386362711,0.6332820057868958,-0.28897690428955514
T-few,P07,0,A tranquil tableau of a picturesque barn was painted a warm shade of red and nestled in a picturesque meadow,general,81,0.0792082189116627,0.06217969165882096,0.036594736215192825,0.462000973093861,0.1711975686252117,-0.0516628871391613,0.00011270003409435958,0.19212491791695357,0.0,0.9560243487358093,0.9812409281730652,0.9862189292907715,0.008879221725510433,941.3920228130763,105.20671844482422,0.23916152119636536,0.7648500800132751,0.7089746594429016,0.6878369450569153,0.14038888612315858
T-few,P21,0,three children chasing each other around a fountain in a city square,multi,81,1.092616917565465,0.6693320674356074,0.6504545082338155,0.5953174460868595,2.2288881421089166,0.22917752675298375,0.0023450015419257397,7.962057507038116,0.0,0.9155451059341431,0.9392988085746765,0.941001296043396,0.03367779520340264,3058.952762037229,25.266756057739258,0.27167487144470215,0.6947823762893677,0.6932034889856974,0.6251242160797119,1.099069551363983
T-few,P16,0,a surfer riding a large barreling wave and getting wiped out by the whitewater,fast,81,1.326674816943705,1.0976251224055886,0.5253118094988167,0.39596094448227015,2.505465686321258,-0.1573611782810391,0.0020618946268768923,4.106288278102875,0.0,0.8714739084243774,0.9415304064750671,0.989384114742279,0.009659069502959028,16.822073654614183,103.79826354980469,0.18527036905288696,0.5385655164718628,0.5807415644327799,0.4148673415184021,-0.20973804597139445
T-few,P05,2,A person is playing guitar,general,81,6.740670515596866,4.844133223593235,5.225694250501692,0.7752483173835496,22.423535060882557,-0.025765781298981723,0.02354778501266992,37.45058553218841,1.0,0.8793324828147888,0.9481434226036072,0.9755432605743408,0.02155601845588535,7.527914151921455,21.460403442382812,0.176935613155365,0.6091048717498779,0.72963547706604,0.72963547706604,-0.08660336376872069
T-few,P08,0,"In a still frame, a stop sign",general,81,0.03660903290146962,0.026605787471635268,0.02211285535013303,0.6040108024389501,0.08939374014735221,-0.19952279440091633,6.545095713477167e-05,0.10492627006024122,0.0,0.9723717570304871,0.9784746170043945,0.9947149157524109,0.003117884295352269,130.06630159726936,19.64697265625,0.2124435007572174,0.6053425669670105,0.604140043258667,0.604140043258667,-0.8831944741268618
T-few,P02,1,a bird soaring gracefully in the sky,general,81,0.45256795757450163,0.36709819990210235,0.17808275381103159,0.3934930817293533,1.230585902929306,-0.20020595247509876,0.0008775584877639631,1.5344508752226829,0.0,0.8904063105583191,0.9794406890869141,0.9969671964645386,0.00282024131010985,4.487060497319825,13.995251655578613,0.21538731455802917,0.6866954565048218,0.7599762082099915,0.7599762082099915,-1.1742262115505557
T-few,P22,3,a basketball player dribbling past two defenders and dunking the ball,multi,81,1.7410180924460292,0.9083002030849456,1.2794477868825198,0.7348844090417016,3.4528797268867493,0.14215138587589277,0.0020376811636424463,10.284557104110718,0.0,0.8910108804702759,0.9461994171142578,0.976229190826416,0.01774563486687839,144.5126078797611,34.35602951049805,0.21922287344932556,0.5098641514778137,0.6633546749750773,0.6345723867416382,0.30580385430323176
T-few,P20,0,a chef tossing vegetables in a flaming wok while a second cook plates dishes beside him,multi,81,1.2723828616552055,0.43270175929646937,0.9548986187204719,0.7504799828868258,2.8501600027084337,0.4091507366032891,0.0009254632843976651,23.799734807014467,1.0,0.91352778673172,0.9530472159385681,0.9753984212875366,0.01968913630116731,98.10072275979775,48.94137191772461,0.24214500188827515,0.6647001504898071,0.6864856680234274,0.6292458176612854,0.515727242917138
T-full,P23,2,"an astronaut riding a horse on the moon, with the Earth visible in the sky",rare,81,1.2669246334582567,0.08401305866427719,1.2396999204531312,0.9785104095409224,3.5726571559906004,0.9010979562000664,0.0002918032488196332,21.27437906265259,1.0,0.907567024230957,0.9519720077514648,0.9680731296539307,0.015138171974103897,1814.452518939894,41.04720687866211,0.2758444845676422,0.522965669631958,0.6503215034802755,0.5714815855026245,0.2542545545292274
T-full,P07,1,A tranquil tableau of a picturesque barn was painted a warm shade of red and nestled in a picturesque meadow,general,81,1.9145832411944865,1.5277780459262431,0.9794108081609011,0.5115527366661382,2.379750072956085,0.2877140823905689,0.004200876601134951,5.142240595817566,0.0,0.990329921245575,0.9909501075744629,0.95986407995224,0.012967390893027186,1266.0620123256847,87.6839828491211,0.26960915327072144,0.7644888758659363,0.7074914872646332,0.6345781683921814,-0.04258754994914149
T-full,P21,3,three children chasing each other around a fountain in a city square,multi,81,0.9949040781706572,0.6039185670204461,0.729086453653872,0.7328201148540233,1.781788855791092,0.16910245036228597,0.0007171359501171537,8.176787114143371,0.0,0.9559850692749023,0.957248866558075,0.9703578948974609,0.016832562536001204,1058.3120865248889,30.016576766967773,0.30316269397735596,0.789036214351654,0.6877495646476746,0.6329668164253235,0.43261003367602857
T-full,P24,2,a panda playing a violin on a stage under spotlights,rare,81,3.260315253585577,1.5488655566237868,2.2930864840745926,0.7033325314845575,6.975385832786559,0.23797111752073247,0.003028574075869983,31.022472620010376,1.0,0.9459503293037415,0.9840349555015564,0.962753415107727,0.01939182000933215,390.77517332873555,31.539228439331055,0.307407021522522,0.5945466160774231,0.6343877712885538,0.544474720954895,0.1451881265702708
T-full,P05,3,A person is playing guitar,general,81,0.9920924212783575,0.46593370735645295,0.6839108695276082,0.6893613593832302,1.9620932638645172,0.1241738145008121,0.0007274571289713095,12.036985647678375,1.0,0.9901410937309265,0.9954062700271606,0.981541633605957,0.010591434588422998,296.8967184613249,47.05683898925781,0.2423233985900879,0.6975667476654053,0.6044443845748901,0.6044443845748901,-0.02982723830257239
T-full,P29,3,a full glass of water tipping over on a table and spilling across the surface,physics,81,0.7895543653517961,0.059438263159245254,0.7689732367405668,0.9739320008267455,1.506909370422363,0.42250710513965156,0.00018538910605911952,12.193513810634613,1.0,0.8743757605552673,0.9490770697593689,0.9875244498252869,0.008936130852089264,297.73595441050634,69.80049896240234,0.26844853162765503,0.4392220079898834,0.5918969114621481,0.40296393632888794,-0.13913751640436534
T-full,P24,0,a panda playing a violin on a stage under spotlights,rare,81,0.9525538172572852,0.6013854748569429,0.5488799594342708,0.5762187639916352,2.1244249343872066,0.7457046384981358,0.0006201304871865432,6.637550163269043,0.0,0.9787729382514954,0.9920148253440857,0.9849435687065125,0.007442799350246787,411.9651987044121,29.53657341003418,0.33189889788627625,0.6626853942871094,0.6989334026972452,0.6066098213195801,-0.3712522919278749
T-full,P08,2,"In a still frame, a stop sign",general,81,0.49142602728679774,0.1340635746018961,0.40495120524428785,0.8240312045514696,1.1714491605758666,0.8855912032969416,0.0001344264572026077,5.353081357479096,0.0,0.9596519470214844,0.9595557451248169,0.9837412238121033,0.009014613478211687,1087.6837258191892,48.1290283203125,0.2368975132703781,0.6338857412338257,0.6469123363494873,0.6469123363494873,-0.02737010004107887
T-full,P25,0,a giraffe wearing sunglasses roller-skating down a boardwalk,rare,81,6.1314925223588945,4.5169165402650835,3.6077817186713217,0.5884017826187549,7.777730560302734,0.366421202232589,0.01966381182719488,17.908837747573852,1.0,0.9015936255455017,0.9365567564964294,0.9483005404472351,0.01718015387887135,484.6148281913064,30.116682052612305,0.3289302587509155,0.7791506052017212,0.7552970846494039,0.7405617237091064,-0.2671520714125437
T-full,P23,3,"an astronaut riding a horse on the moon, with the Earth visible in the sky",rare,81,0.23009331412613393,0.04375663113314658,0.21659676674753428,0.9413390659831754,0.3201077222824097,-0.6847286475310771,0.00011421127837820677,1.7849608838558197,0.0,0.9762510657310486,0.9948815703392029,0.9856712818145752,0.007570172823034227,1165.143657897251,16.79218292236328,0.3038597106933594,0.4247284531593323,0.6011715531349182,0.4748160243034363,-0.09307139750712157
T-full,P06,1,A person is reading book,general,81,0.6427123040892184,0.05188244874589145,0.6159374399809167,0.9583393342911338,2.9569754004478446,0.5107768372013797,8.472037697515589e-05,14.043877416849137,1.0,0.9808403849601746,0.9936429858207703,0.9864722490310669,0.009370292600942775,403.258125636798,45.319244384765625,0.2143976092338562,0.7285090684890747,0.713321328163147,0.713321328163147,-0.04329785254451757
T-full,P28,3,"two cats sitting side by side on a windowsill, one black and one white, watching birds outside",count,81,0.18328005839139222,0.08686419613659382,0.12882369654253126,0.7028751234480074,0.49533829540014246,0.6939158379928263,0.00013735723237005005,2.296764411777258,0.0,0.9879510998725891,0.9953271746635437,0.9939157366752625,0.004437033901922405,317.6861000623282,37.572418212890625,0.2657864987850189,0.5934206247329712,0.4575735827287038,0.40539276599884033,-0.6052728754186107
T-full,P11,2,A person is sweeping floor,general,81,1.449816502444446,0.07125651678070426,1.4172218814492226,0.9775174317179466,2.714645230770111,0.8738745475291358,0.0001414510220115517,18.01099910736084,1.0,0.9429224133491516,0.9541260004043579,0.9788593053817749,0.011098400526680052,144.32016443294722,53.22517395019531,0.2328839749097824,0.7301967144012451,0.6882647573947906,0.5314021706581116,-0.10000406514372351
T-full,P19,2,two dogs playing tug-of-war with a rope toy in a backyard,multi,81,1.6452118370682,0.11027171360328794,1.583807023242116,0.9626760669242587,2.916124498844147,0.48577558500456597,0.00013368401096158777,22.46753625869751,1.0,0.9224928021430969,0.9747578501701355,0.9627349376678467,0.024145815917290748,603.4390414444586,61.932735443115234,0.29429203271865845,0.7134984731674194,0.5607183575630188,0.5351550579071045,0.6338742837172755
T-full,P13,1,a bear climbing a tree,general,81,1.9275255225598813,1.295348644629121,1.1130126506090163,0.5774305243441542,3.3011597275733946,0.8111584996575417,0.0027384428698496778,8.42863290309906,0.0,0.9325961470603943,0.9693190455436707,0.937964677810669,0.025816090777516364,1308.6552157567196,50.3238639831543,0.28777340054512024,0.6740390062332153,0.7624487280845642,0.7179269790649414,0.6434293796280146
T-full,P03,3,a boat sailing smoothly on a calm lake,general,81,0.27906275116838514,0.16375948055647313,0.24168291001114994,0.8660490980977325,0.431160144507885,-0.3502221551386656,0.0002507696017524097,2.0203748047351837,0.0,0.9900882840156555,0.9950666427612305,0.9841001629829407,0.008036038052523509,1406.967830952808,24.947265625,0.23059263825416565,0.7046594619750977,0.8040798306465149,0.7880545854568481,-0.0554282593766926
T-full,P01,0,a person drinking coffee in a cafe,general,81,1.0965480282902718,0.9459861868061126,0.461398955155164,0.420773666522301,2.1716607809066772,0.053581693237997274,0.0014905673540852149,3.1119335114955904,0.0,0.9650160074234009,0.986508846282959,0.9876325726509094,0.005383439327124507,94.5385038587173,45.410152435302734,0.24041837453842163,0.5017995834350586,0.6122400462627411,0.585382878780365,-0.7353467078146005
T-full,P27,1,five yellow rubber ducks floating down a small stream,count,81,1.0307814139872788,0.6484200555831194,0.8473141554743051,0.8220106823482944,1.424586963653564,0.2744305302870391,0.0018443783825205172,6.019354856014251,0.0,0.9870220422744751,0.9893965125083923,0.9800847172737122,0.015398340910905972,783.7354620262774,58.051212310791016,0.2561873197555542,0.7322201728820801,0.6256826718648275,0.5914096832275391,0.3334830738458825
T-full,P14,2,A tranquil tableau of a bunch of grapes,general,81,0.02594484551809728,0.015874597665970214,0.019142337865196167,0.7377804609159623,0.03344773519784212,-0.11198908076358634,3.327066636131804e-05,0.08551521282643079,0.0,0.9996612668037415,0.9994579553604126,0.9970765113830566,0.0023433471404132435,609.6291487120858,65.90259552001953,0.2609785199165344,0.7175165414810181,0.7723563313484192,0.7723563313484192,-1.1628167587607248
T-full,P03,1,a boat sailing smoothly on a calm lake,general,81,2.015115544945002,1.5239971738308669,1.237778002396226,0.6142463598451614,2.642776000499725,-0.20102945623922527,0.002797038009885,6.68222941160202,0.0,0.9674268960952759,0.979790210723877,0.9647886753082275,0.01733467400772497,993.3262094290436,31.110923767089844,0.22766263782978058,0.6747139692306519,0.7900838255882263,0.7491055727005005,0.2284925607905235
T-full,P24,3,a panda playing a violin on a stage under spotlights,rare,81,0.36890737833455206,0.13449268699623645,0.30043679308146237,0.8143940629318134,0.8192182809114456,0.3561649034470449,0.00021508609036118286,5.927818328142166,0.0,0.9891821146011353,0.9930669069290161,0.9886526465415955,0.008246343155042269,384.6165347754052,79.92080688476562,0.3162707984447479,0.5589917898178101,0.6112261215845743,0.5240024924278259,-0.06797604413697744
T-full,P02,2,a bird soaring gracefully in the sky,general,81,11.461251631379128,9.66711234971881,3.8268935650587084,0.333898369413939,21.0977783203125,0.523146196213894,0.023521892055578066,19.04778621196747,1.0,0.8172220587730408,0.933275043964386,0.9345617890357971,0.02941414141096175,713.3347176493824,59.37749099731445,0.2574338912963867,0.6873274445533752,0.7542513608932495,0.7542513608932495,-0.044973780746262015
T-full,P10,0,an airplane taking off,general,81,2.7053345128893853,2.5682762935757637,0.7441275876015425,0.275059261247338,4.885913157463072,-0.15691566707351157,0.0015868568194491671,6.626520729064941,0.0,0.9948402643203735,0.9662254452705383,0.988918125629425,0.004934458635398186,317.5974430275298,41.34113693237305,0.17431750893592834,0.5885915160179138,0.6763840317726135,0.570366621017456,-1.1443648759529204
T-full,P20,2,a chef tossing vegetables in a flaming wok while a second cook plates dishes beside him,multi,81,1.7090770438313485,0.7371009479276835,1.2556996412575245,0.7347234058677292,3.126855087280273,-0.12285178880725132,0.0009943456474502455,20.182258820533754,1.0,0.9750733375549316,0.982879102230072,0.9589288234710693,0.03382541844621301,175.02965259929312,62.2898063659668,0.2878512144088745,0.6475778818130493,0.7440044482549032,0.689677357673645,0.9574766342924912
T-full,P16,3,a surfer riding a large barreling wave and getting wiped out by the whitewater,fast,81,4.1613324791193005,3.096238151192665,2.8019384786486627,0.673327069966443,5.787605881690979,-0.41548082511557327,0.006842337297348422,10.525267505645752,0.0,0.9250656366348267,0.9834885001182556,0.9748237729072571,0.013870709377806633,269.9950948772533,66.07343292236328,0.2210788130760193,0.510974109172821,0.5801847875118256,0.263107568025589,-0.2983246926123204
T-full,P28,1,"two cats sitting side by side on a windowsill, one black and one white, watching birds outside",count,81,0.28176845805719497,0.051717587071470915,0.25935488380491734,0.920450660597403,0.43999140858650204,0.7223249342413163,0.00016914064030970621,1.9051409542560578,0.0,0.9943198561668396,0.9963469505310059,0.9945071339607239,0.004620826779864728,340.8931530754469,38.53032302856445,0.3150216341018677,0.5355200171470642,0.442695289850235,0.3774993419647217,-0.6098934866155314
T-full,P00,0,a horse taking a peaceful walk,general,81,3.2066286109387874,3.0857447825372217,1.2225359119474888,0.3812526110833155,4.784195184707642,0.6707278207553803,0.0027557154367968905,9.567870664596558,0.0,0.9756855964660645,0.9829967617988586,0.9629717469215393,0.016578399296849965,483.8933727278864,49.241512298583984,0.24954895675182343,0.6014177799224854,0.727341502904892,0.6736513376235962,-0.004384412197994791
T-full,P04,3,a dog running happily,general,81,4.17840068936348,2.851365849375725,3.0549673557281496,0.7311329984153655,6.478825259208679,-0.46220561442109004,0.014248401176882908,12.657910466194153,1.0,0.9383091330528259,0.984810471534729,0.973750114440918,0.013658699882216751,57.7505700368721,55.22574234008789,0.2598382234573364,0.62492436170578,0.7039599716663361,0.618045449256897,-0.31559273911582597
T-full,P25,1,a giraffe wearing sunglasses roller-skating down a boardwalk,rare,81,17.11816257238388,15.11424663066864,6.610799050331115,0.38618622975399536,22.768260097503664,-0.16774739914911613,0.014648304821457713,25.602880334854127,1.0,0.9384958148002625,0.9742202758789062,0.957691490650177,0.027535545895807444,513.4047016121185,56.738075256347656,0.26349228620529175,0.6616636514663696,0.6846527854601542,0.6479485034942627,-0.322570908179749
T-full,P15,1,"a cheetah sprinting at full speed across the savanna, dust flying behind it",fast,81,28.31857740879059,24.204357504844666,10.758643698692321,0.3799146815700553,34.826847076416016,0.06861045714536297,0.031159853050485253,35.519826126098636,1.0,0.9537031054496765,0.9852781295776367,0.9612070918083191,0.02409296706318855,83.58749162298344,33.7299690246582,0.2937355637550354,0.634208083152771,0.7441472013791403,0.6638907194137573,-0.7282252892875625
T-full,P26,0,exactly four red apples rolling across a wooden table,count,81,0.023174443189054726,0.015230405301554128,0.01636715647764504,0.7062284135897302,0.02959394985809922,0.10621845499659209,2.3777014467896153e-05,0.06762264799326659,0.0,0.9997763633728027,0.9994838833808899,0.9977400302886963,0.0019587189439334908,244.0672231057732,66.42706298828125,0.25936606526374817,0.4259139895439148,0.6237778464953104,0.6094028949737549,-1.3404939734889716
T-full,P05,0,A person is playing guitar,general,81,2.0582781486213206,0.9944305771961808,1.520844391733408,0.7388912202468271,4.367519330978394,0.4201660933451866,0.0014982242979385773,17.593331074714662,1.0,0.994750440120697,0.9953808188438416,0.9660046696662903,0.015873331937473267,528.4736211979924,52.11341857910156,0.21430492401123047,0.724457859992981,0.6040403246879578,0.6040403246879578,0.13239387139790804
T-full,P02,3,a bird soaring gracefully in the sky,general,81,2.4426246017217634,2.013875635713339,0.8740506127476693,0.3578324128477023,4.319858527183532,-0.0918943784296727,0.004495699756080285,4.0847697913646694,0.0,0.9531925320625305,0.9915651679039001,0.9953871965408325,0.0032717507594497873,35.56239297988311,28.11322021484375,0.2575504779815674,0.8074187636375427,0.8663286566734314,0.8663286566734314,-1.513604875736017
T-full,P11,3,A person is sweeping floor,general,81,0.49753323160111906,0.15388848586007953,0.39825977571308613,0.8004670843078335,0.8986149102449417,-0.10725330019898746,0.00016670727559358055,5.2100232481956485,0.0,0.9311512112617493,0.9840821623802185,0.9888414144515991,0.007033426372800022,214.22582741499377,62.729270935058594,0.22856314480304718,0.8000051379203796,0.7161069810390472,0.5739315152168274,-0.277822127177382
T-full,P09,1,a cow chewing cud while resting in a tranquil barn,general,81,0.14594239527359604,0.09486074721207842,0.08410481070168316,0.5762837745689978,0.27620225995779035,0.716304962993821,0.00022536874755587632,0.8853712551295757,0.0,0.9881414771080017,0.9924478530883789,0.9881654381752014,0.006462886632652954,788.0479981471547,37.185420989990234,0.18243694305419922,0.4629499912261963,0.5903977304697037,0.44061413407325745,-0.2111270926763673
T-full,P19,3,two dogs playing tug-of-war with a rope toy in a backyard,multi,81,0.7702218340709805,0.16298576816916466,0.6980191972106695,0.906256172024034,2.246967267990112,0.5444865329776423,0.0002518265986850565,9.130640757083892,0.0,0.9101649522781372,0.9702062010765076,0.9784049987792969,0.013149674370652065,284.206528811984,68.51110076904297,0.3116617798805237,0.7052580118179321,0.5390781760215759,0.48798656463623047,0.2532615086117662
T-full,P08,1,"In a still frame, a stop sign",general,81,0.03269904968328774,0.022905410802923142,0.021012920374050736,0.6425959769960217,0.044475546665489675,0.26624354805458755,1.9225403141831522e-05,0.0737723322585225,0.0,0.9022329449653625,0.870959460735321,0.997873067855835,0.002070047875167802,464.86001246064797,36.333377838134766,0.15066120028495789,0.5249840617179871,0.3689391314983368,0.3689391314983368,-1.2904786788808504
T-full,P17,0,"a red race car drifting around a tight corner on a wet track, tires smoking",fast,81,62.58733181357384,52.08749363422394,30.10532622039318,0.4810130879049696,191.7053352355957,0.7905585804115947,0.08533114664023742,163.45928192138672,1.0,0.8719289898872375,0.9113813638687134,0.9278644323348999,0.03395657137734816,267.6208961244819,32.00428771972656,0.23081615567207336,0.8496399521827698,0.8214039007822672,0.7663063406944275,-0.8227571441703643
T-full,P22,2,a basketball player dribbling past two defenders and dunking the ball,multi,81,2.5856552410870792,0.9947440149728208,2.0470741242170334,0.7917038977139469,4.658938932418823,0.24114428911478858,0.0011938909655327735,16.410581040382386,1.0,0.9124283194541931,0.9468895792961121,0.956069827079773,0.020913015690166504,552.8823347226377,54.852821350097656,0.2376253306865692,0.6298856735229492,0.7251135508219401,0.6186715364456177,0.31817048050220187
T-full,P26,1,exactly four red apples rolling across a wooden table,count,81,0.6841424893587827,0.24381987629458307,0.6152632405981422,0.8993190027647577,1.1091320157051086,0.023265872675557787,0.0007086707919370383,4.727391684055329,0.0,0.9887844920158386,0.9960781335830688,0.9925973415374756,0.004659046765300445,262.9001099732752,71.84266662597656,0.24419865012168884,0.46017611026763916,0.6092635989189148,0.5538347959518433,-0.7560047858927783
T-full,P22,1,a basketball player dribbling past two defenders and dunking the ball,multi,81,8.118714656680822,6.772707298398018,3.0739974536001684,0.3786310031772824,20.391454124450682,0.9373371979200047,0.008167816374771064,16.04169456958771,1.0,0.9374565482139587,0.953455924987793,0.9464523792266846,0.025214209011755882,421.94979566201124,43.12211608886719,0.256158709526062,0.6804087162017822,0.7184534072875977,0.646124541759491,-0.022483078090302033
T-full,P00,2,a horse taking a peaceful walk,general,81,2.0379475355148315,1.3699413869529962,1.393871222436428,0.6839580088239592,3.316568398475647,0.32719192801501384,0.0015252064113155939,5.528558504581452,0.0,0.9614863395690918,0.975678563117981,0.9568681716918945,0.01518742652842775,676.7043626426188,54.542724609375,0.2435058057308197,0.6143949031829834,0.7551177144050598,0.7494401335716248,0.0919949116373342
T-full,P07,2,A tranquil tableau of a picturesque barn was painted a warm shade of red and nestled in a picturesque meadow,general,81,0.016152617032639684,0.010174957184062805,0.011841061199083925,0.7330284712803397,0.025705563556402918,-0.08455861194814884,2.52072695360539e-05,0.05166271012276411,0.0,0.998494565486908,0.9968075752258301,0.9771278500556946,0.009178862522821874,2755.4506906773127,73.8544921875,0.26960211992263794,0.833458423614502,0.725825160741806,0.6547884941101074,0.20761036950316658
T-full,P04,2,a dog running happily,general,81,6.024516004323959,2.4737541381269694,5.678757318854332,0.9426078994844789,7.84107744693756,0.3083783409627002,0.010805306472684606,24.593607902526855,1.0,0.9192901849746704,0.9734296798706055,0.9482900500297546,0.02262407725211233,55.44225310119726,47.871334075927734,0.23345333337783813,0.6129287481307983,0.7030516862869263,0.655327558517456,0.01663843066093529
T-full,P26,2,exactly four red apples rolling across a wooden table,count,81,0.02386106118792668,0.015145826415391639,0.017359210504218937,0.7274816021761797,0.03697075545787811,-0.21326422058547856,3.671691088129592e-05,0.06629990041255951,0.0,0.9996277093887329,0.9994441866874695,0.996146559715271,0.0026709788158768787,542.5872656283073,82.32145690917969,0.25207918882369995,0.5097811222076416,0.6213612159093221,0.52285236120224,-1.0308549664897892
T-full,P01,2,a person drinking coffee in a cafe,general,81,1.6518902286421508,0.27594541979487985,1.638012373750098,0.9915982029255879,4.35529568195343,0.8616562642552609,0.0011772725884611646,20.228131425380706,1.0,0.9029569625854492,0.9410189986228943,0.9758077263832092,0.010523303737863898,177.42142902984583,37.69621276855469,0.2544735074043274,0.48719704151153564,0.6174468398094177,0.5899123549461365,-0.19801653794574392
T-full,P18,0,a flock of hundreds of starlings swirling in a murmuration at dusk,fast,81,0.45151193011552093,0.3446772080846131,0.19576699500903488,0.4335800415703429,1.0298314690589905,0.38464020841543545,0.0005362392869983524,1.922033342719078,0.0,0.979439914226532,0.9751743674278259,0.9674379229545593,0.029306644364260136,150.93296085708045,55.511714935302734,0.2519291639328003,0.7432491779327393,0.7780678470929464,0.709527313709259,1.1668563570221702
T-full,P15,3,"a cheetah sprinting at full speed across the savanna, dust flying behind it",fast,81,28.721152973175048,24.89692904949188,12.049760681390762,0.4195430550125174,44.58370094299316,-0.18714121564357888,0.03219681310001761,43.12217121124267,1.0,0.9626567959785461,0.9850819706916809,0.9656208157539368,0.021322770370170475,154.51040655891862,32.387657165527344,0.2881433665752411,0.660388708114624,0.7582232157389323,0.7051503658294678,-0.8580742519915292
T-full,P24,1,a panda playing a violin on a stage under spotlights,rare,81,0.4368297767825425,0.10796356149949134,0.37722819424234333,0.8635568148856194,0.8901429027318952,0.5347919112478688,0.00016205335614358774,6.361282783746719,0.0,0.9754482507705688,0.9903267025947571,0.9900463223457336,0.0065619877103017645,255.35867918635046,80.63297271728516,0.3461419939994812,0.5213350057601929,0.5752719342708588,0.45014122128486633,-0.32379850701350854
T-full,P25,3,a giraffe wearing sunglasses roller-skating down a boardwalk,rare,81,3.3340392664074896,2.4366690210998057,2.4604029282927513,0.7379643710613897,4.720022773742675,-0.6039214129505234,0.01469294448615983,13.913645124435424,1.0,0.9514555931091309,0.9789237976074219,0.9644052982330322,0.013725699053611606,207.3855022210177,36.68998718261719,0.282747745513916,0.7775326371192932,0.7495806217193604,0.7199773788452148,-0.21007142273332313
T-full,P15,0,"a cheetah sprinting at full speed across the savanna, dust flying behind it",fast,81,39.40462406873703,33.87785347700119,13.894265526533127,0.3526049417370705,61.28897743225097,-0.3129008573681135,0.04492844104534015,58.43198165893555,1.0,0.9561738967895508,0.969754159450531,0.9638097882270813,0.020422697241883725,123.72267591206352,32.81573486328125,0.29203298687934875,0.6660928726196289,0.7553514242172241,0.7280924320220947,-1.0748083857325859
T-full,P11,0,A person is sweeping floor,general,81,1.0603023741394282,0.7655035262927413,0.50681071896106,0.47798651906809386,2.1884795546531675,0.8027974632691862,0.0006484669607743854,5.835225504636765,0.0,0.9319425821304321,0.9704391360282898,0.9842604994773865,0.0075466207636054605,112.46099572090456,35.158226013183594,0.2251625806093216,0.763661801815033,0.6587966084480286,0.5011284351348877,-0.38776829918204214
T-full,P19,0,two dogs playing tug-of-war with a rope toy in a backyard,multi,81,2.1243025794625283,1.2794840637594462,1.2012816075235606,0.5654943197090021,3.2091532588005065,0.4234499898013182,0.001171077147591859,11.498305940628052,1.0,0.9339587092399597,0.9697628021240234,0.9545832872390747,0.01902524420293048,493.5067117880329,50.66781234741211,0.3349009156227112,0.7055168747901917,0.5859875679016113,0.5753587484359741,0.30143460022601953
T-full,P00,1,a horse taking a peaceful walk,general,81,8.446054074168206,7.282895943522453,3.136787360906601,0.37139082487163655,11.288113069534301,0.3899868856406447,0.009014516696333885,11.157575130462646,0.0,0.966167151927948,0.9788608551025391,0.9535347819328308,0.019600026961416005,308.407294231721,43.79069519042969,0.2526734471321106,0.634590744972229,0.7514919638633728,0.7477743625640869,-0.29428700796932805
T-full,P20,1,a chef tossing vegetables in a flaming wok while a second cook plates dishes beside him,multi,81,1.8281876243650914,0.28715953989885745,1.8161800170317293,0.9934314177578188,4.059667301177978,0.21916077780595197,0.0011608664915911504,25.10638165473938,1.0,0.9580476880073547,0.98185795545578,0.9526458978652954,0.04098232963588089,248.2356001074534,64.48185729980469,0.2920844554901123,0.6760546565055847,0.6863177617390951,0.5792384147644043,1.1250744164929394
T-full,P27,2,five yellow rubber ducks floating down a small stream,count,81,1.0204247359186411,0.028521446482045576,1.0142871420830488,0.9939842816390103,1.4137920200824736,0.1671722227600676,8.24396427560714e-05,9.333569264411926,0.0,0.9723228812217712,0.9876495599746704,0.96015864610672,0.024985213787294923,1430.9910766333735,64.18257904052734,0.29581284523010254,0.7765701413154602,0.6095288793245951,0.5271641612052917,0.8203731129939089
T-full,P22,0,a basketball player dribbling past two defenders and dunking the ball,multi,81,4.147005765140056,2.497300343029201,3.0425664693117143,0.7336777202505861,6.972009420394897,0.87226608225774,0.0039022047218168153,19.89146089553833,1.0,0.9038597941398621,0.9259056448936462,0.9513257741928101,0.022191014571581034,292.72856357094054,73.73546600341797,0.20882073044776917,0.6435235738754272,0.7291973829269409,0.6630281209945679,0.17312779845230164
T-full,P03,2,a boat sailing smoothly on a calm lake,general,81,2.732099164277315,2.825789538770914,0.8150719657540322,0.29833165577574344,3.586650860309601,0.29153938862053375,0.004672909429064021,9.088352131843568,0.0,0.9843603372573853,0.9897222518920898,0.9656111001968384,0.014137989608570933,782.6550516139757,62.08260726928711,0.21796250343322754,0.6665880680084229,0.790105938911438,0.7672176361083984,-0.09594320671144185
T-full,P09,0,a cow chewing cud while resting in a tranquil barn,general,81,0.7273065466433764,0.4352755733765662,0.4612233154475689,0.6341516976912689,1.2015497207641601,0.7221348544918818,0.0005606291600997792,4.521836280822754,0.0,0.9872211813926697,0.9880253076553345,0.9794175624847412,0.010018581879558041,688.4407551137265,37.997554779052734,0.2604701519012451,0.4518625736236572,0.539351612329483,0.32379597425460815,-0.004795826937713521
T-full,P20,3,a chef tossing vegetables in a flaming wok while a second cook plates dishes beside him,multi,81,1.7151578821241855,0.6143934308551252,1.44466182179749,0.8422903772088502,2.995531034469604,0.0007842187093713302,0.002178838938652916,17.162713146209718,1.0,0.9716847538948059,0.9855079650878906,0.9751870632171631,0.014883942971937358,345.12830372756025,44.504791259765625,0.2577458620071411,0.638923704624176,0.6390280326207479,0.5985549688339233,0.1353171401937674
T-full,P13,0,a bear climbing a tree,general,81,1.5823669508099556,1.280111050978303,0.5814832603558898,0.3674766416106002,2.946864438056946,0.7790174121776868,0.0016545652269996936,4.427077728509903,0.0,0.9588112235069275,0.98095703125,0.9430134296417236,0.020246580871753395,1464.6433776973213,43.58474349975586,0.26408132910728455,0.7089780569076538,0.774343878030777,0.7498447895050049,0.47135054099160545
T-full,P06,0,A person is reading book,general,81,0.7445644777268171,0.6362154623493552,0.22606072365306318,0.3036142964124982,1.2947248637676239,0.35312472848383375,0.0007025762210105313,1.7715223014354706,0.0,0.9848731160163879,0.9909616708755493,0.990900993347168,0.0052787073043873535,117.6175645222778,29.549222946166992,0.2217199206352234,0.7127238512039185,0.6889057159423828,0.6889057159423828,-0.6510869473871894
T-full,P10,1,an airplane taking off,general,81,8.64405751824379,7.254741826653481,4.292647501826286,0.4966009303114276,11.258980226516723,0.6124038720159152,0.011434606707189232,13.268597388267517,1.0,0.9908487200737,0.983195960521698,0.9829332828521729,0.010258148825960234,324.19890493313585,37.34028625488281,0.18109402060508728,0.6510920524597168,0.7063022255897522,0.6928163766860962,-0.9534269742798003
T-full,P13,3,a bear climbing a tree,general,81,0.42090913890860976,0.09722691621864214,0.38197007158305496,0.907486031516077,1.1219955921173093,0.5920725565321477,0.00016965438815077504,7.257742488384247,0.0,0.9364539980888367,0.9843431711196899,0.9744483232498169,0.017919540288858116,1177.1345227940265,55.62302017211914,0.26806730031967163,0.7054709792137146,0.7593086063861847,0.7313891649246216,0.6870022596605869
T-full,P16,2,a surfer riding a large barreling wave and getting wiped out by the whitewater,fast,81,6.058210474252701,5.129191736876964,2.2775192253291605,0.37593920829746197,8.818749284744262,0.6082205450973774,0.0026328212094085756,10.09495701789856,0.0,0.8940615653991699,0.9786781668663025,0.9613843560218811,0.017295732139609755,527.9550613715323,55.101261138916016,0.21483245491981506,0.6337614059448242,0.6416377623875936,0.33885133266448975,-0.2546081646390066
T-full,P12,2,a motorcycle turning a corner,general,81,5.685589091479779,2.764556310977787,4.895978310704232,0.8611205225718205,8.57445888519287,-0.08927732644351803,0.00474756863040966,27.8822772026062,1.0,0.8927255868911743,0.9633369445800781,0.9441797733306885,0.02470210389001295,640.6466678550423,20.118614196777344,0.21337097883224487,0.6809945702552795,0.7708841860294342,0.7284181714057922,0.13246561320452876
T-full,P09,3,a cow chewing cud while resting in a tranquil barn,general,81,0.20867055859416722,0.17609002395765855,0.07254189775558188,0.34763672751716135,0.4627919360995292,0.5750315836415008,0.0001559101780230776,0.6469534523785114,0.0,0.9911710619926453,0.9917993545532227,0.9898356199264526,0.00605632602237165,588.748750948655,47.41729736328125,0.2513810396194458,0.4997539520263672,0.6448843479156494,0.5677603483200073,-0.3062184794001501
T-full,P18,2,a flock of hundreds of starlings swirling in a murmuration at dusk,fast,81,3.2543482422828673,2.8253659307956696,0.9261068556457758,0.2845751290651671,4.014016532897949,-0.022285578180110777,0.007597743338556029,4.476599419116974,0.0,0.9609100222587585,0.9470712542533875,0.8856231570243835,0.05295109273865819,2749.8110930551725,83.45169067382812,0.27297115325927734,0.6885895729064941,0.7448645830154419,0.6471856832504272,1.150465197864826
T-full,P27,0,five yellow rubber ducks floating down a small stream,count,81,0.6927724924869836,0.5006770819425583,0.5218652957119048,0.7532985909123969,1.0809449732303618,0.05242286026001846,0.0018755574492388405,3.3130933463573458,0.0,0.9863042831420898,0.9872673153877258,0.9838833808898926,0.010632479208288715,312.332656859787,35.795448303222656,0.25849467515945435,0.7489120960235596,0.6507250467936198,0.6136432886123657,0.06608761178206723
T-full,P06,2,A person is reading book,general,81,0.3974002171307802,0.054165453533641994,0.37173367920331657,0.9354115266360226,1.1774572074413296,0.9176595745207513,0.00011604922344758961,6.199830013513565,0.0,0.966194748878479,0.9812292456626892,0.9925194978713989,0.004948485401109792,191.63140936268505,49.067020416259766,0.22215352952480316,0.6351046562194824,0.5645982027053833,0.5645982027053833,-0.590229901973502
T-full,P10,3,an airplane taking off,general,81,13.124803042411804,8.662676294893027,10.469142943620682,0.7976608953391185,19.486079216003418,-0.37600969283896096,0.01684608545001538,26.298849678039552,1.0,0.9864263534545898,0.9457904100418091,0.9816669225692749,0.013729663658887148,219.3221440548182,61.653785705566406,0.2061312347650528,0.6911468505859375,0.6727368831634521,0.6647160053253174,-0.87769361703872
T-full,P03,0,a boat sailing smoothly on a calm lake,general,81,0.9980269961059094,0.6824591754004359,0.8690017025917769,0.8707187633838276,1.2671979308128356,0.017525871423399425,0.001957547310303198,5.361568057537079,0.0,0.9554131627082825,0.9884781837463379,0.986321210861206,0.006560271291527897,479.19223008038864,61.8183708190918,0.230059415102005,0.6383411884307861,0.7483959197998047,0.7288315296173096,-0.5104645694130037
T-full,P18,3,a flock of hundreds of starlings swirling in a murmuration at dusk,fast,81,0.33967445930466056,0.11833497928455472,0.2915557357482612,0.8583361787310047,0.9393963247537602,0.6469472633392521,0.0001926920057485404,3.1190706580877303,0.0,0.9818973541259766,0.9877166152000427,0.9888989925384521,0.009702921571442858,143.33892674198708,85.6104736328125,0.23868879675865173,0.7159013748168945,0.7858875195185343,0.7275348901748657,0.10686650589124636
T-full,P16,1,a surfer riding a large barreling wave and getting wiped out by the whitewater,fast,81,6.52255365550518,5.233234475553036,3.7277821987867354,0.5715218032922736,11.63020224571228,0.8972746608245137,0.0060921166521438865,13.860980224609374,1.0,0.8860182762145996,0.9731483459472656,0.9639655351638794,0.01751738544553518,336.0458155673303,43.301429748535156,0.20027512311935425,0.6580444574356079,0.6318034032980601,0.36722680926322937,-0.2778949670939306
T-full,P01,1,a person drinking coffee in a cafe,general,81,0.7646253092214466,0.04949542383546941,0.7398250777740032,0.9675642452419714,2.3254900336265565,0.9253242977824424,0.00017243034361626996,14.709158289432526,1.0,0.9905779957771301,0.9917088747024536,0.9897369146347046,0.005819906711985822,184.01217482185854,47.13285827636719,0.21852841973304749,0.5113211870193481,0.5300935655832291,0.4957297742366791,-0.5599653459834988
T-full,P21,1,three children chasing each other around a fountain in a city square,multi,81,2.586585746705532,1.6067116655409337,1.8393786653876305,0.7111219709643989,3.0646697640419003,-0.1715944408144433,0.003698497373261489,6.456066238880157,0.0,0.9608187079429626,0.9400559663772583,0.9472240209579468,0.021299200551584362,835.0770775308752,33.33000183105469,0.2962237298488617,0.703874945640564,0.6635352174441019,0.6041502952575684,0.3363207362162317
T-full,P12,3,a motorcycle turning a corner,general,81,22.969558584690095,19.892746210098267,17.43092272281647,0.7588705677419564,34.15152835845947,-0.513587069709038,0.025702229933813214,60.367947292327884,1.0,0.9810148477554321,0.9799769520759583,0.9646261930465698,0.03116052821278572,822.1144982475396,55.222591400146484,0.1975468248128891,0.6634761691093445,0.7777484357357025,0.7265564203262329,-0.35712226788254586
T-full,P28,0,"two cats sitting side by side on a windowsill, one black and one white, watching birds outside",count,81,0.2155748290941119,0.1347936345729977,0.12295655489433557,0.5703633631424309,0.36190655976533886,0.6617482991469142,0.00015011210105058125,2.1798689901828765,0.0,0.9833666086196899,0.9935817718505859,0.9941707849502563,0.004335962640470825,256.347428500421,27.08349609375,0.29722967743873596,0.6659469604492188,0.4926723043123881,0.4396509528160095,-0.6435328755023608
T-full,P12,0,a motorcycle turning a corner,general,81,34.97814601063728,30.04790918827057,18.22958583831787,0.5211707136108162,65.7041591644287,0.36927568639891084,0.033980938873719425,69.09275732040405,1.0,0.9423980712890625,0.9567645192146301,0.9444485306739807,0.03402022202499211,613.7546762559987,25.325410842895508,0.20638974010944366,0.7174652218818665,0.7867512702941895,0.7677301168441772,-0.49892190041713613
T-full,P17,3,"a red race car drifting around a tight corner on a wet track, tires smoking",fast,81,67.10434159636497,56.6522314965725,35.48165618181228,0.5287535025152652,126.29252052307129,-0.0022460425265632186,0.10643214809824712,145.3927682876587,1.0,0.9444780349731445,0.9355873465538025,0.9426364898681641,0.036518646450713274,261.9222746211933,74.25558471679688,0.23908768594264984,0.825023889541626,0.7743785977363586,0.7069255113601685,-0.7888160323183215
T-full,P09,2,a cow chewing cud while resting in a tranquil barn,general,81,0.0977090816013515,0.015420071932021528,0.09218168491497636,0.9434204066175023,0.24774033874273277,0.7222381814571597,4.553408876972753e-05,2.281162777543068,0.0,0.9810644388198853,0.9927391409873962,0.9911549687385559,0.005014493112685159,599.7369594384629,50.529579162597656,0.2376893162727356,0.6546385288238525,0.7007207870483398,0.5932207107543945,-0.4405153828032109
T-full,P02,0,a bird soaring gracefully in the sky,general,81,1.0915138540789484,0.8730734384618699,0.4414036669768393,0.40439547416815363,2.503342401981353,-0.24920609444738406,0.0014893914883032267,3.368420660495758,0.0,0.9388843774795532,0.9826144576072693,0.9932263493537903,0.00489462437981274,40.35672862582707,25.417451858520508,0.2536497414112091,0.789480447769165,0.8486452102661133,0.8486452102661133,-0.8291589615718058
T-full,P23,0,"an astronaut riding a horse on the moon, with the Earth visible in the sky",rare,81,1.178604070097208,0.26642695972695946,1.1460997931659223,0.9724205522647168,1.4948114037513733,-0.023680482787123418,0.0005917992501508707,7.3954270601272585,0.0,0.9925805330276489,0.9967092871665955,0.986688494682312,0.005551525100599974,629.5261695374111,25.789827346801758,0.21641805768013,0.42474329471588135,0.5288871725400289,0.4387642741203308,-0.7263117109726567
T-full,P15,2,"a cheetah sprinting at full speed across the savanna, dust flying behind it",fast,81,59.30560729503632,50.84534101486206,25.210239744186403,0.42509031555277743,97.0619045257568,-0.5140449698316703,0.0736352289095521,95.77872810363769,1.0,0.9505258798599243,0.9692072868347168,0.9361893534660339,0.044876078399829565,197.80704921107022,37.677940368652344,0.2874220013618469,0.6947126984596252,0.7542004585266113,0.7097339034080505,-0.5139849270958514
T-full,P25,2,a giraffe wearing sunglasses roller-skating down a boardwalk,rare,81,6.455191028118134,5.1715120284818115,4.766419622302055,0.7383854115477952,8.66719455718994,0.11933669181951165,0.009625683788544847,32.686237287521365,1.0,0.9334052205085754,0.9448396563529968,0.9614480137825012,0.020956479595042765,651.9812968221894,32.22281265258789,0.28431224822998047,0.7578549385070801,0.7336663603782654,0.7108078598976135,-0.09356500527190725
T-full,P12,1,a motorcycle turning a corner,general,81,35.67726864814758,30.319411593675614,20.054670000076293,0.5621133623132386,50.12839546203613,0.27591150278019916,0.031059416162315757,72.82307500839234,1.0,0.9335071444511414,0.9786073565483093,0.9653943181037903,0.04003864279948175,775.4939394220975,51.67978286743164,0.21235333383083344,0.6578009128570557,0.759106457233429,0.7352359294891357,-0.34691661468593127
T-full,P29,0,a full glass of water tipping over on a table and spilling across the surface,physics,81,2.152549874735996,0.9597425353946164,1.9489522381220012,0.9054151801922146,3.810805416107178,0.8371586931063123,0.0018093135539913874,14.325966334342956,1.0,0.7171756029129028,0.9166744351387024,0.9712944626808167,0.01745952226629015,143.57484079139573,14.902944564819336,0.2700657844543457,0.4936721920967102,0.6282708048820496,0.45181775093078613,0.2104694052092171
T-full,P17,2,"a red race car drifting around a tight corner on a wet track, tires smoking",fast,81,67.28450392484665,47.57672539055348,45.51278695166111,0.6764230041150867,157.5226951599121,0.48108826152509476,0.09579261037579272,192.3326597213745,1.0,0.851740837097168,0.9167190790176392,0.9181454181671143,0.051435646030586216,280.87537895674114,63.441505432128906,0.23293742537498474,0.8555210828781128,0.8040860493977865,0.7630782127380371,-0.44780909913094646
T-full,P28,2,"two cats sitting side by side on a windowsill, one black and one white, watching birds outside",count,81,0.04523844020441174,0.019748938584234564,0.037021499848924576,0.8183456665609723,0.09983250573277468,0.7744742560794932,6.161224612810656e-05,0.634749854169786,0.0,0.9848428964614868,0.9947595596313477,0.9964868426322937,0.002662420243723318,469.2292813509631,22.62175750732422,0.3167843520641327,0.6964293718338013,0.5077386101086935,0.42455828189849854,-1.0457454882466832
T-full,P14,1,A tranquil tableau of a bunch of grapes,general,81,0.3087979895528406,0.028492120088776572,0.29579771228600293,0.9578972804099383,1.2781565010547637,0.9503286688608064,7.502420118044029e-05,6.9882218251004815,0.0,0.990989625453949,0.9970136880874634,0.9925525784492493,0.005071516286989208,388.0287308208651,96.19625854492188,0.2583073377609253,0.7119977474212646,0.7698268890380859,0.7698268890380859,-0.5286442686432204
T-full,P14,0,A tranquil tableau of a bunch of grapes,general,81,0.4483423593454063,0.36230460265651343,0.18004418071359396,0.40157655279307236,0.8422683209180831,0.5921464671361876,0.0004074381862665177,0.7296118408441543,0.0,0.9929121136665344,0.9976497888565063,0.9913580417633057,0.005200268069165759,224.81157145286792,76.28028106689453,0.2606409788131714,0.7355912923812866,0.7550612092018127,0.7550612092018127,-0.5608537240194345
T-full,P21,2,three children chasing each other around a fountain in a city square,multi,81,2.867671578377485,2.1988991990685465,1.8017809368669986,0.6283077609531131,4.428914618492126,0.8529164313144374,0.0007297038871911354,13.743912982940675,1.0,0.9305885434150696,0.9720026254653931,0.9504748582839966,0.02387415380217135,966.2038261921625,32.096534729003906,0.2964751720428467,0.7154207229614258,0.6612037420272827,0.626356840133667,0.4077865639518299
T-full,P06,3,A person is reading book,general,81,0.2647723573260009,0.13061469744425266,0.2209628489334136,0.834535812685089,0.49725959300994865,0.02507514847337335,0.00017472259289661452,1.283292193710804,0.0,0.9669941067695618,0.98956298828125,0.9928082227706909,0.004884461185429245,302.8489661055749,63.29652404785156,0.2072146087884903,0.747180700302124,0.6814414262771606,0.6814414262771606,-0.5468733441720177
T-full,P18,1,a flock of hundreds of starlings swirling in a murmuration at dusk,fast,81,1.3989555459469556,1.111496996693313,0.7550514470785856,0.5397247321699262,2.8653545379638667,0.35856619392335465,0.0009543250000206172,4.1929767489433285,0.0,0.9820840954780579,0.987928032875061,0.9379140138626099,0.041206637676805255,2103.307578546971,45.730892181396484,0.26535409688949585,0.7574646472930908,0.7848511139551798,0.7460833787918091,1.2235891016985962
T-full,P14,3,A tranquil tableau of a bunch of grapes,general,81,0.03238483516033739,0.018484994990285487,0.024810041766613722,0.7660769482640464,0.04514365456998348,0.0714996703179103,4.2820642079277604e-05,0.08128944505006075,0.0,0.9994050860404968,0.9994763731956482,0.9978437423706055,0.0018579897834570148,178.73715731746938,117.4092788696289,0.26121383905410767,0.7625876665115356,0.788719654083252,0.788719654083252,-1.3983281254161621
T-full,P05,1,A person is playing guitar,general,81,3.0767407327890397,0.49592156130820514,2.932890124619007,0.9532454717804238,6.128870010375977,0.41824625466625326,0.0009112736444876646,31.983863353729248,1.0,0.9832733273506165,0.9887728095054626,0.9556538462638855,0.021701499074697494,455.8172316259227,72.44910430908203,0.21092651784420013,0.6819524765014648,0.6013473272323608,0.6013473272323608,0.2826132380477038
T-full,P19,1,two dogs playing tug-of-war with a rope toy in a backyard,multi,81,1.4985294446349144,0.5281337082386017,1.2391298700124025,0.8268966936566248,2.671077954769134,0.7442180433558134,0.0008840436916216276,14.069910955429076,1.0,0.9553019404411316,0.9750284552574158,0.9638511538505554,0.017870842886622995,438.7972865051619,56.08846664428711,0.306287556886673,0.6733785271644592,0.5593483746051788,0.5451908111572266,0.3652001868014141
T-full,P27,3,five yellow rubber ducks floating down a small stream,count,81,0.6610794868320227,0.35836401749402286,0.5404930168762803,0.8175903352803346,0.8968356817960739,-0.4060605649809096,0.0002415109437265528,4.165726357698441,0.0,0.9861562848091125,0.9927772879600525,0.9852553606033325,0.01068417060887441,936.9473807619598,53.981163024902344,0.2470596432685852,0.7269164323806763,0.6469435294469198,0.5399494171142578,0.08162197004168181
T-full,P29,1,a full glass of water tipping over on a table and spilling across the surface,physics,81,0.6657341828569769,0.046454058081144466,0.6470300584915094,0.9719030556786931,2.8354269742965696,0.8628183974252351,0.00020994251658521535,13.572802065126599,1.0,0.9312819838523865,0.9744090437889099,0.9833507537841797,0.012950050696963445,594.1697677925772,24.544160842895508,0.24913710355758667,0.5086650848388672,0.6183683276176453,0.41489529609680176,0.27236004726499985
T-full,P13,2,a bear climbing a tree,general,81,1.452269713766873,0.887951385229826,0.8151581881567835,0.5612990611388433,2.732717275619507,0.7175332651939533,0.0019459429096059465,9.870731461048127,0.0,0.92295902967453,0.9768266677856445,0.9424538016319275,0.023087979340925813,1968.2313557752732,44.99394226074219,0.27986836433410645,0.6581796407699585,0.7466547191143036,0.7034530639648438,0.631894413327152
T-full,P04,0,a dog running happily,general,81,31.188921397924425,27.160359233617783,12.07449475824833,0.3871404918770733,47.44771671295166,0.6681574812677151,0.0358860133215785,51.22401056289673,1.0,0.9130845069885254,0.9686064720153809,0.9515191316604614,0.03573106285184622,49.451478702098136,33.517417907714844,0.2679327130317688,0.5673174858093262,0.6920493245124817,0.6756856441497803,-0.38694167499211884
T-full,P07,3,A tranquil tableau of a picturesque barn was painted a warm shade of red and nestled in a picturesque meadow,general,81,0.028595821489579974,0.01695896312012337,0.02106226098258048,0.7365245466268021,0.04071025718003511,-0.09359909303752975,4.228634136893561e-05,0.09588001072406768,0.0,0.9987818002700806,0.9987371563911438,0.9931438565254211,0.0035639228910440577,703.9479823206491,70.64527893066406,0.2796935439109802,0.7950263023376465,0.7514539361000061,0.6359769105911255,-0.7451402111627727
T-full,P00,3,a horse taking a peaceful walk,general,81,1.7914023287594318,1.3057836227118969,1.0903767198324203,0.6086718174111685,2.479482877254486,-0.6404947573191452,0.001202540551457787,4.218787920475006,0.0,0.9815918207168579,0.9872455596923828,0.9747248291969299,0.011813870968762786,359.50848282409817,52.27674865722656,0.20143872499465942,0.5933016538619995,0.7228942513465881,0.6554126739501953,-0.11133055536059366
T-full,P10,2,an airplane taking off,general,81,14.829176524281502,9.26467816978693,10.234370877593756,0.6901509447058581,30.21614170074463,0.8666582014911093,0.006389074266189709,40.75904889106751,1.0,0.9560726284980774,0.9393510818481445,0.9577330350875854,0.025513415114255623,279.1125674249712,31.262971878051758,0.2282240390777588,0.6946114301681519,0.6951775252819061,0.6651345491409302,-0.3224865383211335
T-full,P08,3,"In a still frame, a stop sign",general,81,0.03967337138019502,0.025765868346206845,0.026051633735187353,0.6566363329499916,0.05449718199670314,-0.09381856584767574,4.346069646885553e-05,0.10623403675854207,0.0,0.9968949556350708,0.9948444366455078,0.9963479042053223,0.0022658224232145587,198.79182645155112,122.45763397216797,0.15686571598052979,0.49610716104507446,0.5925980806350708,0.5925980806350708,-1.203959523457157
T-full,P01,3,a person drinking coffee in a cafe,general,81,0.16795976408757268,0.03873869855306111,0.1470759077463299,0.8756563388199777,0.34390070885419843,0.5648380056973209,6.958811904524964e-05,3.0544777035713198,0.0,0.9697172045707703,0.9779611825942993,0.9913817644119263,0.005570688226725906,434.96091286213,85.11022186279297,0.2559172511100769,0.46983954310417175,0.6136965155601501,0.541278064250946,-0.37041880781028524
T-full,P29,2,a full glass of water tipping over on a table and spilling across the surface,physics,81,1.0074271794175729,0.15516227018670178,0.9746836028061807,0.9674968625254032,3.412450170516967,0.5531415226318761,0.0004701823790696835,17.82472844719887,1.0,0.9177460074424744,0.9748758673667908,0.9779935479164124,0.017345316274440848,718.616255566094,18.418203353881836,0.2703261375427246,0.5028958320617676,0.6328150828679403,0.43453800678253174,0.45907768085508316
T-full,P11,1,A person is sweeping floor,general,81,1.476569403707981,0.028948901570402086,1.465547950193286,0.992535097895085,3.0259632468223567,0.8348755947911944,6.886887091468452e-05,28.785874128341675,1.0,0.920259952545166,0.9344798922538757,0.9757395386695862,0.01423961406107992,152.6284319003293,63.56296157836914,0.23857343196868896,0.711491048336029,0.6819262206554413,0.5293797254562378,0.14306260649382363
T-full,P17,1,"a red race car drifting around a tight corner on a wet track, tires smoking",fast,81,59.54079660475254,51.13422392308712,23.294632719457148,0.39123817040700465,104.35397949218749,0.8088781068035841,0.06865750277647749,99.15915031433106,1.0,0.9323602914810181,0.9332338571548462,0.949455976486206,0.030796497839037328,186.36985034064878,43.48456954956055,0.22987644374370575,0.8525523543357849,0.8289247552553812,0.7837351560592651,-0.8926791543056964
T-full,P04,1,a dog running happily,general,81,19.956778216362,18.864731442928313,6.837223103642463,0.34260153051334136,25.225328731536866,0.016531804813063638,0.01200926883611828,36.043231868743895,1.0,0.9361500144004822,0.9597374200820923,0.9560595750808716,0.028012611181475223,84.21669467912828,41.85622787475586,0.26121193170547485,0.56633460521698,0.647278904914856,0.6179419755935669,-0.38767814584556826
T-full,P26,3,exactly four red apples rolling across a wooden table,count,81,0.03130733398720622,0.022172956058057025,0.02025021321605891,0.6467994504062056,0.056857039034366605,-0.08605556525377588,4.0853800311424496e-05,0.09130575079470873,0.0,0.9995580911636353,0.9993546605110168,0.9980076551437378,0.0017956752883037553,127.9790371722034,85.78398895263672,0.26403892040252686,0.4750823378562927,0.6357129613558451,0.6077268123626709,-1.4318330893917235
T-full,P23,1,"an astronaut riding a horse on the moon, with the Earth visible in the sky",rare,81,0.9797914385795593,0.8897749684751034,0.6297294639050961,0.6427172114310636,1.1965985536575316,-0.08842280451958302,0.0017515512725367443,3.358708792924881,0.0,0.9729799628257751,0.992108166217804,0.9773940443992615,0.009516913612606004,1470.1876681563117,18.530710220336914,0.30531495809555054,0.4990309774875641,0.6461713115374247,0.5524469614028931,-0.13328985630307422
T-full,P07,0,A tranquil tableau of a picturesque barn was painted a warm shade of red and nestled in a picturesque meadow,general,81,0.7450890809297561,0.22029438884928823,0.6974247662350536,0.9360274469964441,0.8788515627384186,0.1229115513483415,0.000899425053557934,4.7529280424118046,0.0,0.9936086535453796,0.9921364188194275,0.9757883548736572,0.00916549353278242,971.3287502094591,83.63257598876953,0.262955904006958,0.8196848630905151,0.7460100054740906,0.6453509330749512,-0.09957275658746134
T-full,P21,0,three children chasing each other around a fountain in a city square,multi,81,3.4784857824444773,2.375975403562188,2.2294275030493735,0.6409187794822271,5.476377391815186,0.5951372629419751,0.002905960489260906,14.132187652587891,1.0,0.920362114906311,0.9143417477607727,0.9502139687538147,0.021039264218416065,549.6079640020189,41.807857513427734,0.29632145166397095,0.7258666157722473,0.7279353539148966,0.7002313137054443,0.19848906108459818
T-full,P16,0,a surfer riding a large barreling wave and getting wiped out by the whitewater,fast,81,4.181426370143891,3.397932679206133,1.7406364362686872,0.4162780510543194,6.670118618011474,0.4434098132651723,0.0033678855917969484,8.22306444644928,0.0,0.9361505508422852,0.9729208946228027,0.9765343070030212,0.011051027744542807,217.3891642188799,50.662757873535156,0.20561158657073975,0.6911972165107727,0.6612609227498373,0.4228106141090393,-0.5277589303253363
T-full,P05,2,A person is playing guitar,general,81,3.880947606638074,0.8688593209721148,3.4920352213084698,0.8997890915987918,8.488234186172486,0.017151913799810865,0.002191066984050849,51.06540350914001,1.0,0.9658452868461609,0.9812843203544617,0.9580177664756775,0.023671506391838192,503.21163400526683,26.85161018371582,0.2323037087917328,0.6417135000228882,0.6387038230895996,0.6387038230895996,0.26771543426142097
T-full,P08,0,"In a still frame, a stop sign",general,81,0.05050376437138766,0.02119097171816975,0.041921300697140396,0.8300464563871911,0.09628790542483326,0.8156476093002889,3.208818692428395e-05,0.6318921754136682,0.0,0.9973072409629822,0.9966179132461548,0.9956262707710266,0.003174846066394821,608.2570189802309,13.421130180358887,0.2028554081916809,0.5432477593421936,0.5558527708053589,0.5558527708053589,-0.8726232329667667
T-full,P02,1,a bird soaring gracefully in the sky,general,81,11.51253736615181,9.80043396949768,3.6784391045570373,0.31951590410087777,17.628853797912598,0.8242609042518001,0.01204835253302008,16.074500250816346,1.0,0.8819122314453125,0.9326844215393066,0.9872738122940063,0.006817126023815945,104.2980218042473,31.549121856689453,0.25449585914611816,0.7483564615249634,0.8362866640090942,0.8362866640090942,-1.5092206268352442
T-full,P22,3,a basketball player dribbling past two defenders and dunking the ball,multi,81,0.6706339843571186,0.1522632331587374,0.5740671213716269,0.8560053304137373,1.3867397189140318,0.36393592747757353,0.00023581064772315585,7.7843105554580685,0.0,0.9374948740005493,0.9456219673156738,0.9838404059410095,0.00978420436149463,352.0320893546435,63.83026123046875,0.22794927656650543,0.6588655710220337,0.6917865872383118,0.5866029262542725,-0.009605908322352086
T-full,P20,0,a chef tossing vegetables in a flaming wok while a second cook plates dishes beside him,multi,81,3.030006646364927,0.03486127155774739,3.015632077306509,0.9952555997422433,6.144938802719115,0.4690777586221801,6.619183923248784e-05,48.381345701217654,1.0,0.9646900296211243,0.977286159992218,0.960870087146759,0.02736755885416642,234.23858785134203,53.7258186340332,0.2561403214931488,0.647638201713562,0.5760197937488556,0.48684456944465637,0.5210989462502456
AR-diff,P23,2,"an astronaut riding a horse on the moon, with the Earth visible in the sky",rare,81,0.08148750152904541,0.035772606590762736,0.06367743401788176,0.7814284570588753,0.16136876568198205,0.7976525087656916,5.196205361812645e-05,1.1772186227142811,0.0,0.9691163897514343,0.9893463253974915,0.9893115758895874,0.006522230472182855,1435.9490414757042,32.89054489135742,0.2968180179595947,0.5281124114990234,0.6252787113189697,0.5193437933921814,-0.16926065153616765
AR-diff,P07,1,A tranquil tableau of a picturesque barn was painted a warm shade of red and nestled in a picturesque meadow,general,81,0.10334015488624573,0.08187732328660786,0.04585175921674818,0.4436931178795144,0.2763301163911819,0.3649871256697137,0.0001159408810650575,0.23145927358418703,0.0,0.9546064734458923,0.9871026277542114,0.9947621822357178,0.005113924597389996,992.9309862150092,164.07211303710938,0.1934712827205658,0.605836033821106,0.5875581502914429,0.5232356786727905,-0.4237771603495988
AR-diff,P21,3,three children chasing each other around a fountain in a city square,multi,81,0.145962624438107,0.02889785813749768,0.13272925857454537,0.9093310685144476,0.3360741138458251,0.6368372649436341,7.556914611654975e-05,3.5894971162080767,0.0,0.9634500741958618,0.9762491583824158,0.9834469556808472,0.013389747112523765,1022.2851485208441,41.89732360839844,0.2728389799594879,0.6084519028663635,0.7026275992393494,0.5953864455223083,0.5171960991937743
AR-diff,P24,2,a panda playing a violin on a stage under spotlights,rare,81,2.4843068540096285,1.3261746971867978,2.1367792591452597,0.860110495443041,4.760169148445129,0.8011830174288103,0.001956735732892412,16.20188488960266,1.0,0.949884831905365,0.9756764769554138,0.9544305205345154,0.02506932264659554,447.6993543695515,93.23808288574219,0.32717570662498474,0.6490388512611389,0.6756040453910828,0.5857847929000854,0.5156452060579726
AR-diff,P08,5,"In a still frame, a stop sign",general,81,0.17106934159528464,0.050931562214100265,0.14454636082518846,0.8449527806938846,0.20925702825188636,0.011074675193791223,9.387398495022125e-05,1.9230075493454932,0.0,0.9568430185317993,0.9856956601142883,0.9865814447402954,0.013392569281859324,174.04814552478453,134.22703552246094,0.19960591197013855,0.5718518495559692,0.5293790698051453,0.5293790698051453,0.5051546170433312
AR-diff,P05,3,A person is playing guitar,general,81,1.0439342357218266,0.41109325843863187,0.9002826835960149,0.8623932335931899,2.6981412053108214,0.5671365208504915,0.0009281808696130156,16.13592880964279,1.0,0.984065055847168,0.9871169328689575,0.9768176674842834,0.014938503073062747,708.9173918376115,66.23589324951172,0.2337527573108673,0.7445387244224548,0.6156949996948242,0.6156949996948242,0.299517533258185
AR-diff,P29,3,a full glass of water tipping over on a table and spilling across the surface,physics,81,3.758119813539088,0.605960604804568,3.737639101035893,0.9945500122216915,10.829505300521836,0.6919312310456832,0.0029648490492945713,28.172921419143677,1.0,0.8761805891990662,0.9469583630561829,0.9803417921066284,0.01532744787982665,595.9345129614171,63.432640075683594,0.25448116660118103,0.4943421185016632,0.5958745876948038,0.3822985291481018,-0.15247973042604812
AR-diff,P24,0,a panda playing a violin on a stage under spotlights,rare,81,1.1358362520113587,0.18287572958506643,1.0395133189857007,0.9151956560193055,2.399570095539093,0.7807683065810891,0.00030024612071883895,18.250069117546083,1.0,0.9496237635612488,0.9771360754966736,0.9711264371871948,0.01916770176612772,519.7608031524942,39.545188903808594,0.31977593898773193,0.6321786046028137,0.6627540787061056,0.5542134046554565,0.5239228002088887
AR-diff,P02,5,a bird soaring gracefully in the sky,general,81,6.227556879818439,4.00359304472804,3.0253811478614807,0.4858053841082379,11.941463565826416,0.49278019738808987,0.0038834165010484868,38.11420283317566,1.0,0.8598511815071106,0.9484273791313171,0.9513131380081177,0.02806133482372388,140.86076631716057,89.26513671875,0.23169350624084473,0.7972192764282227,0.8590346574783325,0.8590346574783325,0.21589858516258476
AR-diff,P08,2,"In a still frame, a stop sign",general,81,1.9494149596430361,0.3450847247673664,1.9645205788314342,1.0077482792288024,10.62508368492125,0.3974554661070426,0.0007683741074060891,23.39118717610836,1.0,0.8099386096000671,0.8369661569595337,0.9729077219963074,0.02051465165859554,407.12316596022225,121.51115417480469,0.1824844479560852,0.5973936319351196,0.5706557035446167,0.5706557035446167,0.40936937842898224
AR-diff,P22,5,a basketball player dribbling past two defenders and dunking the ball,multi,81,4.481271329149604,3.367485278123058,2.0734658025205137,0.4626957815156903,9.508460664749146,0.9741435809396765,0.00648897956334622,13.479725766181947,1.0,0.9386626482009888,0.9475070834159851,0.9333539009094238,0.031821974483318624,842.8252726408718,91.31891632080078,0.2269640564918518,0.6618075370788574,0.6772216955820719,0.5998094081878662,0.49801149259228783
AR-diff,P16,6,a surfer riding a large barreling wave and getting wiped out by the whitewater,fast,81,85.80763904750347,73.28882974088192,26.75414071828127,0.31179205841659396,284.71461791992186,0.7394860889399749,0.09479770986945368,179.03040981292725,1.0,0.7639516592025757,0.9010810852050781,0.9565918445587158,0.023107433482073246,56.626949842801814,57.164939880371094,0.21908186376094818,0.5809342861175537,0.5762258768081665,0.35392075777053833,-1.3836505911623918
AR-diff,P21,6,three children chasing each other around a fountain in a city square,multi,81,0.6601262245792896,0.030688727577216923,0.645963407563977,0.9785438071815028,1.4071323513984675,0.6805176089610829,6.0541625083487814e-05,18.886668920516968,1.0,0.948178768157959,0.9576959609985352,0.9745402336120605,0.020866728731198235,1287.470660076314,45.90065383911133,0.2892792224884033,0.7005561590194702,0.6969587405522665,0.6027660369873047,0.7512935311792832
AR-diff,P23,6,"an astronaut riding a horse on the moon, with the Earth visible in the sky",rare,81,0.674825482815504,0.0978166637942195,0.6226816110312938,0.9227284744862828,0.9440031230449677,-0.2595929542405225,0.00010754473699989831,5.743566620349884,0.0,0.9781864285469055,0.9931743741035461,0.982487678527832,0.007270564255304634,952.5983652947212,37.26541519165039,0.30283331871032715,0.5421508550643921,0.6429238319396973,0.5577926635742188,-0.3079225802917396
AR-diff,P25,0,a giraffe wearing sunglasses roller-skating down a boardwalk,rare,81,7.365775483846664,5.614928689599037,5.98743027150631,0.8128715668520348,13.28168873786926,-0.23713903059102925,0.027827724104281516,42.29013199806214,1.0,0.9386807680130005,0.9749736189842224,0.9438951015472412,0.03644411079585552,739.177250754103,131.22743225097656,0.33576881885528564,0.6687155961990356,0.6953683098157247,0.6401740312576294,0.39459779248476723
AR-diff,P15,7,"a cheetah sprinting at full speed across the savanna, dust flying behind it",fast,81,16.45289382636547,13.974301341176034,6.187227127701044,0.3760570521478155,50.31546192169189,0.6911202092550037,0.019662428367882966,33.24863228797913,1.0,0.8232078552246094,0.9327865839004517,0.9303604364395142,0.03078397405333817,160.07928088518037,66.96012878417969,0.2600076198577881,0.6642469167709351,0.697892983754476,0.6402256488800049,-0.18990921408490014
AR-diff,P13,7,a bear climbing a tree,general,81,1.965178244560957,1.5024874003138393,0.8294779563788325,0.42208768420213355,4.3280745267868035,0.5012449625870316,0.0019637444381260137,7.057436716556549,0.0,0.9302403330802917,0.9755945205688477,0.931516170501709,0.02363137834472582,1060.4488297378841,86.2312240600586,0.255666583776474,0.6281831860542297,0.7207256555557251,0.6767256259918213,0.5477855833177236
AR-diff,P23,3,"an astronaut riding a horse on the moon, with the Earth visible in the sky",rare,81,0.17955590821802617,0.04360701375408098,0.15598775502294301,0.8687371406146935,0.2592194303870201,0.5857647930552183,4.3189086363781824e-05,2.4827256381511686,0.0,0.9418412446975708,0.9844701886177063,0.9868109822273254,0.008213139954023063,857.8981393113505,31.84368896484375,0.30609360337257385,0.543197512626648,0.6544915636380514,0.5712077617645264,0.012154821571046526
AR-diff,P27,7,five yellow rubber ducks floating down a small stream,count,81,1.3177420482039452,1.0042625201283955,0.6714355766773223,0.509534523891038,4.3158073902130125,0.768834126892592,0.0014931642261217348,4.427731096744537,0.0,0.9697327017784119,0.9869829416275024,0.9598605036735535,0.01690875100903213,857.1466354968618,67.13581085205078,0.26564911007881165,0.7148644924163818,0.6067766348520914,0.5538030862808228,0.35232622814292736
AR-diff,P26,5,exactly four red apples rolling across a wooden table,count,81,6.490628719888628,1.336434481642209,5.94553337758407,0.9160179572970755,20.793277359008787,0.7342896564928288,0.0012071219122390176,85.34774980545043,1.0,0.8321670889854431,0.9427904486656189,0.9513481259346008,0.0397933698957786,45.2749494191983,86.49494171142578,0.2520124614238739,0.5048576593399048,0.60597030321757,0.5541317462921143,0.5449838986667803
AR-diff,P18,5,a flock of hundreds of starlings swirling in a murmuration at dusk,fast,81,2.6328690491616724,1.7705449942499398,1.9329234220087528,0.7341507123088781,4.017466187477112,-0.49899938616098477,0.006248036695251358,10.955386900901795,0.0,0.9300104379653931,0.9758424758911133,0.9207043647766113,0.043607781059108675,3934.7906772051597,72.8647232055664,0.31244319677352905,0.683730959892273,0.7385738889376322,0.6672129034996033,1.04561398714548
AR-diff,P19,5,two dogs playing tug-of-war with a rope toy in a backyard,multi,81,10.955833435803651,9.081951580633177,4.005407074838876,0.36559580179025086,29.87048273086546,0.9383437460971374,0.01367542938496058,31.12275598049164,1.0,0.8398730158805847,0.9333814978599548,0.9287567138671875,0.0397079229936935,268.5093042895466,76.29584503173828,0.28408515453338623,0.6740326285362244,0.6012806296348572,0.5871490836143494,0.2785002898731048
AR-diff,P06,1,A person is reading book,general,81,1.263429855927825,0.11319686276838184,1.2267959650140257,0.9710036439731435,3.489212524890898,0.5315998271347699,0.00030782137405367395,30.978117561340333,1.0,0.9328678250312805,0.9832008481025696,0.9686616063117981,0.0239370369061362,1243.8391544077965,59.6866455078125,0.2225085347890854,0.8486255407333374,0.719630777835846,0.719630777835846,0.7133099176980346
AR-diff,P28,3,"two cats sitting side by side on a windowsill, one black and one white, watching birds outside",count,81,0.15289438725449145,0.0519842000096105,0.12568458837922664,0.8220299554886312,0.4241313204169273,0.4187280359289349,0.00011963809673716241,3.3581433452665808,0.0,0.9869014620780945,0.9937723278999329,0.9939194321632385,0.005193357658572495,396.9622361732157,40.290950775146484,0.26486295461654663,0.7131277322769165,0.5048000713189443,0.4356416165828705,-0.43320424365860166
AR-diff,P11,2,A person is sweeping floor,general,81,3.693208109214902,0.09890170409344137,3.641521886643022,0.9860047939221975,10.686770439147947,0.5803446143106143,0.0002873602803447284,94.98104944229127,1.0,0.8759261965751648,0.9573238492012024,0.964216947555542,0.028028300602454693,142.91064301565694,56.1711540222168,0.22351565957069397,0.8289251923561096,0.6593203842639923,0.5150308609008789,0.45882587262773544
AR-diff,P12,4,a motorcycle turning a corner,general,81,7.477646151185036,3.1884905876591803,7.017847806215286,0.9385101575838756,11.713550758361816,0.33147756508138043,0.006533985094756644,31.967834997177125,1.0,0.836665153503418,0.9118875861167908,0.9199320077896118,0.045359667879529296,951.9090093280859,56.10947036743164,0.21669261157512665,0.6705198884010315,0.694677859544754,0.6341322064399719,0.6059259980108416
AR-diff,P01,6,a person drinking coffee in a cafe,general,81,0.8624702783301472,0.09743718702811748,0.8332451117224992,0.9661134610021639,2.6109464049339293,0.7991784580634691,0.00018543417469345512,9.759892046451569,0.0,0.9378111958503723,0.971299946308136,0.984610915184021,0.008152123130275867,117.20701349289324,73.82937622070312,0.2843612730503082,0.5126961469650269,0.6041029691696167,0.5910155773162842,-0.2535290904030809
AR-diff,P19,2,two dogs playing tug-of-war with a rope toy in a backyard,multi,81,1.2440222375094891,0.021570031787268816,1.2411130949854852,0.9976607008323816,1.8079928934574128,0.6717928908084171,7.155131355034428e-05,12.200565242767334,1.0,0.8969681859016418,0.9726835489273071,0.9599717855453491,0.024056194780860095,544.8630339587203,79.43081665039062,0.28424036502838135,0.6963832974433899,0.5799046158790588,0.5434656143188477,0.7231437019623508
AR-diff,P13,1,a bear climbing a tree,general,81,2.6256691195070743,2.0188270039856433,1.0828964298591017,0.4124266875011692,4.964995121955866,0.44440596466208654,0.0029262182735692475,8.597954487800598,0.0,0.9050272107124329,0.9685263633728027,0.9096654057502747,0.030128948320634664,1263.2414161587326,83.47608184814453,0.2637617588043213,0.6739159822463989,0.73343425989151,0.7296634912490845,0.6769966453382703
AR-diff,P02,6,a bird soaring gracefully in the sky,general,81,4.748285366594791,4.350600703060627,1.4143963620066642,0.2978751180546407,7.119581699371338,0.35450890871239416,0.004741985886357725,11.022173380851745,0.0,0.8803844451904297,0.9515094757080078,0.920486330986023,0.029056460899300873,847.919715072741,117.03877258300781,0.23768861591815948,0.7601100206375122,0.8154902458190918,0.8154902458190918,0.3802081357362934
AR-diff,P03,3,a boat sailing smoothly on a calm lake,general,81,0.1288639214122668,0.09609842898207717,0.0638143921038136,0.4952037482695351,0.41388053447008133,0.734381618178563,0.00018869787103312775,0.8463420391082763,0.0,0.9774940609931946,0.9911665916442871,0.9874825477600098,0.008771652524592355,688.9719083452064,90.80593872070312,0.2676544189453125,0.7513324618339539,0.8218005299568176,0.8005716800689697,0.10277026076839668
AR-diff,P01,0,a person drinking coffee in a cafe,general,81,0.9215420231223106,0.10738365070428699,0.8962030686438084,0.9725026896816525,2.724318265914916,0.4996740040596397,0.0002340060726965021,13.173611950874328,1.0,0.9317065477371216,0.9653932452201843,0.9856557250022888,0.009327875886810943,100.00165164815449,62.105098724365234,0.26854634284973145,0.4949028193950653,0.6623203456401825,0.6109292507171631,-0.13646796529218452
AR-diff,P05,4,A person is playing guitar,general,81,0.5449302188120783,0.0864044873858802,0.5233004113659263,0.9603054354395294,1.2018713772296903,0.4920621014098187,0.00016186853065391915,6.756965386867523,0.0,0.9761802554130554,0.9761740565299988,0.980431318283081,0.012736677483189851,579.3593910748766,40.82521057128906,0.24935604631900787,0.7078582048416138,0.5886095762252808,0.5886095762252808,0.298310344463359
AR-diff,P12,5,a motorcycle turning a corner,general,81,35.54671329855919,34.61997391581535,13.678303463757038,0.38479796891696005,61.27119960784911,0.6556981815581309,0.03259253761425498,85.87859840393067,1.0,0.8613482713699341,0.9445344805717468,0.9210256338119507,0.04656109097413719,552.5719790872851,49.93562316894531,0.24274936318397522,0.6406950950622559,0.6921248435974121,0.6145702600479126,-0.19398397825097558
AR-diff,P03,5,a boat sailing smoothly on a calm lake,general,81,6.602379486337304,5.529322818852961,2.13969139251858,0.32407877688151565,20.092590236663817,0.7790009374606524,0.0075877428960666295,13.996471202373504,1.0,0.9430143237113953,0.9571534991264343,0.951862096786499,0.01730921088019386,942.0730404944883,77.80799102783203,0.24497126042842865,0.6730986833572388,0.761586457490921,0.7519274353981018,-0.2958168595974353
AR-diff,P07,5,A tranquil tableau of a picturesque barn was painted a warm shade of red and nestled in a picturesque meadow,general,81,3.5631053806748243,2.72017137791845,1.7764093730831518,0.49855636719628726,18.30597314834593,0.057263134114317445,0.00630603307556612,17.513558047264816,1.0,0.9328905940055847,0.9788803458213806,0.9656445980072021,0.020503353589447215,1639.010918977115,113.8056869506836,0.2739838659763336,0.7848167419433594,0.7072921693325043,0.6302638053894043,0.1621060878082674
AR-diff,P27,5,five yellow rubber ducks floating down a small stream,count,81,1.0577255683019757,0.8249741955194623,0.4729215384460986,0.447111335404295,0.9647235244512524,0.29753096469335333,0.0010596605035033235,5.376464232802391,0.0,0.9259724617004395,0.9746025204658508,0.9761884808540344,0.01777071914402768,971.0602809640276,58.39039611816406,0.24492329359054565,0.7050005197525024,0.6273610989252726,0.5877012014389038,0.46931520886815203
AR-diff,P27,1,five yellow rubber ducks floating down a small stream,count,81,2.446177764236927,2.0587957963347434,0.9867034545168281,0.4033652278167107,4.707279753684997,0.8930854701021955,0.0025789690713281742,4.276769930124283,0.0,0.9697211384773254,0.9892421960830688,0.9465593099594116,0.015810556255746632,676.6442041001347,75.98876953125,0.27471470832824707,0.7071576118469238,0.5740723212560018,0.5360581874847412,0.06092217202952099
AR-diff,P09,7,a cow chewing cud while resting in a tranquil barn,general,81,0.13537900724913926,0.03139541377313435,0.12084086340619252,0.8926049411698551,0.32881945520639416,0.7338732016661792,6.867145277738018e-05,2.74531968832016,0.0,0.9659147262573242,0.9840574264526367,0.9836336970329285,0.010965525347273797,1147.5754759897386,75.2507553100586,0.25615203380584717,0.6585999131202698,0.6867352724075317,0.5813976526260376,0.32272512426203015
AR-diff,P14,2,A tranquil tableau of a bunch of grapes,general,81,0.3511446622898802,0.30294833341613414,0.2901287613902241,0.8262347867214005,0.6049627870321274,0.09210820659599864,0.0006342229268739175,2.3724108424037693,0.0,0.9729161262512207,0.9943100810050964,0.9893999099731445,0.008859687359654344,309.3933663003783,89.58810424804688,0.2503308057785034,0.7794170379638672,0.794829785823822,0.794829785823822,0.011140958933216538
AR-diff,P03,1,a boat sailing smoothly on a calm lake,general,81,2.0524538096040486,1.3121731669642032,1.2406069289892911,0.6044503017479952,4.09874243736267,0.7793383199278754,0.005367300249690743,6.2547857642173765,0.0,0.9765862822532654,0.9888021349906921,0.9812588691711426,0.008365178538952023,393.99152090636693,93.66858673095703,0.26828116178512573,0.6615230441093445,0.7532285451889038,0.7125483751296997,-0.5070346874926646
AR-diff,P03,7,a boat sailing smoothly on a calm lake,general,81,0.09776565486099571,0.05818417223636061,0.06786331719486043,0.6941356159863324,0.2524802431464194,0.04395149293360412,0.00010582062813568882,0.6950201727449894,0.0,0.9723555445671082,0.9912797808647156,0.9838177561759949,0.012173902831273153,998.2465429362697,83.1906967163086,0.26402297616004944,0.7488012313842773,0.8079218566417694,0.7902958989143372,0.4463004254952967
AR-diff,P10,4,an airplane taking off,general,81,23.179326915740965,19.644820940494537,9.09979451596737,0.3925823280573957,42.31832237243652,0.6543019841457663,0.023177827269682892,36.798564195632935,1.0,0.9463602304458618,0.940034806728363,0.9509075880050659,0.025886228808667512,561.3144089315291,79.7136001586914,0.2216668725013733,0.560158371925354,0.6321805715560913,0.5241848230361938,-0.5474828005149317
AR-diff,P24,3,a panda playing a violin on a stage under spotlights,rare,81,2.919529025256634,0.5494458309840411,2.7313395515084267,0.9355408329011226,6.646848797798156,0.3268484333570845,0.0009454214445213438,39.14752979278565,1.0,0.9372467398643494,0.9772166609764099,0.9589794874191284,0.028272042179014533,361.7393909899074,99.32488250732422,0.312080979347229,0.6089436411857605,0.633928656578064,0.5274161100387573,0.5693273438685855
AR-diff,P02,2,a bird soaring gracefully in the sky,general,81,2.397413959354162,0.9150667041540146,1.840563826262951,0.767728514866187,4.7731267452239985,0.598054486323758,0.0015279383698725724,27.544706344604492,1.0,0.9168626666069031,0.9578099250793457,0.9658856391906738,0.022689553891541436,202.27993864741745,85.7928237915039,0.23856961727142334,0.7899101972579956,0.8275718688964844,0.8275718688964844,0.43018656286145696
AR-diff,P10,0,an airplane taking off,general,81,18.06450282037258,15.297567278891801,8.006627640873194,0.4432243321205186,68.11069030761718,0.4812820701631325,0.02305451818428992,69.2598430633545,1.0,0.9197834134101868,0.9123855829238892,0.9424683451652527,0.03515919299097732,516.9964214335523,94.73096466064453,0.20946519076824188,0.6273723840713501,0.6602766215801239,0.6040714383125305,-0.10695369185601011
AR-diff,P20,2,a chef tossing vegetables in a flaming wok while a second cook plates dishes beside him,multi,81,12.187390387058258,4.27308090175502,11.951185987517238,0.9806188714188793,33.57171001434326,0.6933607482219796,0.011970803399572105,77.7837586402893,1.0,0.8587390780448914,0.9290605783462524,0.9240764379501343,0.05020236197160557,317.2728979184185,70.07752227783203,0.27321386337280273,0.5712648630142212,0.6179069677988688,0.6012253165245056,0.45757941926860113
AR-diff,P16,3,a surfer riding a large barreling wave and getting wiped out by the whitewater,fast,81,14.022136265039444,11.585507647693158,5.049176852405071,0.36008610934039864,29.999683666229245,0.89627681531196,0.012555068398069125,25.41793315410614,1.0,0.8444483876228333,0.924604058265686,0.9464439749717712,0.019132110208738597,90.23992731903256,66.33197784423828,0.22148209810256958,0.6090191602706909,0.5889764825503031,0.3205494284629822,-0.5807255406847953
AR-diff,P28,1,"two cats sitting side by side on a windowsill, one black and one white, watching birds outside",count,81,0.09176007406786084,0.04002367515931837,0.07383619679603726,0.8046570677827131,0.22962218001484871,0.8653411145447288,7.25296251630425e-05,1.2142909079790116,0.0,0.9811474084854126,0.9912983179092407,0.9942061305046082,0.00516579129762249,424.17687974409307,57.195411682128906,0.30466222763061523,0.7016003727912903,0.5400222937266032,0.47969359159469604,-0.4077230911982328
AR-diff,P00,0,a horse taking a peaceful walk,general,81,5.595281059294939,4.200134135456755,2.560664288699627,0.45764704291284575,2.7678028345108023,-0.029406343269378157,0.006610784764234268,19.823328322172166,1.0,0.7076044082641602,0.8449823260307312,0.9614070057868958,0.03400137845601421,232.4312709548447,120.84248352050781,0.20812377333641052,0.579107940196991,0.6861963868141174,0.6402751207351685,0.4596557727072934
AR-diff,P04,3,a dog running happily,general,81,4.557034482061863,3.8899876207113264,1.608180533349514,0.3529005950644653,9.459624862670898,0.7799672947035563,0.0031607614117092455,8.86897120475769,0.0,0.925070583820343,0.9754390120506287,0.951184093952179,0.017250735568813978,218.31163245121874,91.43433380126953,0.2626851797103882,0.6347123384475708,0.7463393807411194,0.73895263671875,-0.12202497566139181
AR-diff,P25,1,a giraffe wearing sunglasses roller-skating down a boardwalk,rare,81,8.680210900306701,6.98485426902771,4.262352913618088,0.49104249557173657,14.48819499015808,0.6639163869207192,0.02616066582268104,36.297686386108396,1.0,0.849805474281311,0.9350178837776184,0.9217786192893982,0.034853940771427006,434.5759160849628,59.354026794433594,0.2942843437194824,0.5227183699607849,0.5638817250728607,0.496311217546463,0.2674826807405424
AR-diff,P20,7,a chef tossing vegetables in a flaming wok while a second cook plates dishes beside him,multi,81,0.9821870498359203,0.1422462014015764,0.9541756594087929,0.9714796057315022,2.5040700435638428,0.30882568432858326,0.00045097673280452,16.010963249206544,1.0,0.9589356780052185,0.9750341773033142,0.9668148756027222,0.026584183215163648,499.80620656291893,89.56694793701172,0.28889697790145874,0.6555928587913513,0.723452091217041,0.6155431270599365,0.8932048498377472
AR-diff,P28,6,"two cats sitting side by side on a windowsill, one black and one white, watching birds outside",count,81,0.25333067690953615,0.06266099174972624,0.22396436547860504,0.8840756442731872,0.5406900882720946,0.7076202156308177,0.00017799843924422022,4.700513076782227,0.0,0.9659507870674133,0.9769278764724731,0.9894320964813232,0.00872395935584791,471.20126915076685,25.04920196533203,0.3023419678211212,0.72996985912323,0.542161375284195,0.460636705160141,0.03818836098590861
AR-diff,P02,7,a bird soaring gracefully in the sky,general,81,11.478526472300292,9.697940232604742,3.9287443730980156,0.3422690221005062,22.357403850555418,0.29807317451344106,0.013434843636332516,25.13443260192871,1.0,0.8240624666213989,0.9032759070396423,0.952523946762085,0.02210837627062574,78.79490314755523,97.93256378173828,0.23606446385383606,0.7364602088928223,0.7852102518081665,0.7852102518081665,-0.3312647317006925
AR-diff,P15,1,"a cheetah sprinting at full speed across the savanna, dust flying behind it",fast,81,53.795761013031004,46.932860016822815,25.545320123434067,0.47485748258842764,86.09221725463867,-0.051253634066823,0.05604129699058831,103.68221187591553,1.0,0.9276304244995117,0.9758016467094421,0.9061776399612427,0.07403623992577195,469.5764963024957,74.84741973876953,0.2753819227218628,0.7774362564086914,0.7711124221483866,0.7457749247550964,0.04082261944684751
AR-diff,P26,0,exactly four red apples rolling across a wooden table,count,81,2.758811301086098,0.1497745095170103,2.686271289375145,0.9737057096336728,9.979842519760128,0.3849831117376393,0.0003536812691422142,45.94731633663177,1.0,0.8843243718147278,0.9707403182983398,0.9652175307273865,0.028159163919917775,80.94357699495951,96.50513458251953,0.2667648196220398,0.5194336175918579,0.6603934367497762,0.5751091241836548,0.5889969898533618
AR-diff,P14,7,A tranquil tableau of a bunch of grapes,general,81,0.09087369095068425,0.06907494034385309,0.05627619384322315,0.6192724646927608,0.23959361761808384,0.3711126122344949,0.00013486592216906956,0.38217444308102133,0.0,0.9855110049247742,0.9944052696228027,0.9926980137825012,0.006342862278688699,297.92301637304706,78.84778594970703,0.2571289539337158,0.8062690496444702,0.7948645353317261,0.7948645353317261,-0.20202799586892262
AR-diff,P05,0,A person is playing guitar,general,81,2.8373668149113653,1.5171159445308149,2.2894604839384556,0.8068959096196608,5.919995141029358,0.7421657091276512,0.002296527672933735,21.11415207386017,1.0,0.9792356491088867,0.9817423224449158,0.9646062254905701,0.018601545511046425,679.9991691644221,103.10785675048828,0.20841404795646667,0.7052579522132874,0.6173548102378845,0.6173548102378845,0.16269377415770014
AR-diff,P02,3,a bird soaring gracefully in the sky,general,81,0.6097866812720895,0.28570677766110747,0.4107891478575766,0.6736593087623903,1.1391645550727842,0.5081381974135402,0.00040124268221006785,8.318570548295975,0.0,0.9325685501098633,0.967389702796936,0.9868208765983582,0.010265618521953002,161.52888355394472,74.89501953125,0.24503928422927856,0.8002495765686035,0.8319146633148193,0.8319146633148193,0.05939528636022828
AR-diff,P29,4,a full glass of water tipping over on a table and spilling across the surface,physics,81,0.9018803879618644,0.11268671127036214,0.8835447316989302,0.9796684392119759,1.928849411010742,0.37444711766903044,0.0002006883905551149,10.398530542850494,0.0,0.876804530620575,0.9579300284385681,0.9683799147605896,0.020788527198601515,667.9625479753175,57.359901428222656,0.23154041171073914,0.46497297286987305,0.5985060532887777,0.3904973268508911,0.6706813508083815
AR-diff,P25,5,a giraffe wearing sunglasses roller-skating down a boardwalk,rare,81,8.976632457971572,5.822600956261158,6.89237325489521,0.7678127092038648,16.538202190399165,0.7115220909463637,0.029352833997108974,54.126114416122434,1.0,0.8866769075393677,0.9503359198570251,0.9346510767936707,0.03373578183818608,691.9099810747363,105.46017456054688,0.27562713623046875,0.7176067233085632,0.7021437684694926,0.6803259253501892,0.2178247348098501
AR-diff,P17,6,"a red race car drifting around a tight corner on a wet track, tires smoking",fast,81,12.18676238656044,7.955720068141818,8.757737708091735,0.7186270406915233,23.61192293167114,0.264762542817138,0.02881994707240665,34.51116862297058,1.0,0.9034196734428406,0.9428909420967102,0.9567874670028687,0.015728558227419854,243.12499068454358,61.73689270019531,0.2504882216453552,0.7777978777885437,0.7704964876174927,0.6894890069961548,-0.7029340219132596
AR-diff,P29,5,a full glass of water tipping over on a table and spilling across the surface,physics,81,1.3797748675569892,0.32952718597371133,1.3269280238077044,0.9616982402780704,4.8252909660339345,0.857868525468562,0.0014818902155184332,15.193913626670838,1.0,0.8992027640342712,0.95415860414505,0.9757884740829468,0.01964509122772142,238.91488410265347,90.106201171875,0.263448029756546,0.4764094054698944,0.6357205907503763,0.42160671949386597,0.48738218370554964
AR-diff,P11,3,A person is sweeping floor,general,81,0.1878388133365661,0.055604079249314965,0.15891994328703732,0.8460397211015591,0.40726280510425517,0.9258738114585751,0.00011677300350356745,3.0131287783384324,0.0,0.9371927380561829,0.981749951839447,0.9904122948646545,0.007294589933007955,194.48700251633358,36.767066955566406,0.22501197457313538,0.7458802461624146,0.6869514286518097,0.5385737419128418,-0.11038816005734642
AR-diff,P16,7,a surfer riding a large barreling wave and getting wiped out by the whitewater,fast,81,10.740557780861854,8.965642520785332,4.273530501127243,0.39788716661018286,22.13326511383056,0.6622991717684267,0.01385687399742892,21.369468784332277,1.0,0.8570424914360046,0.9350412487983704,0.9479166865348816,0.02918558046221733,433.0839823513581,93.06484985351562,0.22190000116825104,0.5763330459594727,0.5839141209920248,0.28414386510849,-0.019094381385502235
AR-diff,P00,5,a horse taking a peaceful walk,general,81,6.414355409517884,5.274663034640253,2.622357412055135,0.40882627104474173,13.398233938217162,0.863517992768913,0.007751188816473587,15.108040976524354,1.0,0.9208723306655884,0.9468995332717896,0.9188195466995239,0.03083308820496313,430.02827970518973,112.10346984863281,0.21962860226631165,0.6272010803222656,0.7103181481361389,0.6238479614257812,0.29566537610234045
AR-diff,P05,6,A person is playing guitar,general,81,1.8861578639596701,0.6985920228995383,1.545685587823391,0.819488547522708,4.538057494163513,0.22399741420931696,0.0009927299025548563,26.74243700504303,1.0,0.9846004843711853,0.9831336140632629,0.9720433950424194,0.017428661475423723,937.0719792734565,67.12859344482422,0.2371172308921814,0.7207481861114502,0.631790816783905,0.631790816783905,0.2586116772266829
AR-diff,P09,1,a cow chewing cud while resting in a tranquil barn,general,81,5.523880493547767,2.727020498458296,5.064713967218995,0.9168759273954178,15.435906839370723,0.9347651210296438,0.006312434760911856,35.04511318206787,1.0,0.9670206308364868,0.9756645560264587,0.9362738728523254,0.02482216398930177,340.06169198407906,105.3385238647461,0.19769689440727234,0.4664565920829773,0.5345527529716492,0.3763403296470642,0.1511562910852966
AR-diff,P08,7,"In a still frame, a stop sign",general,81,0.5762849717866629,0.14768452442949637,0.5287347249453888,0.9174867181065491,2.597128736972808,0.7489722983940507,0.00046621500380297223,7.927746519446373,0.0,0.8029565811157227,0.7959204912185669,0.9822800755500793,0.014438672972028143,624.2714544718821,4.404209613800049,0.18761670589447021,0.6406605243682861,0.5245158672332764,0.5245158672332764,0.41236665767807956
AR-diff,P19,3,two dogs playing tug-of-war with a rope toy in a backyard,multi,81,0.7830462025478482,0.044120005948934705,0.7633280556648969,0.974817422476206,1.65724481344223,0.6100740677543897,0.00011319761987351739,15.468799233436584,1.0,0.9557290077209473,0.9761319160461426,0.9560186266899109,0.031331922381650654,886.4498836293589,98.30689239501953,0.2711569666862488,0.7026354074478149,0.5826998353004456,0.5664992332458496,1.1173770059505959
AR-diff,P08,1,"In a still frame, a stop sign",general,81,0.11123205139301717,0.08842040713643655,0.05265061834361404,0.47333609645917946,0.18269201815128322,0.23497103665215652,0.00019997809677079202,0.23413487002253533,0.0,0.9869781732559204,0.9937124252319336,0.9960741996765137,0.004097986157285049,524.4145165766812,57.63421630859375,0.1728336215019226,0.42689645290374756,0.5103988647460938,0.5103988647460938,-0.649229486058811
AR-diff,P17,0,"a red race car drifting around a tight corner on a wet track, tires smoking",fast,81,21.290465092658998,14.695165774226188,16.015129321813582,0.7522207006701292,35.12630157470703,0.3309757043234693,0.022375178296351807,79.39843835830689,1.0,0.8849954009056091,0.9358035922050476,0.944338858127594,0.027737627213355154,340.9169725914061,63.92461013793945,0.22397840023040771,0.8329002857208252,0.7756652434666952,0.7245893478393555,-0.4324224374895085
AR-diff,P22,2,a basketball player dribbling past two defenders and dunking the ball,multi,81,1.3630615722388029,0.6377148881438188,0.9436352971941233,0.6922905201954312,3.205877673625945,0.2725214065341981,0.0006878318853523524,10.418021202087402,0.0,0.9518752098083496,0.9626885652542114,0.9660037755966187,0.02025729528395459,797.6882942013087,94.71591186523438,0.21298076212406158,0.6438823938369751,0.6573868195215861,0.6206395030021667,0.5220525612952218
AR-diff,P01,5,a person drinking coffee in a cafe,general,81,4.277080990723334,3.7944230704917574,3.109174242732115,0.7269381904475242,14.399199533462486,-0.057290916621121596,0.01117520278239681,28.97911206483841,1.0,0.7802594304084778,0.9253040552139282,0.9570893049240112,0.034897417449974454,94.99267514777152,66.43832397460938,0.21087440848350525,0.5054014325141907,0.5232658386230469,0.5184612274169922,0.6117270272480808
AR-diff,P23,7,"an astronaut riding a horse on the moon, with the Earth visible in the sky",rare,81,0.04370380071923137,0.029271530522964894,0.028872766764834523,0.6606314704491874,0.05410363506525754,0.15350361188210643,2.5170279056396793e-05,0.08826291989535093,0.0,0.9925889372825623,0.9953741431236267,0.9971761107444763,0.0023767049715388566,937.2752319871922,29.261268615722656,0.2706943154335022,0.5702146291732788,0.6500272949536642,0.5808486938476562,-1.1583902130674133
AR-diff,P01,4,a person drinking coffee in a cafe,general,81,0.18716732757166027,0.047991762799210844,0.16535260663367807,0.8834433089133111,0.5357124775648114,0.8814451843125357,0.0001481364492406101,3.1602194145321847,0.0,0.9579238891601562,0.9821333289146423,0.9922409057617188,0.006207600259222091,272.32863384942954,52.753807067871094,0.2642665505409241,0.5598674416542053,0.612371563911438,0.583643913269043,-0.271403060147029
AR-diff,P26,1,exactly four red apples rolling across a wooden table,count,81,1.120953971450217,0.06235865610069595,1.0972236833767965,0.9788294011108061,3.464690053462982,0.4994465096885002,0.00016446851178102405,25.233925676345827,1.0,0.9513964056968689,0.9927854537963867,0.9801378846168518,0.015425192650582176,370.32318970656024,88.73351287841797,0.24388524889945984,0.45772331953048706,0.6013718644777933,0.5613805055618286,0.3106638710757563
AR-diff,P10,7,an airplane taking off,general,81,19.56152464747429,16.663560634851457,6.298528423905372,0.3219855412820837,39.01166114807129,0.26818823856079105,0.0180432770466723,31.82146258354187,1.0,0.9211857914924622,0.9065980911254883,0.9689107537269592,0.013465506682405249,112.26644005998484,53.386165618896484,0.23760256171226501,0.551584005355835,0.6125381290912628,0.522853672504425,-1.1093986548702892
AR-diff,P20,5,a chef tossing vegetables in a flaming wok while a second cook plates dishes beside him,multi,81,2.652727348357439,0.42187672926811504,2.6181248627603053,0.9869555110614473,5.752132415771482,0.27901416761922726,0.0011988203813416477,33.78992056846619,1.0,0.9282144904136658,0.9654617309570312,0.9510781764984131,0.039931179489940405,463.53052506020384,90.57877349853516,0.27277231216430664,0.6930726170539856,0.7216153939565023,0.6218210458755493,0.9544560647717968
AR-diff,P01,7,a person drinking coffee in a cafe,general,81,0.44371381578966973,0.12482917699962855,0.4104994513560086,0.9251425391902941,1.33017800450325,0.8554264900650056,0.0004579577315666938,7.35533299446106,0.0,0.9576789736747742,0.9534034132957458,0.9905111789703369,0.007108938312740065,176.1540171456097,54.944026947021484,0.24787451326847076,0.5681402087211609,0.6520901620388031,0.6045767068862915,-0.2464530319965199
AR-diff,P28,4,"two cats sitting side by side on a windowsill, one black and one white, watching birds outside",count,81,0.17082193940877916,0.029086157615529372,0.1609359785914421,0.9421215859441596,0.35221043825149534,0.6781396410656669,5.400861329860618e-05,3.1436923414468767,0.0,0.9768498539924622,0.9907369017601013,0.9926198720932007,0.006167984951753169,432.763831971733,29.858240127563477,0.28622207045555115,0.7314702272415161,0.5590378940105438,0.4602479636669159,-0.2699663121432341
AR-diff,P12,6,a motorcycle turning a corner,general,81,17.184171940013766,12.72021290846169,10.886074076779186,0.6334942109102438,63.422504043579075,0.8619519015306875,0.023562909856445914,107.19495830535888,1.0,0.8063358664512634,0.9071405529975891,0.9327259659767151,0.03707751525216736,602.1403742598529,76.57622528076172,0.22822211682796478,0.5917700529098511,0.6599325835704803,0.6185681223869324,-0.027103217754719022
AR-diff,P22,1,a basketball player dribbling past two defenders and dunking the ball,multi,81,2.8128687433898447,2.058930553123355,1.4931455865502357,0.5308264238182663,4.632041883468628,0.9026189686209444,0.0032567504655162337,7.761086785793305,0.0,0.9536151885986328,0.9586876034736633,0.9474959969520569,0.023500812228303403,764.7918557204035,104.1906967163086,0.2357608526945114,0.6778097152709961,0.6502227584520975,0.5533204674720764,0.4000936295314048
AR-diff,P13,5,a bear climbing a tree,general,81,4.394853800907731,3.429756773915142,2.1401673797518015,0.48697112343956456,11.415290832519526,0.9381509100738193,0.006061367071379209,15.323571944236756,1.0,0.8854276537895203,0.9627844095230103,0.908476710319519,0.03234524859581143,895.3151739736713,86.38288116455078,0.25288277864456177,0.6545355319976807,0.7392741441726685,0.7158548831939697,0.5233051864953224
AR-diff,P00,2,a horse taking a peaceful walk,general,81,3.1282990865409372,2.9184570349752903,1.6149741284549237,0.5162465504518311,5.890954399108887,0.8336761925109649,0.004003290471882792,7.554424834251404,0.0,0.9686627388000488,0.9873998761177063,0.9684872031211853,0.01687709556426853,480.92317505598754,130.58799743652344,0.21930178999900818,0.5926923751831055,0.7322540283203125,0.6467160582542419,0.024097485190989865
AR-diff,P06,4,A person is reading book,general,81,0.2731294457335025,0.09277896204730496,0.22968549446668476,0.840936988367794,0.485430034995079,0.8860601727984567,0.00013187467743591696,2.9806825518608093,0.0,0.9867397546768188,0.9900566935539246,0.9903491139411926,0.006712490360951051,350.163146094716,41.039833068847656,0.23805370926856995,0.8716535568237305,0.7274834513664246,0.7274834513664246,-0.2327412886285103
AR-diff,P07,2,A tranquil tableau of a picturesque barn was painted a warm shade of red and nestled in a picturesque meadow,general,81,0.033966144651640204,0.02627547603333369,0.018878345494158566,0.5557825271382347,0.060180492512881746,0.09354651653862724,3.3802405567939786e-05,0.08063972070813179,0.0,0.9978256225585938,0.9984342455863953,0.9912301301956177,0.005188793898560107,1061.7546860052885,135.74012756347656,0.2813648581504822,0.7187374830245972,0.7020148038864136,0.6046029329299927,-0.37253262515705643
AR-diff,P04,2,a dog running happily,general,81,1.6902273267507553,1.4599412851035596,1.3048806950449943,0.7720144517714114,2.3519880056381224,0.3194201763971127,0.003982435804209672,8.097849857807159,0.0,0.93519127368927,0.9906696677207947,0.9703810811042786,0.01596117453882471,151.60693404346353,90.23297882080078,0.2664206624031067,0.6367977857589722,0.7519910931587219,0.730410099029541,0.210403734352262
AR-diff,P08,6,"In a still frame, a stop sign",general,81,0.594942843937315,0.11952725601149723,0.5408128572511487,0.9090149646260232,0.8489630490541447,0.5175448251987592,0.0002408006374821525,8.887882103770972,0.0,0.6670226454734802,0.8249840140342712,0.9846940636634827,0.01461838815230294,233.71838618818262,59.67597961425781,0.1900443285703659,0.5721584558486938,0.5452685952186584,0.5452685952186584,0.4180833593369737
AR-diff,P26,2,exactly four red apples rolling across a wooden table,count,81,4.55684001664631,0.2932506482349709,4.533951389510184,0.9949768651018305,10.999676609039302,0.5827195654876403,0.0008031800676803868,59.95704507827759,1.0,0.9031757712364197,0.9704996347427368,0.9480904340744019,0.04057194160268409,224.85271103868118,74.03453826904297,0.23610423505306244,0.4879447817802429,0.5953899621963501,0.5546449422836304,0.7331834387855882
AR-diff,P01,2,a person drinking coffee in a cafe,general,81,0.23877453762106599,0.07367134168744087,0.20902329501695932,0.875396605110683,0.47322881817817686,0.806261197946859,0.00011595357791804872,2.5927821159362794,0.0,0.9795253872871399,0.983452320098877,0.9904995560646057,0.007085870974697173,208.45178197715043,64.11738586425781,0.2646283507347107,0.529252827167511,0.6074153482913971,0.583092987537384,-0.1631512701793687
AR-diff,P18,0,a flock of hundreds of starlings swirling in a murmuration at dusk,fast,81,2.2428826332092284,1.4512517997995018,1.934521230403334,0.862515202197684,5.6556111574172965,0.4380355380627661,0.004641183224521228,10.966218733787537,0.0,0.8961788415908813,0.9535719156265259,0.9509178996086121,0.03246014701435342,1925.8203456560989,96.44170379638672,0.31947553157806396,0.6833509206771851,0.750769853591919,0.6838366389274597,0.8145994054791061
AR-diff,P29,7,a full glass of water tipping over on a table and spilling across the surface,physics,81,0.5564725715667009,0.1381197983166203,0.495780145842582,0.8909320607028253,1.3751396775245666,0.682912685347552,0.00045243562171890515,4.28697150349617,0.0,0.910641610622406,0.9630357623100281,0.9825477600097656,0.011906355601968243,655.8623680826012,27.689178466796875,0.2690434753894806,0.4576987028121948,0.5831339557965597,0.412861704826355,0.22669431819865604
AR-diff,P04,6,a dog running happily,general,81,2.966505903750658,2.9270642258226873,1.4358553677797317,0.4840222572765058,4.656383228302001,0.7975566590785357,0.004982225553249009,9.679582464694978,0.0,0.9246889352798462,0.9769279360771179,0.9373595118522644,0.029255889041814954,414.4507295582242,105.35863494873047,0.24242989718914032,0.58543860912323,0.7198595106601715,0.6981619596481323,0.5967981278904477
AR-diff,P15,3,"a cheetah sprinting at full speed across the savanna, dust flying behind it",fast,81,14.5113784506917,12.964118670672178,5.819099497795105,0.4010025041084383,27.707882881164547,0.2325662300410937,0.013267383111451637,30.58429021835327,1.0,0.9262905120849609,0.9760362505912781,0.9355406165122986,0.035775950469542295,539.449601419033,74.81245422363281,0.29510655999183655,0.7832560539245605,0.7727160652478536,0.7309635281562805,0.027039378096143984
AR-diff,P17,7,"a red race car drifting around a tight corner on a wet track, tires smoking",fast,81,23.64842276275158,22.225050769746304,12.652607774734497,0.5350296451750626,48.773811149597165,0.14099551566069055,0.032684099713515026,121.10630416870117,1.0,0.9399016499519348,0.9553103446960449,0.9485466480255127,0.025112479424569754,316.154070616731,62.23783874511719,0.23162291944026947,0.8414212465286255,0.8052644530932108,0.756426215171814,-0.5886907748361865
AR-diff,P24,1,a panda playing a violin on a stage under spotlights,rare,81,2.3650450848042963,0.5011369376443326,2.1700249832123517,0.9175402530864076,4.240704989433288,0.7681082087685793,0.0009163239195459028,25.97223472595215,1.0,0.9090933799743652,0.9671927690505981,0.9584475755691528,0.024126257793977857,452.9890063703449,54.02859878540039,0.3075461685657501,0.657570481300354,0.6712909738222758,0.5830607414245605,0.49699218534387324
AR-diff,P26,7,exactly four red apples rolling across a wooden table,count,81,3.305336979427375,0.05540481106145308,3.283242557453923,0.9933152306629534,10.574166202545165,0.44170217108806886,0.00011080875683546764,63.84523816108704,1.0,0.8629604578018188,0.975064218044281,0.9547828435897827,0.0379286715775379,254.3867133130499,75.6080551147461,0.2580844759941101,0.48066848516464233,0.5753970344861349,0.4889300465583801,0.810075932999303
AR-diff,P11,4,A person is sweeping floor,general,81,0.9070209432393312,0.1584453150862828,0.8123261034954339,0.895596969345966,2.470817649364471,0.8424723852679168,0.0002371560450455945,22.228101897239686,1.0,0.9542695879936218,0.9697884917259216,0.9785764813423157,0.014335932623362168,260.50867306718453,39.99123764038086,0.23132222890853882,0.7867105603218079,0.6743307411670685,0.5155593752861023,0.29754491465295274
AR-diff,P24,7,a panda playing a violin on a stage under spotlights,rare,81,0.6457094974815846,0.15789350064005703,0.572866583429277,0.887187966842083,1.1151904582977292,0.7765342285488182,0.0003065636698465823,6.696120715141296,0.0,0.9441816210746765,0.9843894839286804,0.9816996455192566,0.012189710233360528,343.30546060255534,53.146507263183594,0.32158365845680237,0.580975353717804,0.6197961966196696,0.5167684555053711,0.21869476983332525
AR-diff,P25,3,a giraffe wearing sunglasses roller-skating down a boardwalk,rare,81,2.1936695210635664,1.7259285166859626,1.4591183319687844,0.6651492637378169,3.2857993841171265,0.7436172413759763,0.0007597457264182595,11.687151789665222,1.0,0.9177871942520142,0.9359981417655945,0.9612995386123657,0.017385530611500145,682.4387692499433,128.55458068847656,0.29112398624420166,0.6536349058151245,0.6738436222076416,0.625697672367096,0.19889652470410724
AR-diff,P28,7,"two cats sitting side by side on a windowsill, one black and one white, watching birds outside",count,81,0.42974303429946303,0.053779910935554655,0.4091464499477297,0.9520701098613039,1.9814038097858415,0.6861047700247125,0.00014851497871859465,12.926883682608604,1.0,0.9694222807884216,0.9811668395996094,0.9894067049026489,0.008897748508024961,377.06736191162133,38.890602111816406,0.29873043298721313,0.7455977201461792,0.5425756971041361,0.45933979749679565,-0.016538526895251593
AR-diff,P15,0,"a cheetah sprinting at full speed across the savanna, dust flying behind it",fast,81,31.081472402811052,28.175331899523734,11.42266159504652,0.36750708201669224,57.83224468231201,0.4559835951295197,0.049931511376053096,60.366583824157715,1.0,0.9221388101577759,0.9704673886299133,0.9171741008758545,0.05016488165128976,452.48385825213484,60.173519134521484,0.28089091181755066,0.7647539973258972,0.7668278217315674,0.7341049909591675,-0.045764629169837256
AR-diff,P11,0,A person is sweeping floor,general,81,1.2582868405617773,0.06646797264693305,1.2266937199048698,0.9748911817801545,2.7103528022766112,0.8805624826839872,0.0001485528251237156,29.366761684417725,1.0,0.9416652917861938,0.9823852777481079,0.9768239855766296,0.016220666747540236,111.24467196054209,51.559104919433594,0.22267523407936096,0.7670575380325317,0.6883262097835541,0.534214437007904,0.32547506339359433
AR-diff,P19,0,two dogs playing tug-of-war with a rope toy in a backyard,multi,81,1.3818000555038452,0.4916029847576283,1.0784081395715475,0.780436615876175,2.2316032171249387,0.7790245159388709,0.0009457644865165094,13.463002681732178,1.0,0.937807559967041,0.9754688143730164,0.9548707008361816,0.026832387573085724,456.0158191493557,103.30386352539062,0.3092104196548462,0.7134422063827515,0.6657238006591797,0.6409004926681519,0.7986698023614514
AR-diff,P19,7,two dogs playing tug-of-war with a rope toy in a backyard,multi,81,2.0856299714185296,1.3438430573558435,1.4643413876648992,0.7021095331495466,14.204367637634277,0.8154330346683406,0.0014713224258628087,20.754805862903595,1.0,0.8654317259788513,0.9275000691413879,0.9570138454437256,0.03216215882566757,565.0002008654124,94.77987670898438,0.29042285680770874,0.7118839621543884,0.629167377948761,0.5979602336883545,0.8334784088003109
AR-diff,P04,5,a dog running happily,general,81,3.782128317654133,2.634145864844322,2.566176164895296,0.6785003762079103,6.464754509925841,0.7988176562780238,0.004625904116983293,14.20482029914856,1.0,0.9614740610122681,0.9883539080619812,0.9538224339485168,0.023744357703253626,109.82912017541874,102.2490234375,0.25341349840164185,0.5960680842399597,0.7524285912513733,0.7413255572319031,0.2823514574062851
AR-diff,P19,6,two dogs playing tug-of-war with a rope toy in a backyard,multi,81,0.4341479275375605,0.016495071596000343,0.4286570368334651,0.9873502147402629,0.7516980051994323,0.4987725182580748,3.407463024700519e-05,7.945363974571228,0.0,0.9410402178764343,0.9809059500694275,0.9745668172836304,0.01739114517113194,504.64055867527776,96.1808090209961,0.30544328689575195,0.7466399073600769,0.572423666715622,0.5130869150161743,0.6518304230799741
AR-diff,P00,1,a horse taking a peaceful walk,general,81,3.5521447330713274,2.6502811893820764,1.8628812715411187,0.5244383005452867,6.833661603927612,0.7840733678075532,0.004179678417131072,8.052362775802612,0.0,0.8598507046699524,0.9209808707237244,0.9411019086837769,0.033109002688433975,531.7277062914587,104.62177276611328,0.2245696634054184,0.5875478982925415,0.7276991009712219,0.6716690063476562,0.642663875447381
AR-diff,P11,5,A person is sweeping floor,general,81,2.6861912075430157,0.20846533082658425,2.5795742206275465,0.9603088764027836,6.366058206558226,0.554463147555369,0.0003928663908368435,49.478982830047606,1.0,0.8488823175430298,0.937118649482727,0.9631893634796143,0.02548826428828761,44.13118371003646,81.55225372314453,0.2321949154138565,0.7529681921005249,0.6746591925621033,0.5371893048286438,0.500375229050241
AR-diff,P20,1,a chef tossing vegetables in a flaming wok while a second cook plates dishes beside him,multi,81,1.9878002256155014,0.5943731884704903,2.0081208888441324,1.0102221806520615,4.252300477027893,0.5005646217055043,0.0021879674724573305,24.45200135707855,1.0,0.9433903694152832,0.9748693704605103,0.9525741338729858,0.03656623244751245,448.10148153860695,94.65071105957031,0.27466148138046265,0.6957073211669922,0.7278431455294291,0.6421201229095459,0.9800236682957859
AR-diff,P27,2,five yellow rubber ducks floating down a small stream,count,81,2.854854462109506,2.4264262771233915,0.9109994465485215,0.3191052782319729,7.018200850486755,0.6249074239095179,0.0023269653742318042,5.600787949562073,0.0,0.9604339599609375,0.9911921620368958,0.96214359998703,0.017533002217533067,381.06492001113355,64.64774322509766,0.28027111291885376,0.661216139793396,0.5551288525263468,0.5415102243423462,0.10096681241580274
AR-diff,P22,0,a basketball player dribbling past two defenders and dunking the ball,multi,81,1.4420186061412097,0.8400047805160284,1.1100594017654657,0.7697949438676102,2.560761547088623,0.4357148222792863,0.0023657980915231746,7.167949557304382,0.0,0.9735763669013977,0.9641521573066711,0.9675297141075134,0.016924101515905933,894.7816334078979,125.04016876220703,0.19919665157794952,0.6952659487724304,0.6066888769467672,0.590455174446106,0.3237050287327845
AR-diff,P27,4,five yellow rubber ducks floating down a small stream,count,81,1.0248254941776396,0.4537879055831581,0.815824431553483,0.79606102709916,2.3400388240814203,-0.1806977846420712,0.0005245526393309774,6.917547750473022,0.0,0.9699397087097168,0.9887999892234802,0.953334629535675,0.03322427989915013,2598.0815766729074,85.59362030029297,0.2824387550354004,0.7326838970184326,0.6111247936884562,0.5596567392349243,1.1041298698123585
AR-diff,P03,2,a boat sailing smoothly on a calm lake,general,81,0.5124487519729882,0.31336963893845676,0.32027584228198974,0.6249897498220895,1.0475507497787475,0.5158791714795845,0.0004402924976830036,3.8438851803541185,0.0,0.9650077819824219,0.9916077852249146,0.9893588423728943,0.00807207094039768,382.49718557668757,85.20722198486328,0.26718586683273315,0.6533524990081787,0.7493799924850464,0.7178876399993896,-0.14570729095023882
AR-diff,P09,0,a cow chewing cud while resting in a tranquil barn,general,81,2.609209935367107,0.061928692541550846,2.598212078679353,0.9957846042500175,7.8257258176803575,0.8153195536107868,9.576193739349037e-05,30.046973299980163,1.0,0.9197660684585571,0.9728050231933594,0.95274418592453,0.02254025002475828,190.19158088456626,83.17276000976562,0.19665822386741638,0.4680827856063843,0.592204362154007,0.4443054795265198,0.389396248092162
AR-diff,P16,5,a surfer riding a large barreling wave and getting wiped out by the whitewater,fast,81,41.78710513114929,34.59837524443865,14.861968865990638,0.35565920308877547,109.96654281616209,0.7198543513597347,0.07858507657074369,100.39234676361085,1.0,0.8063651919364929,0.9097456336021423,0.9409841299057007,0.03257683436386287,103.78778132687698,48.77167892456055,0.24002093076705933,0.5827998518943787,0.584257960319519,0.336622416973114,-0.6402618767008863
AR-diff,P20,3,a chef tossing vegetables in a flaming wok while a second cook plates dishes beside him,multi,81,1.3278774842619896,0.17553522075759248,1.2786150954663753,0.9629006800098927,2.536346793174743,0.3801153343679992,0.0005496601556501446,16.643593645095827,1.0,0.9642900824546814,0.9858892560005188,0.9645897150039673,0.02577625112608075,604.1023269462303,70.50077819824219,0.28285375237464905,0.6646111011505127,0.7131489515304565,0.6289133429527283,0.77146132361599
AR-diff,P09,4,a cow chewing cud while resting in a tranquil barn,general,81,0.4279038897017017,0.23130778528284282,0.27905464532086627,0.6521417540131385,0.966395223140716,0.8571987605946305,0.00041395827930728045,4.561675101518631,0.0,0.964756429195404,0.9902946352958679,0.9814759492874146,0.010106467062723824,916.3646756420573,93.47844696044922,0.22062373161315918,0.4343646466732025,0.5755893886089325,0.3809478282928467,0.11155297828551625
AR-diff,P13,0,a bear climbing a tree,general,81,2.6680821530520915,2.131556209921837,1.1755804784595967,0.4406086358720937,8.842546796798706,0.8764408077889673,0.0029937783388049866,8.869736087322234,0.0,0.9024251103401184,0.9640958905220032,0.9109802842140198,0.03169885396491736,1389.8203021784227,70.1270980834961,0.24706189334392548,0.644823431968689,0.7369871735572815,0.7261422872543335,0.7212141233480276
AR-diff,P10,5,an airplane taking off,general,81,19.343855559825897,16.53982592653483,11.366113260388374,0.5875825859872212,40.95814609527588,0.8495523030536803,0.015776278498015016,58.596397399902344,1.0,0.9581832885742188,0.9337331056594849,0.9440359473228455,0.026662564813159408,550.1215923547418,61.5766716003418,0.20184427499771118,0.6082324981689453,0.641785055398941,0.5629532933235168,-0.42028952674435915
AR-diff,P19,4,two dogs playing tug-of-war with a rope toy in a backyard,multi,81,1.2080731477588416,0.7913292451063171,0.659363598562777,0.5457972921496543,2.585051476955414,0.7496994093254695,0.0007004954781905326,7.6715790867805485,0.0,0.8723954558372498,0.9563550353050232,0.955460786819458,0.02272139813285321,1330.8827553892177,108.35894012451172,0.3108891248703003,0.7435681819915771,0.6057002544403076,0.5778899192810059,0.6751907688209018
AR-diff,P09,5,a cow chewing cud while resting in a tranquil barn,general,81,4.03728917427361,2.5073470444651322,2.7137905060313643,0.672181188095956,14.332061624526975,0.8304666297358719,0.0043142319299818155,17.88559353351593,1.0,0.9352087378501892,0.9833421111106873,0.9550187587738037,0.0230234288261272,425.4161748130386,104.41377258300781,0.20684188604354858,0.4520759582519531,0.5535521507263184,0.3693455457687378,0.22213247151862214
AR-diff,P15,4,"a cheetah sprinting at full speed across the savanna, dust flying behind it",fast,81,28.552345299720763,29.203739011287688,11.3785829693079,0.3985165649738277,50.913869285583495,-0.18025603392739678,0.013907982618184178,74.47953958511353,1.0,0.9405555725097656,0.9665018320083618,0.9377539753913879,0.042469503730535506,390.71830752307824,91.30062866210938,0.26753175258636475,0.759295642375946,0.769116739432017,0.7479977607727051,-0.16586675381213745
AR-diff,P18,7,a flock of hundreds of starlings swirling in a murmuration at dusk,fast,81,0.2182042125146836,0.10432097157463431,0.15521566842217,0.7113288753893774,0.46931484937667844,0.9060078128125619,0.00017545946820973768,2.978478267788887,0.0,0.9688861966133118,0.9822067618370056,0.9843628406524658,0.013025320856831968,807.9763757197264,39.331302642822266,0.26494231820106506,0.5845643281936646,0.6697752674420675,0.5883313417434692,0.45504331172177537
AR-diff,P17,5,"a red race car drifting around a tight corner on a wet track, tires smoking",fast,81,61.59042354822159,56.12923661470413,29.668123424053192,0.481700258468341,114.36123695373534,0.8395356311621133,0.1065122936037369,169.60729026794434,1.0,0.9227449297904968,0.9157087206840515,0.917958676815033,0.048780082224402575,223.84153330011668,61.350502014160156,0.2440778911113739,0.8537683486938477,0.8333592017491659,0.7881977558135986,-0.4515929206516276
AR-diff,P06,0,A person is reading book,general,81,2.512618698459119,0.18968152352608741,2.4821036705747246,0.9878548958670075,7.737990760803222,0.7658751804203445,0.0004283645938585323,32.44424147605896,1.0,0.9274856448173523,0.9351348876953125,0.9697194695472717,0.0182008974137716,119.25523831140158,58.214717864990234,0.23735174536705017,0.7762620449066162,0.6720515489578247,0.6720515489578247,0.1909111410063309
AR-diff,P10,1,an airplane taking off,general,81,0.8512213642243296,0.13710260177031158,0.7925381715875119,0.931058915856501,1.5780854940414426,0.8870694479792127,0.00023362934030046745,10.51388440132141,0.0,0.9638528823852539,0.9508061408996582,0.9818958640098572,0.011820546395028941,455.87897501381184,86.77051544189453,0.22131814062595367,0.5252473950386047,0.6425096988677979,0.5358368158340454,0.12141856515334659
AR-diff,P13,3,a bear climbing a tree,general,81,2.7825665950775145,2.15469316879753,1.517154484987259,0.5452354464528274,3.5420519113540645,0.13825622137244212,0.004797815197611044,14.597602236270905,1.0,0.9290739297866821,0.9770914316177368,0.930804967880249,0.037283510935958476,1908.0643490876862,85.0091552734375,0.2575933337211609,0.6294460296630859,0.7033624351024628,0.6899452805519104,0.8661049747275484
AR-diff,P17,4,"a red race car drifting around a tight corner on a wet track, tires smoking",fast,81,33.156751894950865,28.013081818819046,20.47064241170883,0.6173898414167727,65.08604125976562,-0.2048945089477155,0.014713800518075004,183.98263282775878,1.0,0.9285107851028442,0.9439875483512878,0.9282121062278748,0.04119434137828648,418.0749812030046,58.80691909790039,0.24497932195663452,0.8420100212097168,0.8288429578145345,0.7686521410942078,-0.2782110153544002
AR-diff,P21,7,three children chasing each other around a fountain in a city square,multi,81,0.2570825940929353,0.03685107926139608,0.23971193097531796,0.9324279591667078,0.40753699392080306,0.5315457392641959,9.27655671574712e-05,5.420522797107696,0.0,0.9701970219612122,0.9651765823364258,0.9806814193725586,0.013786992442328483,1864.658843725249,28.369342803955078,0.3116985857486725,0.6946601867675781,0.7202706336975098,0.6472193002700806,0.49410880217474507
AR-diff,P18,6,a flock of hundreds of starlings swirling in a murmuration at dusk,fast,81,2.1668273586779834,1.6169726613909006,1.284401273727417,0.5927563521972044,3.9067532300949095,0.7202390626093983,0.002668644367804518,6.93665828704834,0.0,0.9152324795722961,0.9587085843086243,0.9372406005859375,0.03887628157390281,2096.756204885502,84.94886016845703,0.30738526582717896,0.6781860589981079,0.697756807009379,0.649132490158081,1.0083824316244927
AR-diff,P16,2,a surfer riding a large barreling wave and getting wiped out by the whitewater,fast,81,10.64157838523388,8.9180997133255,4.91334505751729,0.4617120146972719,18.651695251464844,0.9067849218175122,0.00835040062374901,22.55207962989807,1.0,0.8738176226615906,0.954964280128479,0.9560303688049316,0.020424927677959205,148.83559689748586,78.28075408935547,0.23204481601715088,0.5801395177841187,0.6070700883865356,0.29874616861343384,-0.37121202027266564
AR-diff,P12,2,a motorcycle turning a corner,general,81,12.925807468220592,9.595059337373822,10.3333033522591,0.7994318790708196,47.047217750549315,0.8272342117320899,0.009585206977249072,47.215207958221434,1.0,0.9057607650756836,0.9567144513130188,0.9260542988777161,0.04810565412044525,960.5831307912389,91.38937377929688,0.20846374332904816,0.6147040724754333,0.657648891210556,0.5570869445800781,0.3841166964161187
AR-diff,P13,6,a bear climbing a tree,general,81,2.1009824026376007,1.5082314806059003,1.0118221016600728,0.48159452396902264,3.4752797722816466,0.699909682533026,0.0017868041541078128,7.992786920070648,0.0,0.9195041656494141,0.9585513472557068,0.9263773560523987,0.023508866678457706,1382.4795954524782,89.5948257446289,0.2811416685581207,0.6696030497550964,0.7451821565628052,0.7185041904449463,0.5172710861856396
AR-diff,P15,6,"a cheetah sprinting at full speed across the savanna, dust flying behind it",fast,81,11.52531131207943,10.201255223155021,4.7798627756536005,0.41472739707399775,28.903127479553223,0.6372058235395199,0.013006342720473185,22.33682541847229,1.0,0.9011136889457703,0.9698694348335266,0.956073522567749,0.022528917947784066,586.9873132747681,63.71298599243164,0.2782091796398163,0.744056761264801,0.7397175033887228,0.6831669807434082,-0.31453802836574907
AR-diff,P09,3,a cow chewing cud while resting in a tranquil barn,general,81,0.1511970319552347,0.028558296081610025,0.13838912084465846,0.9152838767480215,0.32184185236692414,0.8640178656871812,6.101452024722676e-05,3.0768722236156463,0.0,0.9720562100410461,0.9799970984458923,0.9752597808837891,0.0167457987787202,1392.6897406985565,86.70695495605469,0.2158636599779129,0.5258805155754089,0.6088016033172607,0.4198753833770752,0.7382628461622067
AR-diff,P29,6,a full glass of water tipping over on a table and spilling across the surface,physics,81,1.3535374275874346,0.2503945179982111,1.2661918829428032,0.9354679979050768,3.8794131040573117,0.40189490445273246,0.0007776865815003475,20.015679717063904,1.0,0.89211505651474,0.9504119157791138,0.964583694934845,0.029817071298020893,665.5502082470847,46.297122955322266,0.24892625212669373,0.6130980849266052,0.6787914832433065,0.5204982757568359,0.9108860022453227
AR-diff,P18,2,a flock of hundreds of starlings swirling in a murmuration at dusk,fast,81,3.291133975237608,1.5590048367157578,2.8596592230256648,0.8688975823056931,5.251117348670958,0.24265603739704664,0.0018484430649095885,14.607709431648255,1.0,0.9505459070205688,0.9726230502128601,0.944137692451477,0.03377785036573187,995.5307216802563,95.30021667480469,0.31161603331565857,0.7003448009490967,0.7474136551221212,0.6554510593414307,0.6960452137996622
AR-diff,P04,7,a dog running happily,general,81,2.96662195622921,1.123944263253361,2.6268814712762834,0.8854787109903706,4.703564906120301,0.8641012890431332,0.0038134416310640516,15.245106387138367,1.0,0.9324375987052917,0.9810388684272766,0.9655846953392029,0.014879854721948504,160.85549195875296,71.80445861816406,0.2598137855529785,0.606848955154419,0.6912423968315125,0.6463502049446106,-0.07925801264667509
AR-diff,P27,0,five yellow rubber ducks floating down a small stream,count,81,1.0600576968863606,0.38881972946692256,0.9010483109392226,0.849998508182435,1.0401371419429772,0.004079305417447061,0.0010410323487803907,7.68066834807396,0.0,0.9496015906333923,0.9788651466369629,0.9792824983596802,0.015412940009264275,621.0442135968106,56.47645568847656,0.26699334383010864,0.7256277799606323,0.6163714528083801,0.591620683670044,0.3263387558508235
AR-diff,P24,5,a panda playing a violin on a stage under spotlights,rare,81,1.193658529035747,0.2792934586992487,1.0934426776133477,0.9160423479353818,1.5848429441452023,0.014279662393680516,0.0005751880742081994,14.12444897890091,1.0,0.9013094305992126,0.9569854736328125,0.9569028615951538,0.03628183288383298,473.91620994063936,57.15086364746094,0.3310410678386688,0.6897331476211548,0.7003395557403564,0.5933089852333069,1.1468870548924706
AR-diff,P07,4,A tranquil tableau of a picturesque barn was painted a warm shade of red and nestled in a picturesque meadow,general,81,4.703695076704025,5.4883372485637665,3.7201505064964295,0.790899421610423,5.736608910560608,0.5471035080429396,0.005547705323260743,21.725594997406006,1.0,0.9762288928031921,0.9931680560112,0.9728293418884277,0.016201912378892302,579.3244839242756,144.08470153808594,0.27604731917381287,0.8498983979225159,0.747053861618042,0.7004930973052979,-0.19947361891332438
AR-diff,P14,5,A tranquil tableau of a bunch of grapes,general,81,4.73985377936624,3.534144106507301,2.5006159528158607,0.5275722715602301,13.946811723709107,0.8224277000208914,0.007956380601763157,18.8360356092453,1.0,0.828961968421936,0.9758243560791016,0.9547919631004333,0.01411499489331618,175.0048168966314,105.04324340820312,0.2266199290752411,0.7680841684341431,0.78138267993927,0.78138267993927,-0.34092875042368576
AR-diff,P06,2,A person is reading book,general,81,5.048533697938547,4.3035586755839175,4.345240130787715,0.8606933280189188,13.492376661300653,0.7315277813305994,0.01295934804350054,39.82828059196472,1.0,0.8926836848258972,0.9516416788101196,0.9604023098945618,0.021196431101998314,149.59510988329464,40.234092712402344,0.22415314614772797,0.7696250677108765,0.6543946862220764,0.6543946862220764,0.036028984854318935
AR-diff,P10,3,an airplane taking off,general,81,4.568730816431343,3.7936993077397347,1.6547518364153802,0.3621906259553475,18.760997867584226,0.5539199586988793,0.0030247232971305493,12.387578046321869,1.0,0.9542657136917114,0.9521440863609314,0.975175678730011,0.01578663125401363,541.1279105556473,56.92270278930664,0.214176207780838,0.6069059371948242,0.6597437858581543,0.5911383628845215,-0.21189959108456247
AR-diff,P03,6,a boat sailing smoothly on a calm lake,general,81,0.3737435981631279,0.19510374984238296,0.28046841139439493,0.7504280002248466,1.1034139454364775,0.1741804738906943,0.0004903807077880629,2.816367557644844,0.0,0.9731006622314453,0.9825708270072937,0.9861525893211365,0.01027376453857869,351.94090164256795,100.84832000732422,0.2666970491409302,0.735695481300354,0.7842209935188293,0.7573949098587036,0.14982992063728506
AR-diff,P13,4,a bear climbing a tree,general,81,1.6072701387107373,1.301676058396697,0.6003715947270394,0.3735347324214531,2.672502481937408,0.3579242551793855,0.0017474657055572607,3.6795315027236937,0.0,0.9127975702285767,0.9762383699417114,0.9293166399002075,0.024057812825776636,1370.9098406545006,94.95356750488281,0.23358649015426636,0.6503658294677734,0.7133053541183472,0.7072244882583618,0.6383908195239507
AR-diff,P03,0,a boat sailing smoothly on a calm lake,general,81,1.7617015477269888,1.149833425320685,1.2401662580668926,0.7039589399850725,2.964484083652496,0.07424205477993796,0.004606886645888153,7.850268924236298,0.0,0.9589862823486328,0.9872270822525024,0.976022481918335,0.010287898126989603,483.6220195535456,107.44379425048828,0.2661829888820648,0.6018543839454651,0.724222332239151,0.7107567191123962,-0.24357658212175615
AR-diff,P18,4,a flock of hundreds of starlings swirling in a murmuration at dusk,fast,81,3.6512395799160005,3.1725041791796684,2.3855612494051455,0.6533563585284284,7.059150505065918,-0.11062610933221337,0.003985784748510923,16.636497211456298,1.0,0.8896242380142212,0.9345481991767883,0.8921574354171753,0.06377081493847073,2727.5883918503773,93.63573455810547,0.19264699518680573,0.6356983780860901,0.6562280456225077,0.6108908653259277,1.2859650145440589
AR-diff,P18,3,a flock of hundreds of starlings swirling in a murmuration at dusk,fast,81,0.7634938990697264,0.38588640473317354,0.6010843879077583,0.7872801621073621,2.2090096592903135,0.9045417547665988,0.0005838225934439833,4.8934920758008955,0.0,0.9310690760612488,0.9550483822822571,0.9512946605682373,0.03751111452002078,2526.3082726415328,74.32750701904297,0.23883862793445587,0.6525344252586365,0.658113161722819,0.6016685962677002,1.303605137247422
AR-diff,P07,6,A tranquil tableau of a picturesque barn was painted a warm shade of red and nestled in a picturesque meadow,general,81,1.7489921282976866,1.7558530032634736,0.8305700976401568,0.4748847117818921,2.952205669879913,-0.025475028576418583,0.0010643219940902782,6.630507552623749,0.0,0.988438606262207,0.9884085059165955,0.9670345187187195,0.012899326824117452,1009.3891562172541,138.2391357421875,0.30804404616355896,0.8027935028076172,0.7330131530761719,0.661602258682251,-0.014781684274788098
AR-diff,P16,1,a surfer riding a large barreling wave and getting wiped out by the whitewater,fast,81,28.800431403517724,24.033476313948633,10.44666208177805,0.36272587631365144,40.25138301849365,0.46332423640135384,0.03675990022602491,55.81963033676148,1.0,0.8410152792930603,0.9047560691833496,0.9051998257637024,0.051825958373956385,458.9840379769402,59.951683044433594,0.2137201428413391,0.5198022127151489,0.568976084391276,0.2954002618789673,0.02850777894423384
AR-diff,P06,6,A person is reading book,general,81,1.8827416114974767,0.08384186394978314,1.8527422693558038,0.9840656168514658,6.692597651481628,0.6727603422089535,0.00016216950840544086,25.511299681663512,1.0,0.8969911932945251,0.9504358172416687,0.9786064028739929,0.016020075939013622,183.9097327460519,68.57942962646484,0.22957205772399902,0.7669654488563538,0.6963845491409302,0.6963845491409302,0.17501291262658558
AR-diff,P26,6,exactly four red apples rolling across a wooden table,count,81,3.914801842812449,0.35168575472198427,3.7244852150790395,0.9513851309056773,9.20532464981079,0.49110306964114064,0.0004535005350760457,59.01150884628296,1.0,0.9347755312919617,0.9784303903579712,0.9625273942947388,0.027277568784484174,97.18658376956799,114.2383041381836,0.2732342481613159,0.47352421283721924,0.6021187504132589,0.530868649482727,0.40559483486582915
AR-diff,P25,7,a giraffe wearing sunglasses roller-skating down a boardwalk,rare,81,5.368257109820843,1.7771967269480229,4.7901738323271275,0.8923143661002156,12.571826648712156,0.3717393177868389,0.009546186006627978,44.542093229293826,1.0,0.9366650581359863,0.953700840473175,0.9448450207710266,0.03225691404659301,949.7543965048224,73.97701263427734,0.28430306911468506,0.7436948418617249,0.74408886830012,0.7212711572647095,0.4267917629167268
AR-diff,P01,1,a person drinking coffee in a cafe,general,81,4.164733029622584,0.7869543357985094,4.1862859599292275,1.0051748635455109,9.500157737731934,0.7627035688156957,0.0033855775683377942,44.178773403167725,1.0,0.9106561541557312,0.9690406918525696,0.972012996673584,0.017320794993429443,63.00448356746652,61.354042053222656,0.2305753082036972,0.5071844458580017,0.5870602130889893,0.5591996908187866,-0.07658297969268713
AR-diff,P21,1,three children chasing each other around a fountain in a city square,multi,81,8.245733262598515,6.836191493272781,3.1329071544110776,0.3799427746078966,21.951577377319335,0.9791148901121504,0.008011120156515972,18.88417010307312,1.0,0.948521614074707,0.9461891055107117,0.9293092489242554,0.027132253046147525,677.6645864012398,61.26333999633789,0.310402512550354,0.7295476198196411,0.7159354488054911,0.6516323089599609,0.043009074111804324
AR-diff,P12,3,a motorcycle turning a corner,general,81,35.61206266656518,32.10140911154449,12.924002183228732,0.3629107906869938,147.00719909667967,0.5982346913047436,0.039275554167488735,106.42736186981202,1.0,0.8680645823478699,0.9447618722915649,0.9203848242759705,0.04458337899413891,463.1052162456982,56.52530288696289,0.21761289238929749,0.658618688583374,0.7113014459609985,0.6599544286727905,-0.23839712368037302
AR-diff,P14,6,A tranquil tableau of a bunch of grapes,general,81,0.2606795190833509,0.14565849034115672,0.1645780800608918,0.6313401578284761,0.652003565430641,0.7956066930076561,0.00017927992246313806,2.5574879959225654,0.0,0.9816179275512695,0.9950478672981262,0.9917196035385132,0.007297591932001524,173.89378562937162,87.666259765625,0.255628764629364,0.7849700450897217,0.7854504585266113,0.7854504585266113,-0.1436231678428257
AR-diff,P28,0,"two cats sitting side by side on a windowsill, one black and one white, watching birds outside",count,81,0.3128387738484889,0.06246885238215327,0.284717620536685,0.9101068480971869,0.5614641159772873,0.8473071561732852,0.0001391221970834522,5.982327711582184,0.0,0.9555943608283997,0.9873928427696228,0.9904767870903015,0.007311414592550136,409.9539331640659,49.4146614074707,0.2968255579471588,0.7234828472137451,0.5294772386550903,0.43508654832839966,-0.1646504817836929
AR-diff,P12,0,a motorcycle turning a corner,general,81,12.733671522140503,8.90267667323351,8.303458854556084,0.6520867283274763,24.491393280029293,0.6767874840684178,0.01050020097172819,54.77408685684204,1.0,0.8463842272758484,0.9249271750450134,0.9361519813537598,0.030682033800985664,526.8579350013084,55.67073059082031,0.23637446761131287,0.6743556261062622,0.7326292097568512,0.6808958053588867,-0.05773958409126445
AR-diff,P17,3,"a red race car drifting around a tight corner on a wet track, tires smoking",fast,81,28.28638471364975,15.391483087837695,23.991092196106912,0.8481497932954326,66.50239486694333,0.3575185628048134,0.036784166304278186,89.08115291595459,1.0,0.8890913128852844,0.9224710464477539,0.9244661927223206,0.04591349274851382,220.95932038926344,86.69888305664062,0.2324897050857544,0.8384888768196106,0.7980131308237711,0.7313938736915588,-0.08278485405708169
AR-diff,P22,4,a basketball player dribbling past two defenders and dunking the ball,multi,81,5.736758904904127,2.787851160520222,5.123368785530329,0.893077080173874,16.15554161071777,0.9003636375138315,0.007324119691854136,42.05117049217224,1.0,0.9219712615013123,0.9324803352355957,0.9338816404342651,0.043022690538782625,729.3092818653871,118.38150024414062,0.23146864771842957,0.7316710948944092,0.721058706442515,0.6657217741012573,0.6829771255637205
AR-diff,P10,6,an airplane taking off,general,81,4.588456092402339,3.9139372882433237,2.373495905846357,0.5172753843065112,13.378363418579099,0.6082183090867439,0.0027366134469673396,15.970190286636353,1.0,0.9712169766426086,0.9486126899719238,0.9723064303398132,0.016268002177821473,359.9220288178263,68.77194213867188,0.22044077515602112,0.6020896434783936,0.6410775780677795,0.5541410446166992,-0.18386378256156766
AR-diff,P09,2,a cow chewing cud while resting in a tranquil barn,general,81,0.6292954479344189,0.03981239196145907,0.6138019546866417,0.9753780697497405,1.6833821654319763,0.8929482425733218,0.00011008677715835802,11.214454543590545,0.0,0.9733762145042419,0.9895958304405212,0.9724769592285156,0.015077841095626354,1100.9551461389945,108.26583862304688,0.22926056385040283,0.5059259533882141,0.5611430406570435,0.3837761878967285,0.4369799942285111
AR-diff,P02,0,a bird soaring gracefully in the sky,general,81,14.32430736143142,11.882538594957442,5.814359153434634,0.405908544184231,63.11890716552734,0.7364841304894448,0.009903804707846575,49.52931723594666,1.0,0.7963248491287231,0.8956657648086548,0.9348794221878052,0.040759245440131056,149.62633405932942,72.5798110961914,0.24102866649627686,0.7517037987709045,0.8047736883163452,0.8047736883163452,0.16430235271499383
AR-diff,P23,0,"an astronaut riding a horse on the moon, with the Earth visible in the sky",rare,81,0.16521588419564068,0.10060661307070404,0.10406458259094506,0.6298665121157808,0.3774505302309989,0.31978630184686735,0.0002703489126815839,1.4263895183801651,0.0,0.9414758086204529,0.9811264276504517,0.9851668477058411,0.013032613275572657,652.7102440816158,46.614803314208984,0.3180854022502899,0.4996822774410248,0.6022801597913107,0.5114695429801941,0.48074446039546626
AR-diff,P15,2,"a cheetah sprinting at full speed across the savanna, dust flying behind it",fast,81,24.27687887251377,17.53088635504246,15.595046557486057,0.6423826554063372,42.57445430755615,0.0986021171717434,0.016992755711544304,54.21899299621582,1.0,0.9052606821060181,0.9602147340774536,0.8868274092674255,0.07154972817515955,408.81568103857524,77.93091583251953,0.27285152673721313,0.7655366659164429,0.7589281598726908,0.7192642688751221,0.44407750695418624
AR-diff,P05,5,A person is playing guitar,general,81,4.094585566222667,1.7285195402801037,3.291504466533661,0.8038673534676628,10.109454393386839,0.5158899232824363,0.0023453290405996085,39.333883142471315,1.0,0.9776002764701843,0.9803646206855774,0.9490846395492554,0.02930070663569495,836.5068824703312,130.38204956054688,0.2273545265197754,0.6830256581306458,0.6149650812149048,0.6149650812149048,0.4568283226213903
AR-diff,P25,2,a giraffe wearing sunglasses roller-skating down a boardwalk,rare,81,7.464090725779533,4.018174048513174,6.421786993741989,0.8603574593761188,14.177769994735716,0.8721706182396498,0.019763040531688602,37.221242380142215,1.0,0.8677210211753845,0.9245389103889465,0.9213622808456421,0.04134769982192665,823.0933647414471,111.42723846435547,0.24885274469852448,0.6785536408424377,0.6922810872395834,0.6669487953186035,0.5142262725264217
AR-diff,P27,6,five yellow rubber ducks floating down a small stream,count,81,1.0401377325877548,0.09569851327687502,1.0086129955947398,0.969690834496104,2.018918669223785,0.4390412493283956,0.0002462049486894102,17.509171581268312,1.0,0.9624166488647461,0.9748157858848572,0.9575573205947876,0.03453566102543846,762.2499511006821,69.14542388916016,0.2568863034248352,0.6788909435272217,0.608092745145162,0.5836590528488159,1.1385810804138212
AR-diff,P06,7,A person is reading book,general,81,0.29299266533926127,0.10234002290526405,0.24898322802037,0.8497904817568975,0.5576989531517028,0.5715640648395623,0.0002539546283969685,2.585045522451401,0.0,0.9742359519004822,0.9741409420967102,0.9919800758361816,0.0064517310238443315,114.34272783407475,40.727840423583984,0.2274637520313263,0.8015233278274536,0.7107571959495544,0.7107571959495544,-0.28110909171317555
AR-diff,P12,1,a motorcycle turning a corner,general,81,15.49461535513401,9.516069097444415,11.764480203390121,0.7592624388852365,34.82450351715083,-0.21194955132068743,0.01901786885719048,80.03345069885253,1.0,0.8979715704917908,0.9368797540664673,0.9080874919891357,0.059867529780603945,714.5992111697802,51.91203308105469,0.22987067699432373,0.6769657731056213,0.7305720746517181,0.679059624671936,0.5071406473608402
AR-diff,P07,7,A tranquil tableau of a picturesque barn was painted a warm shade of red and nestled in a picturesque meadow,general,81,0.02402966341469437,0.017579476968967354,0.014556707057636231,0.6057555218694061,0.04398970734328032,0.10387678275760838,6.63703391751369e-05,0.06434489479288459,0.0,0.9936949610710144,0.9911250472068787,0.9872831702232361,0.007188959122868255,1535.8902370394512,80.01525115966797,0.28564196825027466,0.7923337817192078,0.7325792610645294,0.6798660755157471,-0.041081896046119226
AR-diff,P25,6,a giraffe wearing sunglasses roller-skating down a boardwalk,rare,81,6.2057318687438965,4.180835390090943,4.841728505492211,0.780202533350783,10.064735269546508,0.7766286868703018,0.02331759424705524,36.501904249191284,1.0,0.8719660043716431,0.9005438089370728,0.9479634761810303,0.025776389660313724,463.28298198642216,120.28486633300781,0.24109670519828796,0.5886809825897217,0.6339100003242493,0.6140096187591553,0.13267778025075172
AR-diff,P04,4,a dog running happily,general,81,2.5689598649740217,0.6708368576597422,2.4802002996206283,0.9654488448759256,3.299519693851471,0.6018018039743692,0.00260808442067173,16.93402681350708,1.0,0.9191009402275085,0.9759499430656433,0.9655723571777344,0.02048301404574886,162.07427504296214,108.84272766113281,0.26390302181243896,0.6076807975769043,0.7213916778564453,0.7092927694320679,0.3000341778910869
AR-diff,P05,7,A person is playing guitar,general,81,2.2958147723227738,1.2311023675836623,1.6462389504536987,0.7170605630904474,4.758577799797057,0.570482717015129,0.0022314641795674107,20.308136534690856,1.0,0.9789980053901672,0.9711334109306335,0.9609073996543884,0.01991222587530501,954.3649619273508,81.73522186279297,0.21258336305618286,0.6802729368209839,0.6309754848480225,0.6309754848480225,0.3167863417772092
AR-diff,P29,0,a full glass of water tipping over on a table and spilling across the surface,physics,81,1.1937660621479154,0.1159689010353759,1.1606269497424364,0.972239046078344,4.102716469764709,0.621997298778631,0.00027450069244991935,12.262265968322755,1.0,0.8794147372245789,0.9454580545425415,0.9757455587387085,0.016899089090293272,516.841007102142,25.415712356567383,0.26089322566986084,0.5798952579498291,0.6252011358737946,0.45428594946861267,0.382833530045505
AR-diff,P11,6,A person is sweeping floor,general,81,4.7608323317021135,1.0083040284225717,4.105860524252057,0.8624247559584515,8.744054794311523,0.060535091341467284,0.0012711891815797571,61.389255905151366,1.0,0.8791775107383728,0.9482256174087524,0.9460705518722534,0.035177725070388986,111.55323653333305,49.94060134887695,0.22812172770500183,0.7946603298187256,0.6993352174758911,0.5575941205024719,0.5701417134950129
AR-diff,P20,6,a chef tossing vegetables in a flaming wok while a second cook plates dishes beside him,multi,81,3.197744505852461,0.18281042271992193,3.0975604273378847,0.9686700901209245,6.752707433700561,0.12267588619471273,0.00032666309937212645,42.45239748954773,1.0,0.9040834307670593,0.9445207715034485,0.942782461643219,0.04230466743465513,371.6952010876236,63.38002014160156,0.27803856134414673,0.7303369045257568,0.6604539354642233,0.579437255859375,0.9335709493775308
AR-diff,P17,2,"a red race car drifting around a tight corner on a wet track, tires smoking",fast,81,66.32194256782532,51.98561263680458,37.9422333240509,0.5720916982061692,112.05775833129881,0.5627906900261634,0.1003809584188275,169.6086570739746,1.0,0.8667259216308594,0.9360414743423462,0.9154176115989685,0.05485784308984876,260.0799408473045,63.737144470214844,0.2699967324733734,0.8052716255187988,0.7920038104057312,0.707991361618042,-0.37537065357128085
AR-diff,P02,4,a bird soaring gracefully in the sky,general,81,3.692774184420705,3.0433884339407085,1.3261025439947844,0.3591073048772162,8.442955064773559,0.400490184174737,0.0031824781755858565,13.582472848892213,1.0,0.8147132992744446,0.910394012928009,0.9853115081787109,0.010541476160869933,132.93297247166652,50.515663146972656,0.2504841685295105,0.6745420098304749,0.7537395358085632,0.7537395358085632,-0.5189598224511158
AR-diff,P06,5,A person is reading book,general,81,1.2770049338694662,0.14902635697508232,1.2258314760169013,0.9599262176507664,3.943035495281219,0.6945733703497952,0.0002198024853669267,19.765954875946044,1.0,0.910392701625824,0.9575214385986328,0.9771842956542969,0.014204884372884408,290.2068625484817,57.33572769165039,0.23013821244239807,0.79185551404953,0.6672486066818237,0.6672486066818237,0.18811695417673757
AR-diff,P28,2,"two cats sitting side by side on a windowsill, one black and one white, watching birds outside",count,81,0.2881242759060115,0.05903539097635076,0.26077163477893917,0.9050633755019978,0.7690008789300916,0.643040660557264,0.00014101904617405125,7.175083711743355,0.0,0.9629650115966797,0.9867561459541321,0.989488422870636,0.008884150587255136,474.0339830375536,53.05849838256836,0.2965675890445709,0.7326279878616333,0.5540106097857157,0.4617684483528137,0.04090150398650039
AR-diff,P22,6,a basketball player dribbling past two defenders and dunking the ball,multi,81,1.1823190938681365,0.36896396641386675,0.9598415862768889,0.8118288704175061,2.1119836568832397,0.8136726968299313,0.000671668866402797,9.18684961795807,0.0,0.9573345184326172,0.936707615852356,0.963202953338623,0.020823303319048136,825.4568249625487,80.44953155517578,0.21548177301883698,0.7169796824455261,0.6983693838119507,0.6587070226669312,0.5945930106573649
AR-diff,P00,4,a horse taking a peaceful walk,general,81,3.4992413952946664,2.381190094072372,2.627957049384713,0.7510074331856671,8.23235969543457,0.914167207925896,0.0052883967855450464,11.213014173507691,0.0,0.9544353485107422,0.9865742921829224,0.965733528137207,0.01510277611669153,631.6877139160266,140.15650939941406,0.24347403645515442,0.6254507303237915,0.7485881745815277,0.6500495672225952,-0.13561812253657468
AR-diff,P20,4,a chef tossing vegetables in a flaming wok while a second cook plates dishes beside him,multi,81,1.7726277370005845,0.876362522947602,1.769646168872714,0.9983174321471754,4.463150358200072,0.7546318986746795,0.003033185010121997,18.693895673751832,1.0,0.9613680839538574,0.9815806746482849,0.9596930146217346,0.030016062851063906,748.730609924837,84.90151977539062,0.279943585395813,0.750441312789917,0.7370595932006836,0.652682900428772,0.82489168137089
AR-diff,P14,1,A tranquil tableau of a bunch of grapes,general,81,1.0109390022465958,0.7741132552851923,0.7958477040287107,0.7872353475578285,1.4057179749011985,0.002488119062550025,0.0028752399286531725,6.140098467469215,0.0,0.8118599057197571,0.9480819702148438,0.9736135005950928,0.02136063084471971,683.4595911891001,88.36996459960938,0.25956952571868896,0.7691135406494141,0.7743481397628784,0.7743481397628784,0.6663057269893544
AR-diff,P14,0,A tranquil tableau of a bunch of grapes,general,81,2.217706940416247,1.9886877001263201,0.5253893638029694,0.23690647187039326,5.953766131401062,0.19216362610277143,0.0010473653596818622,6.055887889862061,0.0,0.9817625880241394,0.9946151971817017,0.9594255089759827,0.0111032553948462,198.48124461740377,105.2501449584961,0.26187431812286377,0.7657220959663391,0.7822142839431763,0.7822142839431763,-0.2537100205482421
AR-diff,P21,2,three children chasing each other around a fountain in a city square,multi,81,0.47386901527643205,0.046310231799725446,0.4577573137357831,0.9659976343275285,1.1113084852695458,0.8258016477683698,0.0001092227498588727,7.514845907688141,0.0,0.9306232333183289,0.9753478169441223,0.9703946709632874,0.02161927246488631,1200.9692249494187,65.31011962890625,0.28568798303604126,0.703275203704834,0.7048236727714539,0.6181838512420654,0.8539980532614546
AR-diff,P06,3,A person is reading book,general,81,0.8274364120792598,0.06711281676543876,0.8161905912216753,0.9864076476439196,2.852779054641723,0.9020677512513924,0.00012096933406837706,17.09124927520752,1.0,0.9513265490531921,0.981759250164032,0.9799783229827881,0.012615745974471793,505.08106217036436,33.86623764038086,0.24427178502082825,0.7766398191452026,0.6547449231147766,0.6547449231147766,0.1938304050606181
AR-diff,P18,1,a flock of hundreds of starlings swirling in a murmuration at dusk,fast,81,0.9735450056381524,0.7383609988726676,0.7568710737396032,0.7774373982906742,5.375230312347411,0.47301308723015184,0.0016219433887954438,4.40531117618084,0.0,0.9125179648399353,0.9663659930229187,0.9235230684280396,0.06115760030224919,3647.458857618848,104.72390747070312,0.30019235610961914,0.7267944812774658,0.7722722887992859,0.7109360694885254,1.7287914942539264
AR-diff,P14,3,A tranquil tableau of a bunch of grapes,general,81,0.20895494979340584,0.15263343953993172,0.11490157642401755,0.5498842054395695,0.5370541632175444,0.6559868658941287,0.00043730677184612433,1.5373729482293128,0.0,0.880444347858429,0.9718915224075317,0.9849936366081238,0.012555155974405352,402.75128078854453,80.79302215576172,0.25748807191848755,0.8032683730125427,0.7997224926948547,0.7997224926948547,0.42259112488150663
AR-diff,P28,5,"two cats sitting side by side on a windowsill, one black and one white, watching birds outside",count,81,0.24944281009957195,0.051373503112699836,0.22834897914435714,0.9154325338969355,0.5639736711978912,0.8355760122868431,0.00011813884188995871,4.570735913515091,0.0,0.9536442160606384,0.975209653377533,0.9888660907745361,0.00956485062633874,492.5484634311758,30.150331497192383,0.3009664714336395,0.7104020714759827,0.5226907928784689,0.4670192003250122,0.131956507485123
AR-diff,P05,1,A person is playing guitar,general,81,2.4547534957528114,1.3110950216650963,1.8933710321784019,0.7713076951093443,5.75178825855255,0.17344421438490779,0.0027282790060326077,21.615532016754152,1.0,0.9783927202224731,0.982001006603241,0.9532209634780884,0.023689401522278785,680.1275977552684,107.44735717773438,0.22186018526554108,0.7191225290298462,0.6185142993927002,0.6185142993927002,0.4638459701755493
AR-diff,P19,1,two dogs playing tug-of-war with a rope toy in a backyard,multi,81,2.3606372866779566,1.4003741972148418,1.8809677425771951,0.7968047257355192,3.3429194569587706,0.8210537724245437,0.004808520210644929,7.993371844291687,0.0,0.9318338632583618,0.9717679023742676,0.9584310054779053,0.02246168345445767,451.14675710297064,94.52140808105469,0.3141048550605774,0.7480283379554749,0.651727020740509,0.6218404769897461,0.42624638618842114
AR-diff,P27,3,five yellow rubber ducks floating down a small stream,count,81,0.5810314517468214,0.26150541807292027,0.4374611617065966,0.7529031474772352,1.2614237904548642,0.5702929017035371,0.00041068102350436673,4.634892284870148,0.0,0.9718484878540039,0.9919878840446472,0.9824159145355225,0.012722045200644062,602.9114935269322,77.5656509399414,0.2832522988319397,0.7327362298965454,0.626062273979187,0.5612512230873108,0.28410232027289073
AR-diff,P29,1,a full glass of water tipping over on a table and spilling across the surface,physics,81,0.9740235414355993,0.393760791211389,0.8479262489825488,0.8705388960044104,1.6893071174621581,0.6433854470527746,0.0019576416821109888,5.786881017684936,0.0,0.9033730626106262,0.9370452761650085,0.9715766310691833,0.0179242025827989,698.5199172855968,39.92106246948242,0.2447405457496643,0.47938162088394165,0.6229202747344971,0.47122514247894287,0.5013916230681401
AR-diff,P13,2,a bear climbing a tree,general,81,2.6617409735918045,2.110960903763771,1.1393794320523738,0.4280578070138308,5.1987721681594845,0.8711602685815769,0.002484427344825235,7.082526606321335,0.0,0.8844815492630005,0.9651157259941101,0.930270254611969,0.02143473516916856,1303.6818893309928,56.15107345581055,0.2634742259979248,0.6648954749107361,0.7255708277225494,0.7118316888809204,0.3309396208982669
AR-diff,P04,0,a dog running happily,general,81,3.309853419661522,2.4173680633306502,2.582038651406765,0.7801064107438338,4.226359438896179,0.5253880592779702,0.01105085683229845,13.49138331413269,1.0,0.9442958831787109,0.9795951247215271,0.9498969316482544,0.02398603198817,75.8613782541585,90.31219482421875,0.2603745758533478,0.6395610570907593,0.7782700061798096,0.7646387815475464,0.35126283705043493
AR-diff,P07,3,A tranquil tableau of a picturesque barn was painted a warm shade of red and nestled in a picturesque meadow,general,81,0.028979004255961626,0.020324017031816764,0.018455332366283984,0.6368298708060901,0.04480816554278135,0.03298228147145246,3.979860074423414e-05,0.07650743378326297,0.0,0.9970991015434265,0.9979362487792969,0.9883972406387329,0.006630097786546685,1223.5712071654775,124.11386108398438,0.2823311984539032,0.7546846270561218,0.7051054835319519,0.6120765209197998,-0.12472283307113674
AR-diff,P00,3,a horse taking a peaceful walk,general,81,0.2664353351574391,0.1433510396629572,0.1659435828216374,0.6228263976217064,0.6276684165000913,0.5771055141728026,0.0003294281929584031,2.4351753771305082,0.0,0.8952154517173767,0.9528377652168274,0.9781876802444458,0.01728704865963664,741.5078850396907,98.00558471679688,0.21365585923194885,0.5653101801872253,0.7128716111183167,0.6564838886260986,0.716135554734759
AR-diff,P10,2,an airplane taking off,general,81,10.548065805435181,9.950267343223095,3.4242614038288592,0.3246340269730198,23.61130609512328,0.686066123188991,0.0062530155235435815,29.56919469833374,1.0,0.9264745712280273,0.923775315284729,0.9625285267829895,0.01631418984616175,480.7941067216986,81.33600616455078,0.20618192851543427,0.6366385221481323,0.6514523029327393,0.5985450744628906,-0.5913610040843418
AR-diff,P08,3,"In a still frame, a stop sign",general,81,0.05753774559125304,0.03801193050167058,0.03610147727886215,0.6274289942871164,0.15555811673402786,0.3704692533516772,0.00010694781616393811,0.2278290033340454,0.0,0.9712478518486023,0.9782747626304626,0.994157075881958,0.005500217956432607,460.5533459418677,121.24948120117188,0.13810472190380096,0.6512104868888855,0.635685920715332,0.635685920715332,-0.32700058946767374
AR-diff,P01,3,a person drinking coffee in a cafe,general,81,1.3905018914258107,0.8495947122806683,0.963106931722723,0.6926320956694745,2.807479929924011,0.896159624739385,0.000985992509663447,7.942909216880798,0.0,0.9501546025276184,0.9673128128051758,0.9770634770393372,0.011466529718018138,662.4077888049671,47.6948127746582,0.26502013206481934,0.44740134477615356,0.5986738204956055,0.5456477999687195,-0.05351926483426617
AR-diff,P29,2,a full glass of water tipping over on a table and spilling across the surface,physics,81,0.8888181751593948,0.1794403580483049,0.8159463664516806,0.9180116600267476,2.233436894416809,0.7869492841583874,0.000598620257960647,10.791901540756225,0.0,0.904554009437561,0.933846116065979,0.9813655614852905,0.015015865629538893,576.4710686698685,115.71833801269531,0.24589437246322632,0.5645462274551392,0.6310374140739441,0.42117804288864136,0.3493021150290039
AR-diff,P11,1,A person is sweeping floor,general,81,1.8299071691930293,0.09677287999656983,1.7933550611138345,0.9800246216205951,5.067579126358031,0.7340453182453488,0.0001981034576374441,39.68443465232849,1.0,0.9490842819213867,0.9806035161018372,0.9603026509284973,0.027941818727413192,155.86244839529232,41.84550476074219,0.2166738212108612,0.7728291749954224,0.6478431522846222,0.48164039850234985,0.7417256368570677
AR-diff,P17,1,"a red race car drifting around a tight corner on a wet track, tires smoking",fast,81,27.893172657489778,25.531247490644454,12.989363807439805,0.4656825346208658,56.68167896270751,0.554327592342977,0.03263145534074283,106.97820663452148,1.0,0.906423032283783,0.951707661151886,0.9415413737297058,0.03654921362176537,472.28919505390695,58.14463806152344,0.2237877994775772,0.8414884209632874,0.8296224474906921,0.7739000916481018,-0.30323671223544313
AR-diff,P16,4,a surfer riding a large barreling wave and getting wiped out by the whitewater,fast,81,11.313318824768066,9.914007291197777,3.7959185928106307,0.3355264989946,15.533395051956177,0.5153479588428515,0.00624994162353687,23.41918478012085,1.0,0.8390272259712219,0.9629597663879395,0.9466569423675537,0.021900778473354875,265.33210153823853,83.18820190429688,0.21834787726402283,0.6129890084266663,0.5594062954187393,0.24236957728862762,-0.3331639480629711
AR-diff,P04,1,a dog running happily,general,81,16.325167858600615,17.465475007891655,6.3455150604248045,0.3886952175126682,28.519539356231686,0.2326826558240381,0.01380479639628902,55.96318483352661,1.0,0.9340893626213074,0.9689030051231384,0.9528534412384033,0.037543836049735546,226.4909553536195,86.2418441772461,0.2576524317264557,0.5810061693191528,0.7236233949661255,0.68990159034729,0.012752473105683837
AR-diff,P23,4,"an astronaut riding a horse on the moon, with the Earth visible in the sky",rare,81,3.2126689463853837,0.3028051952831447,3.1272111222147942,0.9733994385988077,5.2843771219253535,-0.12550690950795965,0.0004212924627609027,34.57626714706421,1.0,0.945615291595459,0.9853382110595703,0.9686669707298279,0.020207707956433296,970.1464651680894,34.35589599609375,0.300322949886322,0.543236494064331,0.668976902961731,0.6145013570785522,0.19275707333194347
AR-diff,P25,4,a giraffe wearing sunglasses roller-skating down a boardwalk,rare,81,4.274332487583161,2.1508153527975082,3.729796738177538,0.8726031202320808,8.446579694747925,0.23694295914959643,0.010796310208752402,28.036153078079224,1.0,0.9149355292320251,0.9595460295677185,0.9367124438285828,0.03611164572648704,893.3415360066231,110.6312255859375,0.31360411643981934,0.6455546617507935,0.6258672078450521,0.5831665992736816,0.6462231726097145
AR-diff,P26,3,exactly four red apples rolling across a wooden table,count,81,4.41267207688652,0.10201931737829,4.379729068325832,0.9925342285760421,10.87402558326721,0.48938764323996586,0.00024373702141247122,77.33235864639282,1.0,0.9671943783760071,0.9911257028579712,0.9571841955184937,0.030236010819498914,93.84935316284815,87.78784942626953,0.2469143569469452,0.4563681483268738,0.5757934848467509,0.5309211611747742,0.4540096889822971
AR-diff,P15,5,"a cheetah sprinting at full speed across the savanna, dust flying behind it",fast,81,71.70009644031525,61.483044028282166,34.97938297986984,0.4878568402084454,116.88357238769531,-0.3142494381446668,0.07210563748376445,140.48741149902344,1.0,0.9418157935142517,0.9772318005561829,0.8857459425926208,0.08725887862965465,550.4438665744684,67.35848236083984,0.2785741090774536,0.7769527435302734,0.7676069140434265,0.7440178394317627,0.04530668022519446
AR-diff,P21,5,three children chasing each other around a fountain in a city square,multi,81,21.28545281277038,18.80788943041116,6.507693063421175,0.30573428786925044,100.97881202697752,0.6459123230170734,0.023554603754274695,62.99972378015518,1.0,0.844002366065979,0.9245902895927429,0.9364173412322998,0.02699143540812656,881.2053782246219,31.750255584716797,0.28952956199645996,0.701343834400177,0.6530791521072388,0.6067623496055603,-0.45956456903758935
AR-diff,P23,5,"an astronaut riding a horse on the moon, with the Earth visible in the sky",rare,81,23.521755279274657,21.671481234882958,8.364286699262447,0.35559788138066606,61.61629352569578,0.618035075296414,0.06309035123368859,82.36286778450012,1.0,0.8107616305351257,0.9333165287971497,0.9561004042625427,0.026402681748731994,536.2701448427478,38.46579360961914,0.2591179609298706,0.5412540435791016,0.6573571562767029,0.5899911522865295,-0.5356792895703153
AR-diff,P21,4,three children chasing each other around a fountain in a city square,multi,81,1.2899071648716927,0.16863798457197846,1.2430370546877385,0.9636632192427309,1.955765324831009,0.624405528174011,0.0008597073991040815,12.578344428539276,1.0,0.9372252821922302,0.9609352350234985,0.9655664563179016,0.020668148039840163,1344.860619957303,49.19651794433594,0.30194634199142456,0.7506171464920044,0.7159437735875448,0.6678996682167053,0.5599084846828797
AR-diff,P03,4,a boat sailing smoothly on a calm lake,general,81,2.0500151719432322,1.8458640904631465,0.75332824671641,0.36747429460633085,6.876986289024353,0.5523594329260453,0.0013891948022092039,7.633372247219086,0.0,0.9626267552375793,0.9825742840766907,0.9715647101402283,0.015183718199841678,1020.4940812767404,88.19218444824219,0.2597314119338989,0.7430373430252075,0.7806924283504486,0.7533259987831116,0.08950947584914548
AR-diff,P24,6,a panda playing a violin on a stage under spotlights,rare,81,1.3156076285988092,0.3792950952425599,1.1909441102296114,0.9052419422773383,2.407926750183105,0.7984834288601422,0.0008234253728915064,14.907930040359497,1.0,0.938724935054779,0.9803889393806458,0.9708260893821716,0.01910184129374102,417.58092007382976,66.62167358398438,0.3300497531890869,0.5903425216674805,0.6354491511980692,0.5621413588523865,0.47479373679354797
AR-diff,P23,1,"an astronaut riding a horse on the moon, with the Earth visible in the sky",rare,81,0.3690767763182521,0.3719324664212763,0.25528997741639614,0.6916969641549541,0.6971799701452255,0.6931121686734928,0.00036612371068258656,2.2383912712335587,0.0,0.9873167276382446,0.985835075378418,0.9871883392333984,0.005667628423543647,921.1305294758869,21.727237701416016,0.3225184679031372,0.5722143650054932,0.6404604315757751,0.5637587308883667,-0.4429899176557148
AR-diff,P07,0,A tranquil tableau of a picturesque barn was painted a warm shade of red and nestled in a picturesque meadow,general,81,0.10358143751509488,0.0852027899120003,0.04388160719536245,0.42363945325159647,0.19190355613827703,0.1370004259809744,0.00012561854168779973,0.2540565825998783,0.0,0.9482494592666626,0.9774599075317383,0.9951987266540527,0.004539308181847446,347.0412598205602,124.3700180053711,0.2184976041316986,0.6639003753662109,0.6367526948451996,0.5922947525978088,-0.5430685441520007
AR-diff,P08,4,"In a still frame, a stop sign",general,81,0.06821678304113447,0.04399046861799434,0.04714413287583739,0.6910827466704695,0.11289100311696527,-0.018289877016478513,0.00010902338802907253,0.19389352090656758,0.0,0.9847003817558289,0.9914873242378235,0.9975594878196716,0.0025302692083641887,409.9142432191225,61.996028900146484,0.13643595576286316,0.5570837259292603,0.5010838508605957,0.5010838508605957,-1.1089294469152478
AR-diff,P21,0,three children chasing each other around a fountain in a city square,multi,81,1.7718998879194259,0.7887592093087733,1.6152155131101609,0.91157215627718,2.090669238567352,0.4168225284924334,0.0033442381142776865,9.974202132225036,0.0,0.9372749328613281,0.9583846926689148,0.9722333550453186,0.015720764501020314,1023.4404678187411,70.15620422363281,0.31921637058258057,0.6764268279075623,0.7158303658167521,0.6420469284057617,0.1783201542312316
AR-diff,P00,7,a horse taking a peaceful walk,general,81,3.0027118265628814,2.607812896836549,1.4410971540957689,0.47993172751899527,6.8252501487731925,0.9408930742943352,0.0018606975314924058,9.221721005439758,0.0,0.9708122611045837,0.9819003939628601,0.9447187185287476,0.023905940703116357,1358.8941344399204,104.13821411132812,0.22458793222904205,0.5870741605758667,0.7199797630310059,0.6444380283355713,0.38971491666510216
AR-diff,P24,4,a panda playing a violin on a stage under spotlights,rare,81,3.009333248436451,1.0538838064298033,2.7573171935975553,0.9162548809691595,6.902456998825073,0.449111836032527,0.0008790338458311453,37.394654989242554,1.0,0.9520096182823181,0.9844375848770142,0.9466502666473389,0.032316119084134697,500.2257177736169,75.81110382080078,0.31351709365844727,0.6346491575241089,0.6545564730962118,0.55007004737854,0.6902087543687228
AR-diff,P16,0,a surfer riding a large barreling wave and getting wiped out by the whitewater,fast,81,9.19278756082058,5.789583843946457,7.150451722741127,0.7778327191398877,17.61038465499878,0.8855920244079633,0.02879826438729651,40.655576419830325,1.0,0.852138340473175,0.9612064361572266,0.945104718208313,0.03305606951471418,264.10635634136923,80.63343811035156,0.22377415001392365,0.5397801399230957,0.5695638855298361,0.28943192958831787,0.18535356100698008
AR-diff,P05,2,A person is playing guitar,general,81,1.9026599392294883,0.6605580529198051,1.5342851538211106,0.80638915856571,3.239398777484894,0.26030729874201264,0.0011102728912646854,21.058055758476257,1.0,0.9911438822746277,0.9880513548851013,0.9711673259735107,0.016414395871106536,791.4388792964942,75.11192321777344,0.21980279684066772,0.6599156856536865,0.6139755249023438,0.6139755249023438,0.19543468973271416
AR-diff,P00,6,a horse taking a peaceful walk,general,81,2.511353446543217,2.213087111338973,1.1704163670539856,0.46604985157113876,4.2972553014755235,0.7993171989900459,0.0016249497337412322,6.809630918502807,0.0,0.9649685025215149,0.9885026216506958,0.9681040048599243,0.016911019303370266,452.654678081514,138.3758087158203,0.2434007227420807,0.6526517868041992,0.7685427069664001,0.7129298448562622,0.1176135426059508
AR-diff,P08,0,"In a still frame, a stop sign",general,81,0.9150271765887737,0.5756902969907969,0.6423963469918818,0.7020508913580521,1.4560012519359566,0.14965732039024573,0.0014296425102998,7.163507803529501,0.0,0.8115426898002625,0.8249588012695312,0.9742053151130676,0.023324769882310647,1435.7235500204242,48.634666442871094,0.18497946858406067,0.549934983253479,0.439689576625824,0.439689576625824,0.7818962640052431
AR-diff,P09,6,a cow chewing cud while resting in a tranquil barn,general,81,0.48906837014947085,0.1886900046141818,0.4072954987641424,0.832796988778225,1.2112984895706174,0.7978252374991154,0.00021857432153638,7.259256291389465,0.0,0.9210748672485352,0.9850147366523743,0.979972243309021,0.011224591342033819,728.7233531153712,90.6246337890625,0.24341297149658203,0.5960664749145508,0.6220032572746277,0.4655383825302124,0.19276250855581178
AR-diff,P12,7,a motorcycle turning a corner,general,81,33.3591572701931,31.723418551310896,13.614776131510734,0.4081270882567723,78.77221641540527,0.21532014091149798,0.0204893744441506,140.75123195648194,1.0,0.8242468237876892,0.9252428412437439,0.9245510101318359,0.03825704952469096,383.0321587486087,37.392154693603516,0.23637884855270386,0.6038047671318054,0.614289790391922,0.5424785614013672,-0.35552240197933616
AR-diff,P02,1,a bird soaring gracefully in the sky,general,81,12.047279516234994,9.504445664584637,5.418246685527265,0.4497485285766859,44.77928886413573,0.7257009121445945,0.025682574628444855,41.26663227081299,1.0,0.8292756080627441,0.9389311075210571,0.9454642534255981,0.032506650569848715,108.50492739247068,65.63027954101562,0.25275588035583496,0.7439100742340088,0.8013275861740112,0.8013275861740112,0.029011539964565625
AR-diff,P22,7,a basketball player dribbling past two defenders and dunking the ball,multi,81,0.59109963811934,0.38431855811504645,0.3419936757534742,0.5785709804705499,2.2700958967208864,0.9283975165911147,0.0008586358003185524,4.092772257328034,0.0,0.9696041345596313,0.9721719622612,0.9751167297363281,0.016006139910314233,1249.8470063139696,54.357364654541016,0.24572253227233887,0.7211095094680786,0.7042924364407858,0.6259631514549255,0.5101335213807552
AR-diff,P14,4,A tranquil tableau of a bunch of grapes,general,81,0.17446654201485218,0.11542222308926284,0.1133134090458043,0.6494813174828707,0.48738932311534866,0.6470537059727444,0.00034286833504211246,1.3167555883526803,0.0,0.9885894656181335,0.9965376257896423,0.989081621170044,0.008947297837585211,297.92108398288264,88.87633514404297,0.26677393913269043,0.7813866138458252,0.7852253913879395,0.7852253913879395,0.10020561556488161
AR-diff,P22,3,a basketball player dribbling past two defenders and dunking the ball,multi,81,0.317916895635426,0.10381280764122494,0.27571286922320726,0.8672455152992785,0.5806217104196547,0.5436104560438278,0.00017310575170768062,3.190348619222641,0.0,0.9562139511108398,0.9462481737136841,0.9795222282409668,0.014650122221792117,1356.7601969518316,81.8581771850586,0.2100973129272461,0.7041110992431641,0.5919740597407023,0.5812374353408813,0.528110376883058
AR-diff,P26,4,exactly four red apples rolling across a wooden table,count,81,1.5434236622415483,0.07695940177654848,1.5294586465228348,0.9909512812252007,4.838024711608882,0.7171234077410712,0.00017002133458561276,23.517336201667785,1.0,0.9748527407646179,0.992457389831543,0.9825334548950195,0.011602893032249994,588.4302145759497,68.68956756591797,0.2455737441778183,0.4664505124092102,0.5743491053581238,0.5421876311302185,-0.07675360683995525
AR-diff,P11,7,A person is sweeping floor,general,81,1.162231546640396,0.19530668819788843,1.0947685156017541,0.9419530702064259,2.5777382969856246,0.8793177934088086,0.0005220521553951585,12.967353916168213,1.0,0.9505778551101685,0.941351056098938,0.9824046492576599,0.010566775797633455,146.66609309897106,29.287334442138672,0.22354784607887268,0.7961138486862183,0.6979891955852509,0.550706684589386,-0.07849050010533531
AR-diff,P20,0,a chef tossing vegetables in a flaming wok while a second cook plates dishes beside him,multi,81,2.6427394237369297,0.09100743917515501,2.619850204139948,0.9913384532996948,5.35786564350128,0.3923949932319883,0.00021976387945414898,28.688076400756835,1.0,0.9526966214179993,0.9762288928031921,0.9535680413246155,0.034662116819527,393.64918848967596,95.40986633300781,0.28494346141815186,0.6946743726730347,0.7194160421689352,0.6113591194152832,0.8144977368382378
